experiment_id,kind,tag,scenario,feature_config,family,hp,fold,n_train,n_val,variant,macro_f1,balanced_accuracy,accuracy,log_loss,brier,ece_top,recall_short,recall_no_trade,recall_long,pred_freq_short,pred_freq_no_trade,pred_freq_long,temperature,duration_s,peak_rss_mb
exp-02b2763ceb23c1fd,model,,C0_spread_only,REGIME,logistic,C=0.01;class_weight=None,F1,103517,38392,uncalibrated,0.24302,0.338608,0.516227,1.016697,0.60846,0.018437,0.007076,0.990945,0.017804,0.005574,0.983095,0.01133,0.8586591296764382,17.67,940.4
exp-02b2763ceb23c1fd,model,,C0_spread_only,REGIME,logistic,C=0.01;class_weight=None,F1,103517,38392,calibrated,0.24302,0.338608,0.516227,1.021643,0.611962,0.050651,0.007076,0.990945,0.017804,0.005574,0.983095,0.01133,0.8586591296764382,17.67,940.4
exp-02b2763ceb23c1fd,model,,C0_spread_only,REGIME,logistic,C=0.01;class_weight=None,F2,141909,38024,uncalibrated,0.234876,0.337578,0.500789,1.032731,0.620033,0.049229,0.006117,0.993311,0.013306,0.003498,0.988244,0.008258,1.21185402700427,22.35,940.4
exp-02b2763ceb23c1fd,model,,C0_spread_only,REGIME,logistic,C=0.01;class_weight=None,F2,141909,38024,calibrated,0.234876,0.337578,0.500789,1.028103,0.616654,0.014217,0.006117,0.993311,0.013306,0.003498,0.988244,0.008258,1.21185402700427,22.35,940.4
exp-02b2763ceb23c1fd,model,,C0_spread_only,REGIME,logistic,C=0.01;class_weight=None,F3,179933,39063,uncalibrated,0.245738,0.337806,0.535443,1.001537,0.597548,0.009187,0.007989,0.993102,0.012326,0.005504,0.986867,0.007629,1.174704948876703,28.83,940.4
exp-02b2763ceb23c1fd,model,,C0_spread_only,REGIME,logistic,C=0.01;class_weight=None,F3,179933,39063,calibrated,0.245738,0.337806,0.535443,1.004228,0.599484,0.034894,0.007989,0.993102,0.012326,0.005504,0.986867,0.007629,1.174704948876703,28.83,940.4
exp-02b2763ceb23c1fd,model,,C0_spread_only,REGIME,logistic,C=0.01;class_weight=None,F4,218996,39063,uncalibrated,0.250039,0.339316,0.537926,0.998474,0.595412,0.016553,0.009618,0.991789,0.01654,0.006042,0.984128,0.00983,0.947738330379238,35.16,940.4
exp-02b2763ceb23c1fd,model,,C0_spread_only,REGIME,logistic,C=0.01;class_weight=None,F4,218996,39063,calibrated,0.250039,0.339316,0.537926,0.997934,0.595043,0.006947,0.009618,0.991789,0.01654,0.006042,0.984128,0.00983,0.947738330379238,35.16,940.4
exp-02b2763ceb23c1fd,model,,C0_spread_only,REGIME,logistic,C=0.01;class_weight=None,F5,258059,38741,uncalibrated,0.243134,0.3385,0.50835,1.022893,0.612947,0.008671,0.007803,0.986438,0.021258,0.005937,0.978963,0.0151,0.9194678018622077,37.13,940.4
exp-02b2763ceb23c1fd,model,,C0_spread_only,REGIME,logistic,C=0.01;class_weight=None,F5,258059,38741,calibrated,0.243134,0.3385,0.50835,1.023814,0.613593,0.020303,0.007803,0.986438,0.021258,0.005937,0.978963,0.0151,0.9194678018622077,37.13,940.4
exp-039f24c64fa830a9,ablation,ablate:spread,C2_pessimistic,CORE,lightgbm,n_estimators=400;num_leaves=31,F1,103517,38392,uncalibrated,0.359252,0.373854,0.440639,1.063227,0.640357,0.019422,0.282586,0.513652,0.325325,0.247708,0.475412,0.276881,0.8026548002778225,27.33,1080.6
exp-039f24c64fa830a9,ablation,ablate:spread,C2_pessimistic,CORE,lightgbm,n_estimators=400;num_leaves=31,F1,103517,38392,calibrated,0.359252,0.373854,0.440639,1.064781,0.640257,0.014082,0.282586,0.513652,0.325325,0.247708,0.475412,0.276881,0.8026548002778225,27.33,1080.6
exp-039f24c64fa830a9,ablation,ablate:spread,C2_pessimistic,CORE,lightgbm,n_estimators=400;num_leaves=31,F2,141909,38024,uncalibrated,0.366702,0.373472,0.471571,1.047019,0.628948,0.048995,0.246165,0.580737,0.293514,0.216626,0.539659,0.243714,1.0455261351445195,32.72,1080.6
exp-039f24c64fa830a9,ablation,ablate:spread,C2_pessimistic,CORE,lightgbm,n_estimators=400;num_leaves=31,F2,141909,38024,calibrated,0.366702,0.373472,0.471571,1.047935,0.629764,0.05282,0.246165,0.580737,0.293514,0.216626,0.539659,0.243714,1.0455261351445195,32.72,1080.6
exp-039f24c64fa830a9,ablation,ablate:spread,C2_pessimistic,CORE,lightgbm,n_estimators=400;num_leaves=31,F3,179933,39063,uncalibrated,0.3601,0.37126,0.48985,1.04145,0.625325,0.076314,0.266433,0.587972,0.259374,0.236976,0.551263,0.21176,0.7317456567435294,39.22,1080.6
exp-039f24c64fa830a9,ablation,ablate:spread,C2_pessimistic,CORE,lightgbm,n_estimators=400;num_leaves=31,F3,179933,39063,calibrated,0.3601,0.37126,0.48985,1.033332,0.618144,0.04749,0.266433,0.587972,0.259374,0.236976,0.551263,0.21176,0.7317456567435294,39.22,1080.6
exp-039f24c64fa830a9,ablation,ablate:spread,C2_pessimistic,CORE,lightgbm,n_estimators=400;num_leaves=31,F4,218996,39063,uncalibrated,0.361262,0.374364,0.472365,1.053384,0.633407,0.063408,0.294596,0.561016,0.267481,0.255715,0.521081,0.223204,0.5699594764325343,43.44,1080.6
exp-039f24c64fa830a9,ablation,ablate:spread,C2_pessimistic,CORE,lightgbm,n_estimators=400;num_leaves=31,F4,218996,39063,calibrated,0.361262,0.374364,0.472365,1.049723,0.626772,0.013756,0.294596,0.561016,0.267481,0.255715,0.521081,0.223204,0.5699594764325343,43.44,1080.6
exp-039f24c64fa830a9,ablation,ablate:spread,C2_pessimistic,CORE,lightgbm,n_estimators=400;num_leaves=31,F5,258059,38741,uncalibrated,0.358756,0.373608,0.439199,1.072876,0.64651,0.038217,0.288229,0.510999,0.321598,0.257247,0.470096,0.272657,0.686952865996626,51.46,1080.6
exp-039f24c64fa830a9,ablation,ablate:spread,C2_pessimistic,CORE,lightgbm,n_estimators=400;num_leaves=31,F5,258059,38741,calibrated,0.358756,0.373608,0.439199,1.074942,0.645124,0.013271,0.288229,0.510999,0.321598,0.257247,0.470096,0.272657,0.686952865996626,51.46,1080.6
exp-060501108fa89e8d,model,,C1_moderate,CONDITIONAL,logistic,C=1.0;class_weight=balanced,F1,103517,38392,uncalibrated,0.348217,0.371505,0.398234,1.091426,0.659723,0.021867,0.166212,0.45108,0.497224,0.148885,0.405605,0.445509,1.221809077683421,15.76,748.7
exp-060501108fa89e8d,model,,C1_moderate,CONDITIONAL,logistic,C=1.0;class_weight=balanced,F1,103517,38392,calibrated,0.348217,0.371505,0.398234,1.090649,0.659857,0.028975,0.166212,0.45108,0.497224,0.148885,0.405605,0.445509,1.221809077683421,15.76,748.7
exp-060501108fa89e8d,model,,C1_moderate,CONDITIONAL,logistic,C=1.0;class_weight=balanced,F2,141909,38024,uncalibrated,0.355937,0.369709,0.503656,1.048438,0.630976,0.104223,0.098555,0.773541,0.237032,0.078713,0.732511,0.188776,0.607557970056719,23.25,748.7
exp-060501108fa89e8d,model,,C1_moderate,CONDITIONAL,logistic,C=1.0;class_weight=balanced,F2,141909,38024,calibrated,0.355937,0.369709,0.503656,1.034976,0.619931,0.062316,0.098555,0.773541,0.237032,0.078713,0.732511,0.188776,0.607557970056719,23.25,748.7
exp-060501108fa89e8d,model,,C1_moderate,CONDITIONAL,logistic,C=1.0;class_weight=balanced,F3,179933,39063,uncalibrated,0.347467,0.366263,0.392008,1.093708,0.661214,0.022861,0.243585,0.432709,0.422495,0.226992,0.393109,0.379899,1.2138620329577674,28.76,748.7
exp-060501108fa89e8d,model,,C1_moderate,CONDITIONAL,logistic,C=1.0;class_weight=balanced,F3,179933,39063,calibrated,0.347467,0.366263,0.392008,1.092572,0.661043,0.026919,0.243585,0.432709,0.422495,0.226992,0.393109,0.379899,1.2138620329577674,28.76,748.7
exp-060501108fa89e8d,model,,C1_moderate,CONDITIONAL,logistic,C=1.0;class_weight=balanced,F4,218996,39063,uncalibrated,0.357064,0.371003,0.400584,1.092832,0.660406,0.02714,0.288321,0.447358,0.37733,0.261398,0.404808,0.333794,1.9866717072370677,33.43,823.3
exp-060501108fa89e8d,model,,C1_moderate,CONDITIONAL,logistic,C=1.0;class_weight=balanced,F4,218996,39063,calibrated,0.357064,0.371003,0.400584,1.091944,0.661417,0.045094,0.288321,0.447358,0.37733,0.261398,0.404808,0.333794,1.9866717072370677,33.43,823.3
exp-060501108fa89e8d,model,,C1_moderate,CONDITIONAL,logistic,C=1.0;class_weight=balanced,F5,258059,38741,uncalibrated,0.358108,0.36824,0.392014,1.095586,0.662296,0.022121,0.324538,0.438072,0.342108,0.29785,0.39493,0.30722,1.174486884466521,47.26,893.5
exp-060501108fa89e8d,model,,C1_moderate,CONDITIONAL,logistic,C=1.0;class_weight=balanced,F5,258059,38741,calibrated,0.358108,0.36824,0.392014,1.094233,0.661969,0.027069,0.324538,0.438072,0.342108,0.29785,0.39493,0.30722,1.174486884466521,47.26,893.5
exp-0a05ebf310bbd300,model,,C2_pessimistic,CORE,logistic,C=0.01;class_weight=balanced,F1,103517,38392,uncalibrated,0.364482,0.376651,0.452594,1.081453,0.651181,0.062719,0.309478,0.535087,0.285386,0.271958,0.490701,0.237341,0.7354772347185949,15.17,611.3
exp-0a05ebf310bbd300,model,,C2_pessimistic,CORE,logistic,C=0.01;class_weight=balanced,F1,103517,38392,calibrated,0.364482,0.376651,0.452594,1.083699,0.64952,0.043134,0.309478,0.535087,0.285386,0.271958,0.490701,0.237341,0.7354772347185949,15.17,611.3
exp-0a05ebf310bbd300,model,,C2_pessimistic,CORE,logistic,C=0.01;class_weight=balanced,F2,141909,38024,uncalibrated,0.374426,0.382638,0.474385,1.06977,0.643944,0.084401,0.280715,0.576401,0.290799,0.23856,0.52956,0.23188,1.3299124759221221,21.86,611.3
exp-0a05ebf310bbd300,model,,C2_pessimistic,CORE,logistic,C=0.01;class_weight=balanced,F2,141909,38024,calibrated,0.374426,0.382638,0.474385,1.073627,0.647848,0.09835,0.280715,0.576401,0.290799,0.23856,0.52956,0.23188,1.3299124759221221,21.86,611.3
exp-0a05ebf310bbd300,model,,C2_pessimistic,CORE,logistic,C=0.01;class_weight=balanced,F3,179933,39063,uncalibrated,0.360931,0.371006,0.495046,1.067037,0.642137,0.109107,0.250376,0.597763,0.264878,0.222564,0.561529,0.215908,0.7750947050929562,27.09,690.1
exp-0a05ebf310bbd300,model,,C2_pessimistic,CORE,logistic,C=0.01;class_weight=balanced,F3,179933,39063,calibrated,0.360931,0.371006,0.495046,1.063617,0.637951,0.094479,0.250376,0.597763,0.264878,0.222564,0.561529,0.215908,0.7750947050929562,27.09,690.1
exp-0a05ebf310bbd300,model,,C2_pessimistic,CORE,logistic,C=0.01;class_weight=balanced,F4,218996,39063,uncalibrated,0.368303,0.381865,0.479891,1.073321,0.645985,0.092405,0.286621,0.568507,0.290468,0.243043,0.526918,0.230039,0.5831427548082433,28.59,786.6
exp-0a05ebf310bbd300,model,,C2_pessimistic,CORE,logistic,C=0.01;class_weight=balanced,F4,218996,39063,calibrated,0.368303,0.381865,0.479891,1.074472,0.640398,0.056122,0.286621,0.568507,0.290468,0.243043,0.526918,0.230039,0.5831427548082433,28.59,786.6
exp-0a05ebf310bbd300,model,,C2_pessimistic,CORE,logistic,C=0.01;class_weight=balanced,F5,258059,38741,uncalibrated,0.356061,0.373264,0.432049,1.092637,0.658544,0.049156,0.276255,0.496835,0.346701,0.254588,0.455125,0.290287,0.8199937987817165,38.98,814.1
exp-0a05ebf310bbd300,model,,C2_pessimistic,CORE,logistic,C=0.01;class_weight=balanced,F5,258059,38741,calibrated,0.356061,0.373264,0.432049,1.095674,0.658683,0.038625,0.276255,0.496835,0.346701,0.254588,0.455125,0.290287,0.8199937987817165,38.98,814.1
exp-0ac937cfef0e7cc5,baseline,,C0_spread_only,-,mean_reversion,,F1,103517,38392,uncalibrated,0.218625,0.332784,0.242707,,,,0.493611,0.002175,0.502567,0.493592,0.001901,0.504506,,0.0,497.0
exp-0ac937cfef0e7cc5,baseline,,C0_spread_only,-,mean_reversion,,F1,103517,38392,calibrated,0.218625,0.332784,0.242707,,,,0.493611,0.002175,0.502567,0.493592,0.001901,0.504506,,0.0,497.0
exp-0ac937cfef0e7cc5,baseline,,C0_spread_only,-,mean_reversion,,F2,141909,38024,uncalibrated,0.223746,0.333807,0.251105,,,,0.495905,0.001686,0.503832,0.491532,0.001762,0.506706,,0.0,497.0
exp-0ac937cfef0e7cc5,baseline,,C0_spread_only,-,mean_reversion,,F2,141909,38024,calibrated,0.223746,0.333807,0.251105,,,,0.495905,0.001686,0.503832,0.491532,0.001762,0.506706,,0.0,497.0
exp-0ac937cfef0e7cc5,baseline,,C0_spread_only,-,mean_reversion,,F3,179933,39063,uncalibrated,0.216799,0.339176,0.237514,,,,0.505128,0.002203,0.510197,0.494944,0.002227,0.502829,,0.0,497.0
exp-0ac937cfef0e7cc5,baseline,,C0_spread_only,-,mean_reversion,,F3,179933,39063,calibrated,0.216799,0.339176,0.237514,,,,0.505128,0.002203,0.510197,0.494944,0.002227,0.502829,,0.0,497.0
exp-0ac937cfef0e7cc5,baseline,,C0_spread_only,-,mean_reversion,,F4,218996,39063,uncalibrated,0.211487,0.331324,0.231293,,,,0.506743,0.002721,0.484508,0.502112,0.002355,0.495533,,0.0,497.0
exp-0ac937cfef0e7cc5,baseline,,C0_spread_only,-,mean_reversion,,F4,218996,39063,calibrated,0.211487,0.331324,0.231293,,,,0.506743,0.002721,0.484508,0.502112,0.002355,0.495533,,0.0,497.0
exp-0ac937cfef0e7cc5,baseline,,C0_spread_only,-,mean_reversion,,F5,258059,38741,uncalibrated,0.217635,0.328309,0.242714,,,,0.489014,0.002032,0.49388,0.496141,0.002013,0.501846,,0.0,497.0
exp-0ac937cfef0e7cc5,baseline,,C0_spread_only,-,mean_reversion,,F5,258059,38741,calibrated,0.217635,0.328309,0.242714,,,,0.489014,0.002032,0.49388,0.496141,0.002013,0.501846,,0.0,497.0
exp-1286098146e7055d,ablation,ablate:session,C1_moderate,CORE,lightgbm,n_estimators=400;num_leaves=31,F1,103517,38392,uncalibrated,0.355012,0.362496,0.401255,1.080996,0.653765,0.012305,0.268405,0.473,0.346083,0.250156,0.43608,0.313763,1.0633099015489846,29.33,1113.3
exp-1286098146e7055d,ablation,ablate:session,C1_moderate,CORE,lightgbm,n_estimators=400;num_leaves=31,F1,103517,38392,calibrated,0.355012,0.362496,0.401255,1.080497,0.653524,0.010371,0.268405,0.473,0.346083,0.250156,0.43608,0.313763,1.0633099015489846,29.33,1113.3
exp-1286098146e7055d,ablation,ablate:session,C1_moderate,CORE,lightgbm,n_estimators=400;num_leaves=31,F2,141909,38024,uncalibrated,0.362786,0.365199,0.4327,1.066252,0.643552,0.023683,0.210974,0.56906,0.315562,0.190038,0.526089,0.283873,1.1077819771552628,36.28,1113.3
exp-1286098146e7055d,ablation,ablate:session,C1_moderate,CORE,lightgbm,n_estimators=400;num_leaves=31,F2,141909,38024,calibrated,0.362786,0.365199,0.4327,1.067074,0.644274,0.030008,0.210974,0.56906,0.315562,0.190038,0.526089,0.283873,1.1077819771552628,36.28,1113.3
exp-1286098146e7055d,ablation,ablate:session,C1_moderate,CORE,lightgbm,n_estimators=400;num_leaves=31,F3,179933,39063,uncalibrated,0.362831,0.366476,0.438164,1.064821,0.642684,0.037223,0.270872,0.547496,0.28106,0.248163,0.508512,0.243325,1.0079397134731587,40.95,1113.3
exp-1286098146e7055d,ablation,ablate:session,C1_moderate,CORE,lightgbm,n_estimators=400;num_leaves=31,F3,179933,39063,calibrated,0.362831,0.366476,0.438164,1.064909,0.642757,0.037702,0.270872,0.547496,0.28106,0.248163,0.508512,0.243325,1.0079397134731587,40.95,1113.3
exp-1286098146e7055d,ablation,ablate:session,C1_moderate,CORE,lightgbm,n_estimators=400;num_leaves=31,F4,218996,39063,uncalibrated,0.35835,0.362953,0.423751,1.071449,0.647328,0.026108,0.281651,0.52048,0.286726,0.262627,0.480608,0.256765,0.746962940325272,46.74,1113.3
exp-1286098146e7055d,ablation,ablate:session,C1_moderate,CORE,lightgbm,n_estimators=400;num_leaves=31,F4,218996,39063,calibrated,0.35835,0.362953,0.423751,1.071848,0.646834,0.011874,0.281651,0.52048,0.286726,0.262627,0.480608,0.256765,0.746962940325272,46.74,1113.3
exp-1286098146e7055d,ablation,ablate:session,C1_moderate,CORE,lightgbm,n_estimators=400;num_leaves=31,F5,258059,38741,uncalibrated,0.357957,0.364151,0.400609,1.08226,0.654366,0.013362,0.317311,0.470588,0.304553,0.293694,0.431016,0.27529,0.8980675318983453,55.65,1124.1
exp-1286098146e7055d,ablation,ablate:session,C1_moderate,CORE,lightgbm,n_estimators=400;num_leaves=31,F5,258059,38741,calibrated,0.357957,0.364151,0.400609,1.083004,0.654588,0.011678,0.317311,0.470588,0.304553,0.293694,0.431016,0.27529,0.8980675318983453,55.65,1124.1
exp-1340f598e0944219,model,,C0_spread_only,CORE,logistic,C=0.01;class_weight=None,F1,103517,38392,uncalibrated,0.243414,0.338853,0.516462,1.016829,0.608577,0.016977,0.007498,0.991147,0.017914,0.005782,0.983121,0.011096,0.8588586511149763,17.2,610.8
exp-1340f598e0944219,model,,C0_spread_only,CORE,logistic,C=0.01;class_weight=None,F1,103517,38392,calibrated,0.243414,0.338853,0.516462,1.021721,0.612013,0.049225,0.007498,0.991147,0.017914,0.005782,0.983121,0.011096,0.8588586511149763,17.2,610.8
exp-1340f598e0944219,model,,C0_spread_only,CORE,logistic,C=0.01;class_weight=None,F2,141909,38024,uncalibrated,0.235359,0.337876,0.501078,1.03203,0.619535,0.044493,0.006428,0.993574,0.013626,0.003603,0.988139,0.008258,1.193188920364286,23.13,610.8
exp-1340f598e0944219,model,,C0_spread_only,CORE,logistic,C=0.01;class_weight=None,F2,141909,38024,calibrated,0.235359,0.337876,0.501078,1.028241,0.61676,0.013791,0.006428,0.993574,0.013626,0.003603,0.988139,0.008258,1.193188920364286,23.13,610.8
exp-1340f598e0944219,model,,C0_spread_only,CORE,logistic,C=0.01;class_weight=None,F3,179933,39063,uncalibrated,0.245341,0.337551,0.535187,1.001447,0.597473,0.009881,0.007017,0.992863,0.012775,0.005146,0.986791,0.008064,1.1648734234295364,26.28,704.4
exp-1340f598e0944219,model,,C0_spread_only,CORE,logistic,C=0.01;class_weight=None,F3,179933,39063,calibrated,0.245341,0.337551,0.535187,1.004084,0.599371,0.034442,0.007017,0.992863,0.012775,0.005146,0.986791,0.008064,1.1648734234295364,26.28,704.4
exp-1340f598e0944219,model,,C0_spread_only,CORE,logistic,C=0.01;class_weight=None,F4,218996,39063,uncalibrated,0.250168,0.339326,0.537875,0.998373,0.595354,0.016063,0.009949,0.991598,0.01643,0.006298,0.983898,0.009805,0.9488078736054668,34.43,704.4
exp-1340f598e0944219,model,,C0_spread_only,CORE,logistic,C=0.01;class_weight=None,F4,218996,39063,calibrated,0.250168,0.339326,0.537875,0.997859,0.595005,0.007418,0.009949,0.991598,0.01643,0.006298,0.983898,0.009805,0.9488078736054668,34.43,704.4
exp-1340f598e0944219,model,,C0_spread_only,CORE,logistic,C=0.01;class_weight=None,F5,258059,38741,uncalibrated,0.243762,0.338946,0.508815,1.022912,0.612945,0.009397,0.008419,0.986946,0.021473,0.005911,0.979195,0.014894,0.9175697549308726,41.07,857.7
exp-1340f598e0944219,model,,C0_spread_only,CORE,logistic,C=0.01;class_weight=None,F5,258059,38741,calibrated,0.243762,0.338946,0.508815,1.023791,0.613564,0.020623,0.008419,0.986946,0.021473,0.005911,0.979195,0.014894,0.9175697549308726,41.07,857.7
exp-15293abcdbaaa3ce,model,,C0_spread_only,REGIME,lightgbm,n_estimators=150;num_leaves=15,F1,103517,38392,uncalibrated,0.365427,0.370094,0.392972,1.085097,0.656612,0.011505,0.298342,0.454978,0.356963,0.273703,0.408002,0.318295,1.2873201953805982,23.74,940.4
exp-15293abcdbaaa3ce,model,,C0_spread_only,REGIME,lightgbm,n_estimators=150;num_leaves=15,F1,103517,38392,calibrated,0.365427,0.370094,0.392972,1.085513,0.657134,0.020861,0.298342,0.454978,0.356963,0.273703,0.408002,0.318295,1.2873201953805982,23.74,940.4
exp-15293abcdbaaa3ce,model,,C0_spread_only,REGIME,lightgbm,n_estimators=150;num_leaves=15,F2,141909,38024,uncalibrated,0.370508,0.37222,0.417315,1.076915,0.651221,0.037017,0.230897,0.554701,0.331062,0.206606,0.503629,0.289764,0.8279644498886006,31.74,940.4
exp-15293abcdbaaa3ce,model,,C0_spread_only,REGIME,lightgbm,n_estimators=150;num_leaves=15,F2,141909,38024,calibrated,0.370508,0.37222,0.417315,1.075923,0.650315,0.028297,0.230897,0.554701,0.331062,0.206606,0.503629,0.289764,0.8279644498886006,31.74,940.4
exp-15293abcdbaaa3ce,model,,C0_spread_only,REGIME,lightgbm,n_estimators=150;num_leaves=15,F3,179933,39063,uncalibrated,0.362791,0.367245,0.397563,1.082134,0.654809,0.024941,0.315233,0.46781,0.318691,0.291324,0.419886,0.28879,0.8870216431926615,39.56,940.4
exp-15293abcdbaaa3ce,model,,C0_spread_only,REGIME,lightgbm,n_estimators=150;num_leaves=15,F3,179933,39063,calibrated,0.362791,0.367245,0.397563,1.081941,0.654552,0.020788,0.315233,0.46781,0.318691,0.291324,0.419886,0.28879,0.8870216431926615,39.56,940.4
exp-15293abcdbaaa3ce,model,,C0_spread_only,REGIME,lightgbm,n_estimators=150;num_leaves=15,F4,218996,39063,uncalibrated,0.367377,0.372647,0.401582,1.081865,0.654666,0.02817,0.338271,0.46773,0.311942,0.303382,0.417607,0.279011,0.8903438754492207,47.59,940.4
exp-15293abcdbaaa3ce,model,,C0_spread_only,REGIME,lightgbm,n_estimators=150;num_leaves=15,F4,218996,39063,calibrated,0.367377,0.372647,0.401582,1.081711,0.654455,0.024225,0.338271,0.46773,0.311942,0.303382,0.417607,0.279011,0.8903438754492207,47.59,940.4
exp-15293abcdbaaa3ce,model,,C0_spread_only,REGIME,lightgbm,n_estimators=150;num_leaves=15,F5,258059,38741,uncalibrated,0.357694,0.36512,0.374719,1.090228,0.6602,0.016179,0.351437,0.401534,0.342388,0.327818,0.357425,0.314757,0.9470165104031736,53.45,943.5
exp-15293abcdbaaa3ce,model,,C0_spread_only,REGIME,lightgbm,n_estimators=150;num_leaves=15,F5,258059,38741,calibrated,0.357694,0.36512,0.374719,1.090549,0.660344,0.016373,0.351437,0.401534,0.342388,0.327818,0.357425,0.314757,0.9470165104031736,53.45,943.5
exp-1bac5e25d39bc269,model,,C2_pessimistic,CONDITIONAL,logistic,C=1.0;class_weight=None,F1,103517,38392,uncalibrated,0.275305,0.337979,0.652766,0.872808,0.504646,0.009495,0.002645,0.995529,0.015761,0.001407,0.991066,0.007528,0.8750739783324254,15.98,814.1
exp-1bac5e25d39bc269,model,,C2_pessimistic,CONDITIONAL,logistic,C=1.0;class_weight=None,F1,103517,38392,calibrated,0.275305,0.337979,0.652766,0.875915,0.506491,0.033695,0.002645,0.995529,0.015761,0.001407,0.991066,0.007528,0.8750739783324254,15.98,814.1
exp-1bac5e25d39bc269,model,,C2_pessimistic,CONDITIONAL,logistic,C=1.0;class_weight=None,F2,141909,38024,uncalibrated,0.267738,0.335509,0.649563,0.884763,0.512612,0.055177,0.001489,0.998703,0.006335,0.0005,0.996581,0.002919,1.1637090868636508,22.41,814.1
exp-1bac5e25d39bc269,model,,C2_pessimistic,CONDITIONAL,logistic,C=1.0;class_weight=None,F2,141909,38024,calibrated,0.267738,0.335509,0.649563,0.877669,0.508153,0.01141,0.001489,0.998703,0.006335,0.0005,0.996581,0.002919,1.1637090868636508,22.41,814.1
exp-1bac5e25d39bc269,model,,C2_pessimistic,CONDITIONAL,logistic,C=1.0;class_weight=None,F3,179933,39063,uncalibrated,0.279388,0.335231,0.697668,0.81159,0.460777,0.033104,0.001505,0.997653,0.006536,0.000794,0.995622,0.003584,1.0325261085998183,31.0,833.8
exp-1bac5e25d39bc269,model,,C2_pessimistic,CONDITIONAL,logistic,C=1.0;class_weight=None,F3,179933,39063,calibrated,0.279388,0.335231,0.697668,0.813236,0.461857,0.04247,0.001505,0.997653,0.006536,0.000794,0.995622,0.003584,1.0325261085998183,31.0,833.8
exp-1bac5e25d39bc269,model,,C2_pessimistic,CONDITIONAL,logistic,C=1.0;class_weight=None,F4,218996,39063,uncalibrated,0.278824,0.336553,0.683562,0.83057,0.474668,0.027289,0.001302,0.997266,0.011091,0.000947,0.994752,0.004301,0.882182914688079,35.43,942.4
exp-1bac5e25d39bc269,model,,C2_pessimistic,CONDITIONAL,logistic,C=1.0;class_weight=None,F4,218996,39063,calibrated,0.278824,0.336553,0.683562,0.829296,0.47378,0.013936,0.001302,0.997266,0.011091,0.000947,0.994752,0.004301,0.882182914688079,35.43,942.4
exp-1bac5e25d39bc269,model,,C2_pessimistic,CONDITIONAL,logistic,C=1.0;class_weight=None,F5,258059,38741,uncalibrated,0.272043,0.33631,0.651764,0.873443,0.505303,0.007165,0.004183,0.995411,0.009337,0.002246,0.992153,0.005601,0.9209576638816066,39.92,969.1
exp-1bac5e25d39bc269,model,,C2_pessimistic,CONDITIONAL,logistic,C=1.0;class_weight=None,F5,258059,38741,calibrated,0.272043,0.33631,0.651764,0.874975,0.506258,0.025202,0.004183,0.995411,0.009337,0.002246,0.992153,0.005601,0.9209576638816066,39.92,969.1
exp-1ef9a6d16f029cab,model,,C0_spread_only,REGIME,logistic,C=0.1;class_weight=balanced,F1,103517,38392,uncalibrated,0.371685,0.372616,0.413472,1.081748,0.653874,0.03524,0.287887,0.522916,0.307045,0.257345,0.472625,0.27003,0.9749524532239816,10.85,940.4
exp-1ef9a6d16f029cab,model,,C0_spread_only,REGIME,logistic,C=0.1;class_weight=balanced,F1,103517,38392,calibrated,0.371685,0.372616,0.413472,1.081658,0.653752,0.034107,0.287887,0.522916,0.307045,0.257345,0.472625,0.27003,0.9749524532239816,10.85,940.4
exp-1ef9a6d16f029cab,model,,C0_spread_only,REGIME,logistic,C=0.1;class_weight=balanced,F2,141909,38024,uncalibrated,0.37404,0.374405,0.423811,1.076482,0.650547,0.041878,0.255158,0.5734,0.294656,0.225647,0.517226,0.257127,0.8911848422070772,23.99,940.4
exp-1ef9a6d16f029cab,model,,C0_spread_only,REGIME,logistic,C=0.1;class_weight=balanced,F2,141909,38024,calibrated,0.37404,0.374405,0.423811,1.075753,0.649834,0.036498,0.255158,0.5734,0.294656,0.225647,0.517226,0.257127,0.8911848422070772,23.99,940.4
exp-1ef9a6d16f029cab,model,,C0_spread_only,REGIME,logistic,C=0.1;class_weight=balanced,F3,179933,39063,uncalibrated,0.362345,0.368254,0.393877,1.087297,0.657727,0.024149,0.307244,0.453727,0.343792,0.285846,0.406856,0.307298,0.9879276173201638,27.39,940.4
exp-1ef9a6d16f029cab,model,,C0_spread_only,REGIME,logistic,C=0.1;class_weight=balanced,F3,179933,39063,calibrated,0.362345,0.368254,0.393877,1.087311,0.657713,0.024021,0.307244,0.453727,0.343792,0.285846,0.406856,0.307298,0.9879276173201638,27.39,940.4
exp-1ef9a6d16f029cab,model,,C0_spread_only,REGIME,logistic,C=0.1;class_weight=balanced,F4,218996,39063,uncalibrated,0.367131,0.372627,0.400712,1.086425,0.656991,0.026144,0.312735,0.464865,0.34028,0.281315,0.414177,0.304508,0.9886233854505959,33.14,940.4
exp-1ef9a6d16f029cab,model,,C0_spread_only,REGIME,logistic,C=0.1;class_weight=balanced,F4,218996,39063,calibrated,0.367131,0.372627,0.400712,1.086432,0.656971,0.025765,0.312735,0.464865,0.34028,0.281315,0.414177,0.304508,0.9886233854505959,33.14,940.4
exp-1ef9a6d16f029cab,model,,C0_spread_only,REGIME,logistic,C=0.1;class_weight=balanced,F5,258059,38741,uncalibrated,0.356135,0.36647,0.370434,1.096987,0.663792,0.014956,0.320945,0.383146,0.395319,0.30007,0.337678,0.362252,1.1191487569586593,40.23,943.5
exp-1ef9a6d16f029cab,model,,C0_spread_only,REGIME,logistic,C=0.1;class_weight=balanced,F5,258059,38741,calibrated,0.356135,0.36647,0.370434,1.095855,0.663345,0.015262,0.320945,0.383146,0.395319,0.30007,0.337678,0.362252,1.1191487569586593,40.23,943.5
exp-1fd0433eb7096a38,model,,C1_moderate,CONDITIONAL,lightgbm,n_estimators=150;num_leaves=15,F1,103517,38392,uncalibrated,0.351643,0.37235,0.397791,1.088005,0.658059,0.012292,0.187789,0.447831,0.481431,0.165373,0.402896,0.431731,1.1446803367729546,24.99,748.7
exp-1fd0433eb7096a38,model,,C1_moderate,CONDITIONAL,lightgbm,n_estimators=150;num_leaves=15,F1,103517,38392,calibrated,0.351643,0.37235,0.397791,1.087555,0.658028,0.017779,0.187789,0.447831,0.481431,0.165373,0.402896,0.431731,1.1446803367729546,24.99,748.7
exp-1fd0433eb7096a38,model,,C1_moderate,CONDITIONAL,lightgbm,n_estimators=150;num_leaves=15,F2,141909,38024,uncalibrated,0.350011,0.377102,0.417368,1.077923,0.65163,0.031786,0.114166,0.502131,0.51501,0.096413,0.451268,0.45232,1.0683566363306984,33.11,748.7
exp-1fd0433eb7096a38,model,,C1_moderate,CONDITIONAL,lightgbm,n_estimators=150;num_leaves=15,F2,141909,38024,calibrated,0.350011,0.377102,0.417368,1.078273,0.651955,0.03503,0.114166,0.502131,0.51501,0.096413,0.451268,0.45232,1.0683566363306984,33.11,748.7
exp-1fd0433eb7096a38,model,,C1_moderate,CONDITIONAL,lightgbm,n_estimators=150;num_leaves=15,F3,179933,39063,uncalibrated,0.322466,0.362769,0.336687,1.105241,0.669593,0.050571,0.327951,0.298042,0.462314,0.315158,0.262217,0.422625,1.8584478504201127,39.25,748.7
exp-1fd0433eb7096a38,model,,C1_moderate,CONDITIONAL,lightgbm,n_estimators=150;num_leaves=15,F3,179933,39063,calibrated,0.322466,0.362769,0.336687,1.098204,0.665693,0.040898,0.327951,0.298042,0.462314,0.315158,0.262217,0.422625,1.8584478504201127,39.25,748.7
exp-1fd0433eb7096a38,model,,C1_moderate,CONDITIONAL,lightgbm,n_estimators=150;num_leaves=15,F4,218996,39063,uncalibrated,0.358052,0.367452,0.409416,1.083166,0.654915,0.032447,0.331488,0.476312,0.294556,0.303228,0.433454,0.263318,2.3400306935652733,49.33,823.3
exp-1fd0433eb7096a38,model,,C1_moderate,CONDITIONAL,lightgbm,n_estimators=150;num_leaves=15,F4,218996,39063,calibrated,0.358052,0.367452,0.409416,1.087845,0.658887,0.056961,0.331488,0.476312,0.294556,0.303228,0.433454,0.263318,2.3400306935652733,49.33,823.3
exp-1fd0433eb7096a38,model,,C1_moderate,CONDITIONAL,lightgbm,n_estimators=150;num_leaves=15,F5,258059,38741,uncalibrated,0.362455,0.367411,0.409592,1.081703,0.654072,0.032095,0.309166,0.490687,0.302379,0.283008,0.445394,0.271599,0.9386714367661007,55.62,893.5
exp-1fd0433eb7096a38,model,,C1_moderate,CONDITIONAL,lightgbm,n_estimators=150;num_leaves=15,F5,258059,38741,calibrated,0.362455,0.367411,0.409592,1.081612,0.653887,0.029844,0.309166,0.490687,0.302379,0.283008,0.445394,0.271599,0.9386714367661007,55.62,893.5
exp-20ee4826812e725b,control,control:spread_only,C1_moderate,CORE,lightgbm,n_estimators=400;num_leaves=31,F1,103517,38392,uncalibrated,0.333019,0.346101,0.365337,1.09296,0.662511,0.033547,0.2639,0.401794,0.37261,0.25784,0.383257,0.358903,1.6882844561188606,8.35,766.7
exp-20ee4826812e725b,control,control:spread_only,C1_moderate,CORE,lightgbm,n_estimators=400;num_leaves=31,F1,103517,38392,calibrated,0.333019,0.346101,0.365337,1.090447,0.660861,0.012749,0.2639,0.401794,0.37261,0.25784,0.383257,0.358903,1.6882844561188606,8.35,766.7
exp-20ee4826812e725b,control,control:spread_only,C1_moderate,CORE,lightgbm,n_estimators=400;num_leaves=31,F2,141909,38024,uncalibrated,0.345978,0.351153,0.392042,1.081101,0.654726,0.010729,0.242661,0.474943,0.335855,0.234036,0.451557,0.314407,1.307751710444232,9.83,766.7
exp-20ee4826812e725b,control,control:spread_only,C1_moderate,CORE,lightgbm,n_estimators=400;num_leaves=31,F2,141909,38024,calibrated,0.345978,0.351153,0.392042,1.082383,0.65548,0.017804,0.242661,0.474943,0.335855,0.234036,0.451557,0.314407,1.307751710444232,9.83,766.7
exp-20ee4826812e725b,control,control:spread_only,C1_moderate,CORE,lightgbm,n_estimators=400;num_leaves=31,F3,179933,39063,uncalibrated,0.312084,0.343151,0.329954,1.10426,0.669947,0.053787,0.318813,0.31051,0.400129,0.314774,0.294934,0.390293,3.242673422050248,10.51,766.7
exp-20ee4826812e725b,control,control:spread_only,C1_moderate,CORE,lightgbm,n_estimators=400;num_leaves=31,F3,179933,39063,calibrated,0.312084,0.343151,0.329954,1.096999,0.665361,0.021507,0.318813,0.31051,0.400129,0.314774,0.294934,0.390293,3.242673422050248,10.51,766.7
exp-20ee4826812e725b,control,control:spread_only,C1_moderate,CORE,lightgbm,n_estimators=400;num_leaves=31,F4,218996,39063,uncalibrated,0.336123,0.348698,0.375957,1.087316,0.658355,0.015339,0.323811,0.419401,0.302883,0.314569,0.402248,0.283184,5.3042558310315835,12.53,766.7
exp-20ee4826812e725b,control,control:spread_only,C1_moderate,CORE,lightgbm,n_estimators=400;num_leaves=31,F4,218996,39063,calibrated,0.336123,0.348698,0.375957,1.093973,0.663444,0.034059,0.323811,0.419401,0.302883,0.314569,0.402248,0.283184,5.3042558310315835,12.53,766.7
exp-20ee4826812e725b,control,control:spread_only,C1_moderate,CORE,lightgbm,n_estimators=400;num_leaves=31,F5,258059,38741,uncalibrated,0.349611,0.354823,0.395163,1.080638,0.654012,0.018289,0.329356,0.471738,0.263374,0.313286,0.447226,0.239488,1.0731932065583587,13.42,766.7
exp-20ee4826812e725b,control,control:spread_only,C1_moderate,CORE,lightgbm,n_estimators=400;num_leaves=31,F5,258059,38741,calibrated,0.349611,0.354823,0.395163,1.080961,0.654242,0.019995,0.329356,0.471738,0.263374,0.313286,0.447226,0.239488,1.0731932065583587,13.42,766.7
exp-253477c78a3f5d32,model,,C0_spread_only,CORE,lightgbm,n_estimators=400;num_leaves=15,F1,103517,38392,uncalibrated,0.362565,0.367813,0.388128,1.085975,0.657166,0.011838,0.302249,0.443242,0.357946,0.277454,0.398,0.324547,1.485369115348807,57.26,610.8
exp-253477c78a3f5d32,model,,C0_spread_only,CORE,lightgbm,n_estimators=400;num_leaves=15,F1,103517,38392,calibrated,0.362565,0.367813,0.388128,1.085435,0.657178,0.015078,0.302249,0.443242,0.357946,0.277454,0.398,0.324547,1.485369115348807,57.26,610.8
exp-253477c78a3f5d32,model,,C0_spread_only,CORE,lightgbm,n_estimators=400;num_leaves=15,F2,141909,38024,uncalibrated,0.369556,0.371669,0.415001,1.075288,0.650032,0.018954,0.227994,0.547221,0.339791,0.203003,0.496844,0.300153,1.007074807739581,73.01,610.8
exp-253477c78a3f5d32,model,,C0_spread_only,CORE,lightgbm,n_estimators=400;num_leaves=15,F2,141909,38024,calibrated,0.369556,0.371669,0.415001,1.075314,0.650058,0.019386,0.227994,0.547221,0.339791,0.203003,0.496844,0.300153,1.007074807739581,73.01,610.8
exp-253477c78a3f5d32,model,,C0_spread_only,CORE,lightgbm,n_estimators=400;num_leaves=15,F3,179933,39063,uncalibrated,0.366106,0.370946,0.400379,1.080777,0.653769,0.017944,0.313613,0.468768,0.330457,0.289353,0.417531,0.293116,1.0202130818568051,87.9,704.4
exp-253477c78a3f5d32,model,,C0_spread_only,CORE,lightgbm,n_estimators=400;num_leaves=15,F3,179933,39063,calibrated,0.366106,0.370946,0.400379,1.080788,0.653799,0.018772,0.313613,0.468768,0.330457,0.289353,0.417531,0.293116,1.0202130818568051,87.9,704.4
exp-253477c78a3f5d32,model,,C0_spread_only,CORE,lightgbm,n_estimators=400;num_leaves=15,F4,218996,39063,uncalibrated,0.363811,0.369301,0.396744,1.081294,0.654183,0.01748,0.331417,0.459471,0.317014,0.301667,0.410824,0.28751,1.0381228483561955,105.39,704.4
exp-253477c78a3f5d32,model,,C0_spread_only,CORE,lightgbm,n_estimators=400;num_leaves=15,F4,218996,39063,calibrated,0.363811,0.369301,0.396744,1.081285,0.654214,0.018893,0.331417,0.459471,0.317014,0.301667,0.410824,0.28751,1.0381228483561955,105.39,704.4
exp-253477c78a3f5d32,model,,C0_spread_only,CORE,lightgbm,n_estimators=400;num_leaves=15,F5,258059,38741,uncalibrated,0.360601,0.36802,0.377894,1.089634,0.659577,0.016347,0.354723,0.405445,0.343891,0.326657,0.359309,0.314034,1.052806253526254,118.33,920.1
exp-253477c78a3f5d32,model,,C0_spread_only,CORE,lightgbm,n_estimators=400;num_leaves=15,F5,258059,38741,calibrated,0.360601,0.36802,0.377894,1.089246,0.659399,0.016251,0.354723,0.405445,0.343891,0.326657,0.359309,0.314034,1.052806253526254,118.33,920.1
exp-2aa9c6f7716796d0,model,,C1_moderate,CORE,lightgbm,n_estimators=150;num_leaves=15,F1,103517,38392,uncalibrated,0.36377,0.371856,0.41032,1.08383,0.655366,0.024994,0.274926,0.481604,0.359038,0.247395,0.4372,0.315404,0.9697713521560481,22.37,609.8
exp-2aa9c6f7716796d0,model,,C1_moderate,CORE,lightgbm,n_estimators=150;num_leaves=15,F1,103517,38392,calibrated,0.36377,0.371856,0.41032,1.083848,0.655313,0.023407,0.274926,0.481604,0.359038,0.247395,0.4372,0.315404,0.9697713521560481,22.37,609.8
exp-2aa9c6f7716796d0,model,,C1_moderate,CORE,lightgbm,n_estimators=150;num_leaves=15,F2,141909,38024,uncalibrated,0.370309,0.372605,0.442089,1.071512,0.647142,0.056932,0.215634,0.582418,0.319765,0.187461,0.535293,0.277246,0.8628475331034321,30.66,655.7
exp-2aa9c6f7716796d0,model,,C1_moderate,CORE,lightgbm,n_estimators=150;num_leaves=15,F2,141909,38024,calibrated,0.370309,0.372605,0.442089,1.069969,0.645802,0.049153,0.215634,0.582418,0.319765,0.187461,0.535293,0.277246,0.8628475331034321,30.66,655.7
exp-2aa9c6f7716796d0,model,,C1_moderate,CORE,lightgbm,n_estimators=150;num_leaves=15,F3,179933,39063,uncalibrated,0.363081,0.3669,0.437652,1.073687,0.648655,0.056768,0.269245,0.54561,0.285844,0.252182,0.503443,0.244374,0.7536415406606602,36.74,748.7
exp-2aa9c6f7716796d0,model,,C1_moderate,CORE,lightgbm,n_estimators=150;num_leaves=15,F3,179933,39063,calibrated,0.363081,0.3669,0.437652,1.071472,0.646436,0.042605,0.269245,0.54561,0.285844,0.252182,0.503443,0.244374,0.7536415406606602,36.74,748.7
exp-2aa9c6f7716796d0,model,,C1_moderate,CORE,lightgbm,n_estimators=150;num_leaves=15,F4,218996,39063,uncalibrated,0.367544,0.372674,0.433607,1.076907,0.650962,0.053128,0.308583,0.530666,0.278772,0.27384,0.484269,0.241891,0.6765810743290755,44.26,748.7
exp-2aa9c6f7716796d0,model,,C1_moderate,CORE,lightgbm,n_estimators=150;num_leaves=15,F4,218996,39063,calibrated,0.367544,0.372674,0.433607,1.07621,0.649339,0.032398,0.308583,0.530666,0.278772,0.27384,0.484269,0.241891,0.6765810743290755,44.26,748.7
exp-2aa9c6f7716796d0,model,,C1_moderate,CORE,lightgbm,n_estimators=150;num_leaves=15,F5,258059,38741,uncalibrated,0.35959,0.366788,0.399938,1.086069,0.657089,0.025549,0.31754,0.463781,0.319044,0.292326,0.420717,0.286957,0.8153343536130637,54.83,748.7
exp-2aa9c6f7716796d0,model,,C1_moderate,CORE,lightgbm,n_estimators=150;num_leaves=15,F5,258059,38741,calibrated,0.35959,0.366788,0.399938,1.086981,0.657216,0.019193,0.31754,0.463781,0.319044,0.292326,0.420717,0.286957,0.8153343536130637,54.83,748.7
exp-2e018aab34519f94,model,,C1_moderate,REGIME,logistic,C=0.01;class_weight=None,F1,103517,38392,uncalibrated,0.256145,0.338383,0.570119,0.969569,0.574402,0.010455,0.005809,0.993548,0.015793,0.003829,0.987133,0.009038,0.8753358329915486,14.86,893.5
exp-2e018aab34519f94,model,,C1_moderate,REGIME,logistic,C=0.01;class_weight=None,F1,103517,38392,calibrated,0.256145,0.338383,0.570119,0.97335,0.577003,0.040839,0.005809,0.993548,0.015793,0.003829,0.987133,0.009038,0.8753358329915486,14.86,893.5
exp-2e018aab34519f94,model,,C1_moderate,REGIME,logistic,C=0.01;class_weight=None,F2,141909,38024,uncalibrated,0.247924,0.336869,0.556122,0.986134,0.586384,0.04063,0.003029,0.99569,0.011888,0.001815,0.991926,0.006259,1.1332429573414302,23.22,893.5
exp-2e018aab34519f94,model,,C1_moderate,REGIME,logistic,C=0.01;class_weight=None,F2,141909,38024,calibrated,0.247924,0.336869,0.556122,0.982906,0.584069,0.012717,0.003029,0.99569,0.011888,0.001815,0.991926,0.006259,1.1332429573414302,23.22,893.5
exp-2e018aab34519f94,model,,C1_moderate,REGIME,logistic,C=0.01;class_weight=None,F3,179933,39063,uncalibrated,0.257361,0.335829,0.597087,0.942217,0.554583,0.016122,0.002503,0.995287,0.009696,0.002253,0.991885,0.005862,1.1172375228545455,28.53,893.5
exp-2e018aab34519f94,model,,C1_moderate,REGIME,logistic,C=0.01;class_weight=None,F3,179933,39063,calibrated,0.257361,0.335829,0.597087,0.945338,0.556805,0.040315,0.002503,0.995287,0.009696,0.002253,0.991885,0.005862,1.1172375228545455,28.53,893.5
exp-2e018aab34519f94,model,,C1_moderate,REGIME,logistic,C=0.01;class_weight=None,F4,218996,39063,uncalibrated,0.259143,0.337519,0.591301,0.947819,0.558828,0.017625,0.004531,0.995102,0.012926,0.002842,0.990426,0.006733,0.9416421850574133,35.09,893.5
exp-2e018aab34519f94,model,,C1_moderate,REGIME,logistic,C=0.01;class_weight=None,F4,218996,39063,calibrated,0.259143,0.337519,0.591301,0.947186,0.558405,0.008351,0.004531,0.995102,0.012926,0.002842,0.990426,0.006733,0.9416421850574133,35.09,893.5
exp-2e018aab34519f94,model,,C1_moderate,REGIME,logistic,C=0.01;class_weight=None,F5,258059,38741,uncalibrated,0.25229,0.337207,0.561085,0.978336,0.580817,0.010048,0.005506,0.992227,0.013887,0.003846,0.986887,0.009267,0.9166147079879269,41.41,893.5
exp-2e018aab34519f94,model,,C1_moderate,REGIME,logistic,C=0.01;class_weight=None,F5,258059,38741,calibrated,0.25229,0.337207,0.561085,0.9797,0.581781,0.025587,0.005506,0.992227,0.013887,0.003846,0.986887,0.009267,0.9166147079879269,41.41,893.5
exp-2eebf261f16021b9,model,,C1_moderate,REGIME,logistic,C=0.1;class_weight=None,F1,103517,38392,uncalibrated,0.25538,0.338007,0.569884,0.970155,0.574797,0.016424,0.006283,0.993548,0.014189,0.004194,0.987654,0.008153,0.8849481317793176,16.51,893.5
exp-2eebf261f16021b9,model,,C1_moderate,REGIME,logistic,C=0.1;class_weight=None,F1,103517,38392,calibrated,0.25538,0.338007,0.569884,0.9741,0.577487,0.042512,0.006283,0.993548,0.014189,0.004194,0.987654,0.008153,0.8849481317793176,16.51,893.5
exp-2eebf261f16021b9,model,,C1_moderate,REGIME,logistic,C=0.1;class_weight=None,F2,141909,38024,uncalibrated,0.247357,0.336572,0.555912,0.986026,0.586317,0.040438,0.003145,0.995642,0.010927,0.001946,0.992031,0.006023,1.1308703171755095,22.34,893.5
exp-2eebf261f16021b9,model,,C1_moderate,REGIME,logistic,C=0.1;class_weight=None,F2,141909,38024,calibrated,0.247357,0.336572,0.555912,0.982856,0.584051,0.012288,0.003145,0.995642,0.010927,0.001946,0.992031,0.006023,1.1308703171755095,22.34,893.5
exp-2eebf261f16021b9,model,,C1_moderate,REGIME,logistic,C=0.1;class_weight=None,F3,179933,39063,uncalibrated,0.257502,0.335814,0.596959,0.942305,0.55464,0.016625,0.002629,0.994987,0.009825,0.002458,0.991527,0.006016,1.1126002687093506,25.98,893.5
exp-2eebf261f16021b9,model,,C1_moderate,REGIME,logistic,C=0.1;class_weight=None,F3,179933,39063,calibrated,0.257502,0.335814,0.596959,0.945302,0.556777,0.039857,0.002629,0.994987,0.009825,0.002458,0.991527,0.006016,1.1126002687093506,25.98,893.5
exp-2eebf261f16021b9,model,,C1_moderate,REGIME,logistic,C=0.1;class_weight=None,F4,218996,39063,uncalibrated,0.25856,0.337126,0.590892,0.947999,0.558927,0.01703,0.004531,0.994669,0.01218,0.003149,0.990426,0.006426,0.9398762841057146,34.07,893.5
exp-2eebf261f16021b9,model,,C1_moderate,REGIME,logistic,C=0.1;class_weight=None,F4,218996,39063,calibrated,0.25856,0.337126,0.590892,0.947398,0.558522,0.007035,0.004531,0.994669,0.01218,0.003149,0.990426,0.006426,0.9398762841057146,34.07,893.5
exp-2eebf261f16021b9,model,,C1_moderate,REGIME,logistic,C=0.1;class_weight=None,F5,258059,38741,uncalibrated,0.251563,0.336989,0.561111,0.978347,0.580833,0.00924,0.004589,0.992733,0.013646,0.003381,0.987584,0.009034,0.9233007774381057,38.83,893.5
exp-2eebf261f16021b9,model,,C1_moderate,REGIME,logistic,C=0.1;class_weight=None,F5,258059,38741,calibrated,0.251563,0.336989,0.561111,0.979634,0.581746,0.024764,0.004589,0.992733,0.013646,0.003381,0.987584,0.009034,0.9233007774381057,38.83,893.5
exp-2fd55c9cd7f90157,ablation,ablate:spread,C0_spread_only,CORE,lightgbm,n_estimators=400;num_leaves=31,F1,103517,38392,uncalibrated,0.36337,0.366837,0.395551,1.085821,0.657034,0.016654,0.277854,0.473341,0.349317,0.256512,0.428553,0.314935,1.3630599667814698,28.1,740.8
exp-2fd55c9cd7f90157,ablation,ablate:spread,C0_spread_only,CORE,lightgbm,n_estimators=400;num_leaves=31,F1,103517,38392,calibrated,0.36337,0.366837,0.395551,1.084383,0.656527,0.011696,0.277854,0.473341,0.349317,0.256512,0.428553,0.314935,1.3630599667814698,28.1,740.8
exp-2fd55c9cd7f90157,ablation,ablate:spread,C0_spread_only,CORE,lightgbm,n_estimators=400;num_leaves=31,F2,141909,38024,uncalibrated,0.365445,0.366215,0.40698,1.079888,0.652886,0.01045,0.253188,0.530787,0.314669,0.23572,0.481906,0.282374,1.2236392274191294,32.77,836.1
exp-2fd55c9cd7f90157,ablation,ablate:spread,C0_spread_only,CORE,lightgbm,n_estimators=400;num_leaves=31,F2,141909,38024,calibrated,0.365445,0.366215,0.40698,1.08002,0.653335,0.01663,0.253188,0.530787,0.314669,0.23572,0.481906,0.282374,1.2236392274191294,32.77,836.1
exp-2fd55c9cd7f90157,ablation,ablate:spread,C0_spread_only,CORE,lightgbm,n_estimators=400;num_leaves=31,F3,179933,39063,uncalibrated,0.36339,0.366862,0.401377,1.080438,0.653343,0.016261,0.317176,0.481079,0.302331,0.291503,0.433684,0.274812,1.0756683832344534,41.72,928.7
exp-2fd55c9cd7f90157,ablation,ablate:spread,C0_spread_only,CORE,lightgbm,n_estimators=400;num_leaves=31,F3,179933,39063,calibrated,0.36339,0.366862,0.401377,1.080583,0.653569,0.017556,0.317176,0.481079,0.302331,0.291503,0.433684,0.274812,1.0756683832344534,41.72,928.7
exp-2fd55c9cd7f90157,ablation,ablate:spread,C0_spread_only,CORE,lightgbm,n_estimators=400;num_leaves=31,F4,218996,39063,uncalibrated,0.364902,0.367852,0.406139,1.079395,0.652543,0.020499,0.314061,0.493651,0.295843,0.284361,0.443898,0.271741,0.921780901657758,46.59,1020.9
exp-2fd55c9cd7f90157,ablation,ablate:spread,C0_spread_only,CORE,lightgbm,n_estimators=400;num_leaves=31,F4,218996,39063,calibrated,0.364902,0.367852,0.406139,1.079292,0.652304,0.016893,0.314061,0.493651,0.295843,0.284361,0.443898,0.271741,0.921780901657758,46.59,1020.9
exp-2fd55c9cd7f90157,ablation,ablate:spread,C0_spread_only,CORE,lightgbm,n_estimators=400;num_leaves=31,F5,258059,38741,uncalibrated,0.358918,0.366665,0.375571,1.094288,0.66248,0.025142,0.348563,0.40067,0.350762,0.320049,0.357012,0.32294,0.9656864098583495,54.5,1080.6
exp-2fd55c9cd7f90157,ablation,ablate:spread,C0_spread_only,CORE,lightgbm,n_estimators=400;num_leaves=31,F5,258059,38741,calibrated,0.358918,0.366665,0.375571,1.094704,0.662668,0.025699,0.348563,0.40067,0.350762,0.320049,0.357012,0.32294,0.9656864098583495,54.5,1080.6
exp-31a7a65969a5766b,model,,C1_moderate,CORE,logistic,C=0.01;class_weight=balanced,F1,103517,38392,uncalibrated,0.365916,0.369164,0.42462,1.080837,0.652756,0.044172,0.29342,0.525856,0.288217,0.268207,0.481949,0.249844,0.9137361238266786,15.43,609.8
exp-31a7a65969a5766b,model,,C1_moderate,CORE,logistic,C=0.01;class_weight=balanced,F1,103517,38392,calibrated,0.365916,0.369164,0.42462,1.080655,0.652298,0.04017,0.29342,0.525856,0.288217,0.268207,0.481949,0.249844,0.9137361238266786,15.43,609.8
exp-31a7a65969a5766b,model,,C1_moderate,CORE,logistic,C=0.01;class_weight=balanced,F2,141909,38024,uncalibrated,0.375203,0.376337,0.438933,1.076542,0.650055,0.057625,0.276794,0.564513,0.287704,0.242794,0.512808,0.244398,0.9957796726811474,22.28,655.7
exp-31a7a65969a5766b,model,,C1_moderate,CORE,logistic,C=0.01;class_weight=balanced,F2,141909,38024,calibrated,0.375203,0.376337,0.438933,1.076508,0.650021,0.057427,0.276794,0.564513,0.287704,0.242794,0.512808,0.244398,0.9957796726811474,22.28,655.7
exp-31a7a65969a5766b,model,,C1_moderate,CORE,logistic,C=0.01;class_weight=balanced,F3,179933,39063,uncalibrated,0.359501,0.365649,0.424724,1.083474,0.6546,0.048484,0.277381,0.514975,0.30459,0.260093,0.472621,0.267286,0.9190453498767526,26.74,748.7
exp-31a7a65969a5766b,model,,C1_moderate,CORE,logistic,C=0.01;class_weight=balanced,F3,179933,39063,calibrated,0.359501,0.365649,0.424724,1.083337,0.654227,0.044898,0.277381,0.514975,0.30459,0.260093,0.472621,0.267286,0.9190453498767526,26.74,748.7
exp-31a7a65969a5766b,model,,C1_moderate,CORE,logistic,C=0.01;class_weight=balanced,F4,218996,39063,uncalibrated,0.366038,0.373044,0.425159,1.084374,0.655056,0.0484,0.291971,0.507997,0.319165,0.261373,0.46384,0.274787,0.8236306524169928,26.36,748.7
exp-31a7a65969a5766b,model,,C1_moderate,CORE,logistic,C=0.01;class_weight=balanced,F4,218996,39063,calibrated,0.366038,0.373044,0.425159,1.084695,0.654488,0.039456,0.291971,0.507997,0.319165,0.261373,0.46384,0.274787,0.8236306524169928,26.36,748.7
exp-31a7a65969a5766b,model,,C1_moderate,CORE,logistic,C=0.01;class_weight=balanced,F5,258059,38741,uncalibrated,0.354503,0.367066,0.385225,1.097613,0.663741,0.017813,0.30366,0.421377,0.376162,0.285382,0.378307,0.33631,1.0187476813838112,38.99,748.7
exp-31a7a65969a5766b,model,,C1_moderate,CORE,logistic,C=0.01;class_weight=balanced,F5,258059,38741,calibrated,0.354503,0.367066,0.385225,1.097388,0.663664,0.018258,0.30366,0.421377,0.376162,0.285382,0.378307,0.33631,1.0187476813838112,38.99,748.7
exp-32259c32a742b140,control,control:session_only,C0_spread_only,CORE,lightgbm,n_estimators=400;num_leaves=31,F1,103517,38392,uncalibrated,0.333738,0.349232,0.417874,1.096678,0.665199,0.142483,0.09642,0.605018,0.346259,0.09377,0.583168,0.323062,0.8263483299574672,2.3,644.8
exp-32259c32a742b140,control,control:session_only,C0_spread_only,CORE,lightgbm,n_estimators=400;num_leaves=31,F1,103517,38392,calibrated,0.333738,0.349232,0.417874,1.096533,0.66502,0.141512,0.09642,0.605018,0.346259,0.09377,0.583168,0.323062,0.8263483299574672,2.3,644.8
exp-32259c32a742b140,control,control:session_only,C0_spread_only,CORE,lightgbm,n_estimators=400;num_leaves=31,F2,141909,38024,uncalibrated,0.328386,0.348904,0.33158,1.09674,0.665238,0.103897,0.423432,0.278272,0.345007,0.41558,0.257443,0.326978,0.6969108690777428,4.25,644.8
exp-32259c32a742b140,control,control:session_only,C0_spread_only,CORE,lightgbm,n_estimators=400;num_leaves=31,F2,141909,38024,calibrated,0.328386,0.348904,0.33158,1.096632,0.66498,0.102323,0.423432,0.278272,0.345007,0.41558,0.257443,0.326978,0.6969108690777428,4.25,644.8
exp-32259c32a742b140,control,control:session_only,C0_spread_only,CORE,lightgbm,n_estimators=400;num_leaves=31,F3,179933,39063,uncalibrated,0.331748,0.345474,0.421831,1.097031,0.665373,0.15751,0.09878,0.602031,0.335612,0.092159,0.585285,0.322556,0.6755938992402905,6.18,644.8
exp-32259c32a742b140,control,control:session_only,C0_spread_only,CORE,lightgbm,n_estimators=400;num_leaves=31,F3,179933,39063,calibrated,0.331748,0.345474,0.421831,1.097127,0.665152,0.155232,0.09878,0.602031,0.335612,0.092159,0.585285,0.322556,0.6755938992402905,6.18,644.8
exp-32259c32a742b140,control,control:session_only,C0_spread_only,CORE,lightgbm,n_estimators=400;num_leaves=31,F4,218996,39063,uncalibrated,0.321061,0.347179,0.326933,1.096549,0.665053,0.128113,0.419301,0.280743,0.341493,0.414715,0.262729,0.322556,0.895668543267791,5.8,666.5
exp-32259c32a742b140,control,control:session_only,C0_spread_only,CORE,lightgbm,n_estimators=400;num_leaves=31,F4,218996,39063,calibrated,0.321061,0.347179,0.326933,1.096469,0.664941,0.127601,0.419301,0.280743,0.341493,0.414715,0.262729,0.322556,0.895668543267791,5.8,666.5
exp-32259c32a742b140,control,control:session_only,C0_spread_only,CORE,lightgbm,n_estimators=400;num_leaves=31,F5,258059,38741,uncalibrated,0.332041,0.354407,0.336259,1.096473,0.665024,0.108403,0.437064,0.283233,0.342925,0.418162,0.256602,0.325237,0.8353479103816004,6.78,712.4
exp-32259c32a742b140,control,control:session_only,C0_spread_only,CORE,lightgbm,n_estimators=400;num_leaves=31,F5,258059,38741,calibrated,0.332041,0.354407,0.336259,1.096343,0.664845,0.107559,0.437064,0.283233,0.342925,0.418162,0.256602,0.325237,0.8353479103816004,6.78,712.4
exp-345e57ed018ab0f7,model,,C0_spread_only,CONDITIONAL,logistic,C=1.0;class_weight=None,F1,103517,38392,uncalibrated,0.246978,0.340271,0.516983,1.016284,0.608127,0.01126,0.00528,0.989427,0.026106,0.003907,0.979866,0.016227,0.8387077402714853,15.84,920.1
exp-345e57ed018ab0f7,model,,C0_spread_only,CONDITIONAL,logistic,C=1.0;class_weight=None,F1,103517,38392,calibrated,0.246978,0.340271,0.516983,1.021277,0.611651,0.048147,0.00528,0.989427,0.026106,0.003907,0.979866,0.016227,0.8387077402714853,15.84,920.1
exp-345e57ed018ab0f7,model,,C0_spread_only,CONDITIONAL,logistic,C=1.0;class_weight=None,F2,141909,38024,uncalibrated,0.232651,0.337015,0.500815,1.037679,0.623588,0.066914,0.002903,0.995154,0.012987,0.001604,0.990559,0.007837,1.293327376530287,24.45,920.1
exp-345e57ed018ab0f7,model,,C0_spread_only,CONDITIONAL,logistic,C=1.0;class_weight=None,F2,141909,38024,calibrated,0.232651,0.337015,0.500815,1.029012,0.617282,0.016991,0.002903,0.995154,0.012987,0.001604,0.990559,0.007837,1.293327376530287,24.45,920.1
exp-345e57ed018ab0f7,model,,C0_spread_only,CONDITIONAL,logistic,C=1.0;class_weight=None,F3,179933,39063,uncalibrated,0.250043,0.339055,0.53534,1.002709,0.598429,0.02602,0.00896,0.989941,0.018265,0.006195,0.98144,0.012365,1.0804910906155998,30.43,920.1
exp-345e57ed018ab0f7,model,,C0_spread_only,CONDITIONAL,logistic,C=1.0;class_weight=None,F3,179933,39063,calibrated,0.250043,0.339055,0.53534,1.004518,0.599748,0.039207,0.00896,0.989941,0.018265,0.006195,0.98144,0.012365,1.0804910906155998,30.43,920.1
exp-345e57ed018ab0f7,model,,C0_spread_only,CONDITIONAL,logistic,C=1.0;class_weight=None,F4,218996,39063,uncalibrated,0.253497,0.340214,0.537593,0.999339,0.596119,0.027888,0.010281,0.988639,0.021722,0.006912,0.979699,0.013389,0.8554923761274258,36.32,920.1
exp-345e57ed018ab0f7,model,,C0_spread_only,CONDITIONAL,logistic,C=1.0;class_weight=None,F4,218996,39063,calibrated,0.253497,0.340214,0.537593,0.997804,0.595041,0.009391,0.010281,0.988639,0.021722,0.006912,0.979699,0.013389,0.8554923761274258,36.32,920.1
exp-345e57ed018ab0f7,model,,C0_spread_only,CONDITIONAL,logistic,C=1.0;class_weight=None,F5,258059,38741,uncalibrated,0.243144,0.338659,0.50866,1.022752,0.612844,0.008922,0.008214,0.987149,0.020614,0.006118,0.979169,0.014713,0.8979467035013158,44.37,940.4
exp-345e57ed018ab0f7,model,,C0_spread_only,CONDITIONAL,logistic,C=1.0;class_weight=None,F5,258059,38741,calibrated,0.243144,0.338659,0.50866,1.02426,0.613908,0.026993,0.008214,0.987149,0.020614,0.006118,0.979169,0.014713,0.8979467035013158,44.37,940.4
exp-34bcb7252e3595dc,baseline,,C2_pessimistic,-,majority,,F1,103517,38392,uncalibrated,0.263245,0.333333,0.652532,0.887045,0.514077,0.03448,0.0,1.0,0.0,0.0,1.0,0.0,,0.0,497.0
exp-34bcb7252e3595dc,baseline,,C2_pessimistic,-,majority,,F1,103517,38392,calibrated,0.263245,0.333333,0.652532,0.887045,0.514077,0.03448,0.0,1.0,0.0,0.0,1.0,0.0,,0.0,497.0
exp-34bcb7252e3595dc,baseline,,C2_pessimistic,-,majority,,F2,141909,38024,uncalibrated,0.26239,0.333333,0.649037,0.891756,0.517442,0.02417,0.0,1.0,0.0,0.0,1.0,0.0,,0.0,497.0
exp-34bcb7252e3595dc,baseline,,C2_pessimistic,-,majority,,F2,141909,38024,calibrated,0.26239,0.333333,0.649037,0.891756,0.517442,0.02417,0.0,1.0,0.0,0.0,1.0,0.0,,0.0,497.0
exp-34bcb7252e3595dc,baseline,,C2_pessimistic,-,majority,,F3,179933,39063,uncalibrated,0.274072,0.333333,0.698103,0.825101,0.469322,0.039705,0.0,1.0,0.0,0.0,1.0,0.0,,0.0,497.0
exp-34bcb7252e3595dc,baseline,,C2_pessimistic,-,majority,,F3,179933,39063,calibrated,0.274072,0.333333,0.698103,0.825101,0.469322,0.039705,0.0,1.0,0.0,0.0,1.0,0.0,,0.0,497.0
exp-34bcb7252e3595dc,baseline,,C2_pessimistic,-,majority,,F4,218996,39063,uncalibrated,0.270657,0.333333,0.68346,0.844417,0.483262,0.024414,0.0,1.0,0.0,0.0,1.0,0.0,,0.0,497.0
exp-34bcb7252e3595dc,baseline,,C2_pessimistic,-,majority,,F4,218996,39063,calibrated,0.270657,0.333333,0.68346,0.844417,0.483262,0.024414,0.0,1.0,0.0,0.0,1.0,0.0,,0.0,497.0
exp-34bcb7252e3595dc,baseline,,C2_pessimistic,-,majority,,F5,258059,38741,uncalibrated,0.263222,0.333333,0.652435,0.887324,0.514293,0.018666,0.0,1.0,0.0,0.0,1.0,0.0,,0.0,497.0
exp-34bcb7252e3595dc,baseline,,C2_pessimistic,-,majority,,F5,258059,38741,calibrated,0.263222,0.333333,0.652435,0.887324,0.514293,0.018666,0.0,1.0,0.0,0.0,1.0,0.0,,0.0,497.0
exp-367f2077e0c31495,model,,C2_pessimistic,REGIME,lightgbm,n_estimators=150;num_leaves=15,F1,103517,38392,uncalibrated,0.361204,0.380118,0.433945,1.078624,0.650579,0.039894,0.299486,0.492895,0.347972,0.258569,0.448427,0.293004,0.7376570250322426,22.31,969.1
exp-367f2077e0c31495,model,,C2_pessimistic,REGIME,lightgbm,n_estimators=150;num_leaves=15,F1,103517,38392,calibrated,0.361204,0.380118,0.433945,1.080193,0.649729,0.020232,0.299486,0.492895,0.347972,0.258569,0.448427,0.293004,0.7376570250322426,22.31,969.1
exp-367f2077e0c31495,model,,C2_pessimistic,REGIME,lightgbm,n_estimators=150;num_leaves=15,F2,141909,38024,uncalibrated,0.369908,0.378074,0.477225,1.056588,0.635902,0.081631,0.218764,0.587706,0.327753,0.184857,0.542841,0.272302,0.984376949533709,29.68,969.1
exp-367f2077e0c31495,model,,C2_pessimistic,REGIME,lightgbm,n_estimators=150;num_leaves=15,F2,141909,38024,calibrated,0.369908,0.378074,0.477225,1.056237,0.635606,0.080694,0.218764,0.587706,0.327753,0.184857,0.542841,0.272302,0.984376949533709,29.68,969.1
exp-367f2077e0c31495,model,,C2_pessimistic,REGIME,lightgbm,n_estimators=150;num_leaves=15,F3,179933,39063,uncalibrated,0.363061,0.372935,0.49904,1.053829,0.633995,0.105347,0.248035,0.603484,0.267286,0.218852,0.56437,0.216778,0.6182204288498495,36.89,969.1
exp-367f2077e0c31495,model,,C2_pessimistic,REGIME,lightgbm,n_estimators=150;num_leaves=15,F3,179933,39063,calibrated,0.363061,0.372935,0.49904,1.043562,0.623764,0.070053,0.248035,0.603484,0.267286,0.218852,0.56437,0.216778,0.6182204288498495,36.89,969.1
exp-367f2077e0c31495,model,,C2_pessimistic,REGIME,lightgbm,n_estimators=150;num_leaves=15,F4,218996,39063,uncalibrated,0.36694,0.380504,0.478023,1.065037,0.641594,0.08649,0.297201,0.566222,0.27809,0.258224,0.522797,0.21898,0.5030287626902487,43.0,969.1
exp-367f2077e0c31495,model,,C2_pessimistic,REGIME,lightgbm,n_estimators=150;num_leaves=15,F4,218996,39063,calibrated,0.36694,0.380504,0.478023,1.063813,0.633907,0.034801,0.297201,0.566222,0.27809,0.258224,0.522797,0.21898,0.5030287626902487,43.0,969.1
exp-367f2077e0c31495,model,,C2_pessimistic,REGIME,lightgbm,n_estimators=150;num_leaves=15,F5,258059,38741,uncalibrated,0.361814,0.37265,0.45386,1.074711,0.648218,0.066322,0.272072,0.542649,0.30323,0.241295,0.500142,0.258563,0.6401004605177735,49.47,969.1
exp-367f2077e0c31495,model,,C2_pessimistic,REGIME,lightgbm,n_estimators=150;num_leaves=15,F5,258059,38741,calibrated,0.361814,0.37265,0.45386,1.07568,0.64565,0.038128,0.272072,0.542649,0.30323,0.241295,0.500142,0.258563,0.6401004605177735,49.47,969.1
exp-36aadd97da05b62e,ablation,ablate:micro,C0_spread_only,CORE,lightgbm,n_estimators=400;num_leaves=31,F1,103517,38392,uncalibrated,0.358894,0.364131,0.383543,1.08888,0.65918,0.027003,0.306579,0.436058,0.349754,0.288081,0.395551,0.316368,1.6277719293338844,54.84,1124.1
exp-36aadd97da05b62e,ablation,ablate:micro,C0_spread_only,CORE,lightgbm,n_estimators=400;num_leaves=31,F1,103517,38392,calibrated,0.358894,0.364131,0.383543,1.086148,0.657752,0.011541,0.306579,0.436058,0.349754,0.288081,0.395551,0.316368,1.6277719293338844,54.84,1124.1
exp-36aadd97da05b62e,ablation,ablate:micro,C0_spread_only,CORE,lightgbm,n_estimators=400;num_leaves=31,F2,141909,38024,uncalibrated,0.36265,0.365539,0.398038,1.080281,0.653414,0.012992,0.240435,0.497656,0.358527,0.221728,0.454424,0.323848,1.1251067725014232,78.1,1124.1
exp-36aadd97da05b62e,ablation,ablate:micro,C0_spread_only,CORE,lightgbm,n_estimators=400;num_leaves=31,F2,141909,38024,calibrated,0.36265,0.365539,0.398038,1.079876,0.65326,0.01125,0.240435,0.497656,0.358527,0.221728,0.454424,0.323848,1.1251067725014232,78.1,1124.1
exp-36aadd97da05b62e,ablation,ablate:micro,C0_spread_only,CORE,lightgbm,n_estimators=400;num_leaves=31,F3,179933,39063,uncalibrated,0.357324,0.363482,0.386862,1.084015,0.655966,0.016605,0.331858,0.440793,0.317795,0.311394,0.395259,0.293347,1.382715216268853,70.21,1124.1
exp-36aadd97da05b62e,ablation,ablate:micro,C0_spread_only,CORE,lightgbm,n_estimators=400;num_leaves=31,F3,179933,39063,calibrated,0.357324,0.363482,0.386862,1.083695,0.656,0.014767,0.331858,0.440793,0.317795,0.311394,0.395259,0.293347,1.382715216268853,70.21,1124.1
exp-36aadd97da05b62e,ablation,ablate:micro,C0_spread_only,CORE,lightgbm,n_estimators=400;num_leaves=31,F4,218996,39063,uncalibrated,0.359091,0.364927,0.391265,1.081918,0.654566,0.014873,0.34413,0.451499,0.299151,0.318178,0.406344,0.275478,1.2424824562128862,116.3,1124.1
exp-36aadd97da05b62e,ablation,ablate:micro,C0_spread_only,CORE,lightgbm,n_estimators=400;num_leaves=31,F4,218996,39063,calibrated,0.359091,0.364927,0.391265,1.081691,0.65457,0.018338,0.34413,0.451499,0.299151,0.318178,0.406344,0.275478,1.2424824562128862,116.3,1124.1
exp-36aadd97da05b62e,ablation,ablate:micro,C0_spread_only,CORE,lightgbm,n_estimators=400;num_leaves=31,F5,258059,38741,uncalibrated,0.357698,0.361859,0.381301,1.087868,0.658368,0.017873,0.33768,0.435465,0.312433,0.319326,0.392452,0.288222,1.1095396727013838,71.17,1124.1
exp-36aadd97da05b62e,ablation,ablate:micro,C0_spread_only,CORE,lightgbm,n_estimators=400;num_leaves=31,F5,258059,38741,calibrated,0.357698,0.361859,0.381301,1.087085,0.657999,0.016572,0.33768,0.435465,0.312433,0.319326,0.392452,0.288222,1.1095396727013838,71.17,1124.1
exp-37d3f097c914f9df,model,,C1_moderate,CONDITIONAL,logistic,C=0.01;class_weight=None,F1,103517,38392,uncalibrated,0.258778,0.339464,0.570379,0.969854,0.57449,0.007135,0.004149,0.992403,0.021838,0.002735,0.985101,0.012164,0.8560285402918808,16.88,748.7
exp-37d3f097c914f9df,model,,C1_moderate,CONDITIONAL,logistic,C=0.01;class_weight=None,F1,103517,38392,calibrated,0.258778,0.339464,0.570379,0.973707,0.577067,0.039182,0.004149,0.992403,0.021838,0.002735,0.985101,0.012164,0.8560285402918808,16.88,748.7
exp-37d3f097c914f9df,model,,C1_moderate,CONDITIONAL,logistic,C=0.01;class_weight=None,F2,141909,38024,uncalibrated,0.246182,0.336322,0.556122,0.993647,0.591589,0.068922,0.00198,0.996779,0.010207,0.001105,0.993557,0.005339,1.2365321623429202,24.12,748.7
exp-37d3f097c914f9df,model,,C1_moderate,CONDITIONAL,logistic,C=0.01;class_weight=None,F2,141909,38024,calibrated,0.246182,0.336322,0.556122,0.984037,0.584818,0.01685,0.00198,0.996779,0.010207,0.001105,0.993557,0.005339,1.2365321623429202,24.12,748.7
exp-37d3f097c914f9df,model,,C1_moderate,CONDITIONAL,logistic,C=0.01;class_weight=None,F3,179933,39063,uncalibrated,0.259576,0.33663,0.597138,0.943135,0.555255,0.027561,0.003004,0.994216,0.01267,0.002458,0.989991,0.007552,1.0680948217144333,30.18,748.7
exp-37d3f097c914f9df,model,,C1_moderate,CONDITIONAL,logistic,C=0.01;class_weight=None,F3,179933,39063,calibrated,0.259576,0.33663,0.597138,0.945341,0.556843,0.042361,0.003004,0.994216,0.01267,0.002458,0.989991,0.007552,1.0680948217144333,30.18,748.7
exp-37d3f097c914f9df,model,,C1_moderate,CONDITIONAL,logistic,C=0.01;class_weight=None,F4,218996,39063,uncalibrated,0.25985,0.337614,0.590994,0.948301,0.559214,0.025268,0.004027,0.994148,0.014666,0.002842,0.989069,0.008089,0.8796559681695381,37.15,823.3
exp-37d3f097c914f9df,model,,C1_moderate,CONDITIONAL,logistic,C=0.01;class_weight=None,F4,218996,39063,calibrated,0.25985,0.337614,0.590994,0.947084,0.558383,0.008829,0.004027,0.994148,0.014666,0.002842,0.989069,0.008089,0.8796559681695381,37.15,823.3
exp-37d3f097c914f9df,model,,C1_moderate,CONDITIONAL,logistic,C=0.01;class_weight=None,F5,258059,38741,uncalibrated,0.252423,0.337294,0.561163,0.977939,0.580584,0.010403,0.004589,0.992319,0.014974,0.003485,0.986629,0.009886,0.9154086817125128,44.28,893.5
exp-37d3f097c914f9df,model,,C1_moderate,CONDITIONAL,logistic,C=0.01;class_weight=None,F5,258059,38741,calibrated,0.252423,0.337294,0.561163,0.979344,0.58158,0.025434,0.004589,0.992319,0.014974,0.003485,0.986629,0.009886,0.9154086817125128,44.28,893.5
exp-3aa201097a85c775,model,,C1_moderate,REGIME,lightgbm,n_estimators=150;num_leaves=15,F1,103517,38392,uncalibrated,0.364024,0.372232,0.40834,1.084235,0.655632,0.023742,0.293302,0.474968,0.348427,0.262555,0.430376,0.307069,1.0133608079169858,23.29,893.5
exp-3aa201097a85c775,model,,C1_moderate,REGIME,lightgbm,n_estimators=150;num_leaves=15,F1,103517,38392,calibrated,0.364024,0.372232,0.40834,1.08423,0.655656,0.024418,0.293302,0.474968,0.348427,0.262555,0.430376,0.307069,1.0133608079169858,23.29,893.5
exp-3aa201097a85c775,model,,C1_moderate,REGIME,lightgbm,n_estimators=150;num_leaves=15,F2,141909,38024,uncalibrated,0.371497,0.374212,0.442326,1.07136,0.647049,0.056157,0.214585,0.580002,0.32805,0.185883,0.531401,0.282716,0.8432447576107801,31.76,893.5
exp-3aa201097a85c775,model,,C1_moderate,REGIME,lightgbm,n_estimators=150;num_leaves=15,F2,141909,38024,calibrated,0.371497,0.374212,0.442326,1.06959,0.645501,0.046625,0.214585,0.580002,0.32805,0.185883,0.531401,0.282716,0.8432447576107801,31.76,893.5
exp-3aa201097a85c775,model,,C1_moderate,REGIME,lightgbm,n_estimators=150;num_leaves=15,F3,179933,39063,uncalibrated,0.362959,0.36714,0.435578,1.074069,0.648936,0.05473,0.281137,0.539869,0.280414,0.261065,0.498093,0.240842,0.7553561493449078,37.55,893.5
exp-3aa201097a85c775,model,,C1_moderate,REGIME,lightgbm,n_estimators=150;num_leaves=15,F3,179933,39063,calibrated,0.362959,0.36714,0.435578,1.071957,0.646821,0.04076,0.281137,0.539869,0.280414,0.261065,0.498093,0.240842,0.7553561493449078,37.55,893.5
exp-3aa201097a85c775,model,,C1_moderate,REGIME,lightgbm,n_estimators=150;num_leaves=15,F4,218996,39063,uncalibrated,0.364456,0.369891,0.429307,1.07755,0.651348,0.048772,0.313994,0.523991,0.271688,0.281878,0.479712,0.23841,0.6892796890698787,44.22,893.5
exp-3aa201097a85c775,model,,C1_moderate,REGIME,lightgbm,n_estimators=150;num_leaves=15,F4,218996,39063,calibrated,0.364456,0.369891,0.429307,1.077092,0.649933,0.029539,0.313994,0.523991,0.271688,0.281878,0.479712,0.23841,0.6892796890698787,44.22,893.5
exp-3aa201097a85c775,model,,C1_moderate,REGIME,lightgbm,n_estimators=150;num_leaves=15,F5,258059,38741,uncalibrated,0.360312,0.367615,0.400583,1.08599,0.657029,0.027321,0.315017,0.464195,0.323632,0.290416,0.421414,0.28817,0.8152109886929851,50.74,893.5
exp-3aa201097a85c775,model,,C1_moderate,REGIME,lightgbm,n_estimators=150;num_leaves=15,F5,258059,38741,calibrated,0.360312,0.367615,0.400583,1.086892,0.657144,0.021103,0.315017,0.464195,0.323632,0.290416,0.421414,0.28817,0.8152109886929851,50.74,893.5
exp-3cad717cf8a944f6,ablation,ablate:structure,C2_pessimistic,CORE,lightgbm,n_estimators=400;num_leaves=31,F1,103517,38392,uncalibrated,0.358814,0.374505,0.436836,1.065847,0.642319,0.014982,0.299633,0.50483,0.319051,0.259637,0.465279,0.275083,0.8970467311052803,25.13,1124.1
exp-3cad717cf8a944f6,ablation,ablate:structure,C2_pessimistic,CORE,lightgbm,n_estimators=400;num_leaves=31,F1,103517,38392,calibrated,0.358814,0.374505,0.436836,1.066449,0.642258,0.010972,0.299633,0.50483,0.319051,0.259637,0.465279,0.275083,0.8970467311052803,25.13,1124.1
exp-3cad717cf8a944f6,ablation,ablate:structure,C2_pessimistic,CORE,lightgbm,n_estimators=400;num_leaves=31,F2,141909,38024,uncalibrated,0.370328,0.376771,0.485272,1.037291,0.622728,0.05977,0.208786,0.606143,0.315385,0.177572,0.564196,0.258232,0.9300019326469523,29.76,1124.1
exp-3cad717cf8a944f6,ablation,ablate:structure,C2_pessimistic,CORE,lightgbm,n_estimators=400;num_leaves=31,F2,141909,38024,calibrated,0.370328,0.376771,0.485272,1.035545,0.621279,0.053185,0.208786,0.606143,0.315385,0.177572,0.564196,0.258232,0.9300019326469523,29.76,1124.1
exp-3cad717cf8a944f6,ablation,ablate:structure,C2_pessimistic,CORE,lightgbm,n_estimators=400;num_leaves=31,F3,179933,39063,uncalibrated,0.359356,0.370475,0.489722,1.041432,0.625606,0.075422,0.247533,0.588522,0.27537,0.222615,0.552313,0.225072,0.7223877958662969,33.36,1124.1
exp-3cad717cf8a944f6,ablation,ablate:structure,C2_pessimistic,CORE,lightgbm,n_estimators=400;num_leaves=31,F3,179933,39063,calibrated,0.359356,0.370475,0.489722,1.034278,0.61903,0.046298,0.247533,0.588522,0.27537,0.222615,0.552313,0.225072,0.7223877958662969,33.36,1124.1
exp-3cad717cf8a944f6,ablation,ablate:structure,C2_pessimistic,CORE,lightgbm,n_estimators=400;num_leaves=31,F4,218996,39063,uncalibrated,0.357918,0.372395,0.463994,1.056382,0.635973,0.054788,0.298828,0.546857,0.2715,0.261885,0.508307,0.229808,0.6244740708950951,59.35,1124.1
exp-3cad717cf8a944f6,ablation,ablate:structure,C2_pessimistic,CORE,lightgbm,n_estimators=400;num_leaves=31,F4,218996,39063,calibrated,0.357918,0.372395,0.463994,1.055123,0.631919,0.018518,0.298828,0.546857,0.2715,0.261885,0.508307,0.229808,0.6244740708950951,59.35,1124.1
exp-3cad717cf8a944f6,ablation,ablate:structure,C2_pessimistic,CORE,lightgbm,n_estimators=400;num_leaves=31,F5,258059,38741,uncalibrated,0.358679,0.370634,0.445755,1.067098,0.643049,0.042577,0.288517,0.527655,0.295729,0.259389,0.487003,0.253607,0.7013865332205597,69.13,1124.1
exp-3cad717cf8a944f6,ablation,ablate:structure,C2_pessimistic,CORE,lightgbm,n_estimators=400;num_leaves=31,F5,258059,38741,calibrated,0.358679,0.370634,0.445755,1.068195,0.641456,0.01987,0.288517,0.527655,0.295729,0.259389,0.487003,0.253607,0.7013865332205597,69.13,1124.1
exp-3e6fc1a3ceeb09d3,baseline,,C2_pessimistic,-,mean_reversion,,F1,103517,38392,uncalibrated,0.170419,0.328003,0.171937,,,,0.486407,0.002116,0.495486,0.493592,0.001901,0.504506,,0.0,497.0
exp-3e6fc1a3ceeb09d3,baseline,,C2_pessimistic,-,mean_reversion,,F1,103517,38392,calibrated,0.170419,0.328003,0.171937,,,,0.486407,0.002116,0.495486,0.493592,0.001901,0.504506,,0.0,497.0
exp-3e6fc1a3ceeb09d3,baseline,,C2_pessimistic,-,mean_reversion,,F2,141909,38024,uncalibrated,0.170372,0.325734,0.172339,,,,0.485182,0.001823,0.490196,0.491532,0.001762,0.506706,,0.0,497.0
exp-3e6fc1a3ceeb09d3,baseline,,C2_pessimistic,-,mean_reversion,,F2,141909,38024,calibrated,0.170372,0.325734,0.172339,,,,0.485182,0.001823,0.490196,0.491532,0.001762,0.506706,,0.0,497.0
exp-3e6fc1a3ceeb09d3,baseline,,C2_pessimistic,-,mean_reversion,,F3,179933,39063,uncalibrated,0.157814,0.337304,0.153931,,,,0.504934,0.002164,0.504816,0.494944,0.002227,0.502829,,0.0,497.0
exp-3e6fc1a3ceeb09d3,baseline,,C2_pessimistic,-,mean_reversion,,F3,179933,39063,calibrated,0.157814,0.337304,0.153931,,,,0.504934,0.002164,0.504816,0.494944,0.002227,0.502829,,0.0,497.0
exp-3e6fc1a3ceeb09d3,baseline,,C2_pessimistic,-,mean_reversion,,F4,218996,39063,uncalibrated,0.156762,0.322892,0.154596,,,,0.500326,0.00251,0.465842,0.502112,0.002355,0.495533,,0.0,497.0
exp-3e6fc1a3ceeb09d3,baseline,,C2_pessimistic,-,mean_reversion,,F4,218996,39063,calibrated,0.156762,0.322892,0.154596,,,,0.500326,0.00251,0.465842,0.502112,0.002355,0.495533,,0.0,497.0
exp-3e6fc1a3ceeb09d3,baseline,,C2_pessimistic,-,mean_reversion,,F5,258059,38741,uncalibrated,0.168689,0.324421,0.170207,,,,0.484709,0.002255,0.4863,0.496141,0.002013,0.501846,,0.0,497.0
exp-3e6fc1a3ceeb09d3,baseline,,C2_pessimistic,-,mean_reversion,,F5,258059,38741,calibrated,0.168689,0.324421,0.170207,,,,0.484709,0.002255,0.4863,0.496141,0.002013,0.501846,,0.0,497.0
exp-403dab78adbd88da,model,,C0_spread_only,CORE,lightgbm,n_estimators=150;num_leaves=31,F1,103517,38392,uncalibrated,0.366926,0.371547,0.394223,1.08414,0.655948,0.012747,0.305312,0.455534,0.353796,0.276672,0.408106,0.315222,1.3236839341513549,30.25,610.8
exp-403dab78adbd88da,model,,C0_spread_only,CORE,lightgbm,n_estimators=150;num_leaves=31,F1,103517,38392,calibrated,0.366926,0.371547,0.394223,1.084353,0.656366,0.020371,0.305312,0.455534,0.353796,0.276672,0.408106,0.315222,1.3236839341513549,30.25,610.8
exp-403dab78adbd88da,model,,C0_spread_only,CORE,lightgbm,n_estimators=150;num_leaves=31,F2,141909,38024,uncalibrated,0.368929,0.370786,0.417184,1.075094,0.64996,0.027897,0.225091,0.558546,0.32872,0.203135,0.508626,0.288239,0.9042439930257764,38.79,610.8
exp-403dab78adbd88da,model,,C0_spread_only,CORE,lightgbm,n_estimators=150;num_leaves=31,F2,141909,38024,calibrated,0.368929,0.370786,0.417184,1.074582,0.649503,0.022018,0.225091,0.558546,0.32872,0.203135,0.508626,0.288239,0.9042439930257764,38.79,610.8
exp-403dab78adbd88da,model,,C0_spread_only,CORE,lightgbm,n_estimators=150;num_leaves=31,F3,179933,39063,uncalibrated,0.364787,0.36871,0.401505,1.080188,0.653473,0.023527,0.310914,0.477534,0.317683,0.28687,0.428129,0.285001,0.9158185217222209,46.92,704.4
exp-403dab78adbd88da,model,,C0_spread_only,CORE,lightgbm,n_estimators=150;num_leaves=31,F3,179933,39063,calibrated,0.364787,0.36871,0.401505,1.080037,0.653275,0.021226,0.310914,0.477534,0.317683,0.28687,0.428129,0.285001,0.9158185217222209,46.92,704.4
exp-403dab78adbd88da,model,,C0_spread_only,CORE,lightgbm,n_estimators=150;num_leaves=31,F4,218996,39063,uncalibrated,0.365515,0.37001,0.40148,1.080021,0.653395,0.021541,0.326443,0.47341,0.310178,0.296111,0.422727,0.281161,0.908645152121368,54.42,704.4
exp-403dab78adbd88da,model,,C0_spread_only,CORE,lightgbm,n_estimators=150;num_leaves=31,F4,218996,39063,calibrated,0.365515,0.37001,0.40148,1.079906,0.653221,0.017682,0.326443,0.47341,0.310178,0.296111,0.422727,0.281161,0.908645152121368,54.42,704.4
exp-403dab78adbd88da,model,,C0_spread_only,CORE,lightgbm,n_estimators=150;num_leaves=31,F5,258059,38741,uncalibrated,0.35982,0.366998,0.377481,1.089509,0.659612,0.017153,0.356982,0.406563,0.337449,0.329909,0.360806,0.309285,0.9552043186883313,63.28,920.1
exp-403dab78adbd88da,model,,C0_spread_only,CORE,lightgbm,n_estimators=150;num_leaves=31,F5,258059,38741,calibrated,0.35982,0.366998,0.377481,1.08983,0.659756,0.017346,0.356982,0.406563,0.337449,0.329909,0.360806,0.309285,0.9552043186883313,63.28,920.1
exp-418097a2ba45350d,model,,C2_pessimistic,REGIME,logistic,C=0.1;class_weight=None,F1,103517,38392,uncalibrated,0.274265,0.337532,0.65274,0.872143,0.504289,0.01164,0.003968,0.995928,0.012701,0.002396,0.991925,0.005678,0.8930132787125873,15.99,969.1
exp-418097a2ba45350d,model,,C2_pessimistic,REGIME,logistic,C=0.1;class_weight=None,F1,103517,38392,calibrated,0.274265,0.337532,0.65274,0.875471,0.506326,0.035485,0.003968,0.995928,0.012701,0.002396,0.991925,0.005678,0.8930132787125873,15.99,969.1
exp-418097a2ba45350d,model,,C2_pessimistic,REGIME,logistic,C=0.1;class_weight=None,F2,141909,38024,uncalibrated,0.269519,0.336194,0.649616,0.878749,0.508839,0.029495,0.002383,0.998055,0.008145,0.000999,0.995345,0.003656,1.0868615948097644,22.48,969.1
exp-418097a2ba45350d,model,,C2_pessimistic,REGIME,logistic,C=0.1;class_weight=None,F2,141909,38024,calibrated,0.269519,0.336194,0.649616,0.876669,0.507517,0.00895,0.002383,0.998055,0.008145,0.000999,0.995345,0.003656,1.0868615948097644,22.48,969.1
exp-418097a2ba45350d,model,,C2_pessimistic,REGIME,logistic,C=0.1;class_weight=None,F3,179933,39063,uncalibrated,0.279503,0.335347,0.697821,0.811097,0.460456,0.025752,0.00184,0.997836,0.006364,0.000922,0.995981,0.003098,1.0641064942587626,27.26,969.1
exp-418097a2ba45350d,model,,C2_pessimistic,REGIME,logistic,C=0.1;class_weight=None,F3,179933,39063,calibrated,0.279503,0.335347,0.697821,0.814059,0.462392,0.044057,0.00184,0.997836,0.006364,0.000922,0.995981,0.003098,1.0641064942587626,27.26,969.1
exp-418097a2ba45350d,model,,C2_pessimistic,REGIME,logistic,C=0.1;class_weight=None,F4,218996,39063,uncalibrated,0.277496,0.336021,0.683562,0.83052,0.474538,0.02221,0.00179,0.997753,0.00852,0.001075,0.995674,0.003251,0.916178738033929,33.69,969.1
exp-418097a2ba45350d,model,,C2_pessimistic,REGIME,logistic,C=0.1;class_weight=None,F4,218996,39063,calibrated,0.277496,0.336021,0.683562,0.829524,0.473873,0.008328,0.00179,0.997753,0.00852,0.001075,0.995674,0.003251,0.916178738033929,33.69,969.1
exp-418097a2ba45350d,model,,C2_pessimistic,REGIME,logistic,C=0.1;class_weight=None,F5,258059,38741,uncalibrated,0.271274,0.335955,0.651609,0.874149,0.505691,0.010706,0.002885,0.99549,0.00949,0.00191,0.99236,0.00573,0.9203162261129024,39.26,969.1
exp-418097a2ba45350d,model,,C2_pessimistic,REGIME,logistic,C=0.1;class_weight=None,F5,258059,38741,calibrated,0.271274,0.335955,0.651609,0.876396,0.50708,0.030759,0.002885,0.99549,0.00949,0.00191,0.99236,0.00573,0.9203162261129024,39.26,969.1
exp-4728701cbdd6d5ce,model,,C0_spread_only,REGIME,lightgbm,n_estimators=150;num_leaves=31,F1,103517,38392,uncalibrated,0.363405,0.368156,0.391175,1.084657,0.656273,0.010937,0.290844,0.453713,0.359913,0.26878,0.408731,0.322489,1.3040097065781264,31.36,940.4
exp-4728701cbdd6d5ce,model,,C0_spread_only,REGIME,lightgbm,n_estimators=150;num_leaves=31,F1,103517,38392,calibrated,0.363405,0.368156,0.391175,1.084701,0.656575,0.014863,0.290844,0.453713,0.359913,0.26878,0.408731,0.322489,1.3040097065781264,31.36,940.4
exp-4728701cbdd6d5ce,model,,C0_spread_only,REGIME,lightgbm,n_estimators=150;num_leaves=31,F2,141909,38024,uncalibrated,0.369641,0.37083,0.417158,1.075512,0.650196,0.027907,0.236288,0.558019,0.318182,0.21347,0.507337,0.279192,0.9047382088700539,38.58,940.4
exp-4728701cbdd6d5ce,model,,C0_spread_only,REGIME,lightgbm,n_estimators=150;num_leaves=31,F2,141909,38024,calibrated,0.369641,0.37083,0.417158,1.075047,0.649759,0.02254,0.236288,0.558019,0.318182,0.21347,0.507337,0.279192,0.9047382088700539,38.58,940.4
exp-4728701cbdd6d5ce,model,,C0_spread_only,REGIME,lightgbm,n_estimators=150;num_leaves=31,F3,179933,39063,uncalibrated,0.365717,0.369674,0.402452,1.080454,0.65367,0.021461,0.310159,0.478492,0.320372,0.287843,0.427003,0.285155,0.9372584506382665,49.62,940.4
exp-4728701cbdd6d5ce,model,,C0_spread_only,REGIME,lightgbm,n_estimators=150;num_leaves=31,F3,179933,39063,calibrated,0.365717,0.369674,0.402452,1.080334,0.653526,0.01832,0.310159,0.478492,0.320372,0.287843,0.427003,0.285155,0.9372584506382665,49.62,940.4
exp-4728701cbdd6d5ce,model,,C0_spread_only,REGIME,lightgbm,n_estimators=150;num_leaves=31,F4,218996,39063,uncalibrated,0.364741,0.369273,0.40043,1.080693,0.653837,0.02268,0.324342,0.471644,0.311832,0.294883,0.421089,0.284028,0.931669307740204,54.81,940.4
exp-4728701cbdd6d5ce,model,,C0_spread_only,REGIME,lightgbm,n_estimators=150;num_leaves=31,F4,218996,39063,calibrated,0.364741,0.369273,0.40043,1.080637,0.653729,0.019973,0.324342,0.471644,0.311832,0.294883,0.421089,0.284028,0.931669307740204,54.81,940.4
exp-4728701cbdd6d5ce,model,,C0_spread_only,REGIME,lightgbm,n_estimators=150;num_leaves=31,F5,258059,38741,uncalibrated,0.359433,0.366629,0.377068,1.089517,0.659629,0.01564,0.358419,0.405953,0.335516,0.330787,0.361065,0.308149,0.9743504341610039,67.95,943.5
exp-4728701cbdd6d5ce,model,,C0_spread_only,REGIME,lightgbm,n_estimators=150;num_leaves=31,F5,258059,38741,calibrated,0.359433,0.366629,0.377068,1.08969,0.659707,0.015517,0.358419,0.405953,0.335516,0.330787,0.361065,0.308149,0.9743504341610039,67.95,943.5
exp-4da595ab63075633,model,,C0_spread_only,CORE,logistic,C=0.1;class_weight=balanced,F1,103517,38392,uncalibrated,0.3696,0.371026,0.408314,1.081257,0.653352,0.029255,0.324744,0.507285,0.281049,0.296051,0.455876,0.248073,1.0759116219511529,15.69,610.8
exp-4da595ab63075633,model,,C0_spread_only,CORE,logistic,C=0.1;class_weight=balanced,F1,103517,38392,calibrated,0.3696,0.371026,0.408314,1.081473,0.653681,0.031899,0.324744,0.507285,0.281049,0.296051,0.455876,0.248073,1.0759116219511529,15.69,610.8
exp-4da595ab63075633,model,,C0_spread_only,CORE,logistic,C=0.1;class_weight=balanced,F2,141909,38024,uncalibrated,0.374811,0.374961,0.416448,1.078828,0.652155,0.03739,0.286781,0.541743,0.296359,0.253077,0.486456,0.260467,0.9161665498703859,25.03,610.8
exp-4da595ab63075633,model,,C0_spread_only,CORE,logistic,C=0.1;class_weight=balanced,F2,141909,38024,calibrated,0.374811,0.374961,0.416448,1.078402,0.651708,0.033486,0.286781,0.541743,0.296359,0.253077,0.486456,0.260467,0.9161665498703859,25.03,610.8
exp-4da595ab63075633,model,,C0_spread_only,CORE,logistic,C=0.1;class_weight=balanced,F3,179933,39063,uncalibrated,0.360874,0.367926,0.389371,1.088802,0.658677,0.020998,0.317284,0.439452,0.347042,0.293782,0.393339,0.312879,1.0487786629068339,26.85,704.4
exp-4da595ab63075633,model,,C0_spread_only,CORE,logistic,C=0.1;class_weight=balanced,F3,179933,39063,calibrated,0.360874,0.367926,0.389371,1.088713,0.658713,0.022037,0.317284,0.439452,0.347042,0.293782,0.393339,0.312879,1.0487786629068339,26.85,704.4
exp-4da595ab63075633,model,,C0_spread_only,CORE,logistic,C=0.1;class_weight=balanced,F4,218996,39063,uncalibrated,0.366091,0.372003,0.398638,1.08707,0.657364,0.026561,0.311077,0.459471,0.345463,0.281673,0.4098,0.308527,1.0913618500744722,33.7,704.4
exp-4da595ab63075633,model,,C0_spread_only,CORE,logistic,C=0.1;class_weight=balanced,F4,218996,39063,calibrated,0.366091,0.372003,0.398638,1.087026,0.657518,0.028423,0.311077,0.459471,0.345463,0.281673,0.4098,0.308527,1.0913618500744722,33.7,704.4
exp-4da595ab63075633,model,,C0_spread_only,CORE,logistic,C=0.1;class_weight=balanced,F5,258059,38741,uncalibrated,0.353245,0.365441,0.366098,1.098273,0.664634,0.015102,0.313142,0.370041,0.413142,0.29483,0.325572,0.379598,1.141877041682983,36.31,917.3
exp-4da595ab63075633,model,,C0_spread_only,CORE,logistic,C=0.1;class_weight=balanced,F5,258059,38741,calibrated,0.353245,0.365441,0.366098,1.096809,0.66402,0.015113,0.313142,0.370041,0.413142,0.29483,0.325572,0.379598,1.141877041682983,36.31,917.3
exp-4e5b9cf0f6c9ae98,model,,C0_spread_only,REGIME,lightgbm,n_estimators=400;num_leaves=31,F1,103517,38392,uncalibrated,0.361672,0.366376,0.388544,1.087118,0.65795,0.022376,0.297603,0.448604,0.352922,0.275995,0.405136,0.318869,1.5400447380672984,78.9,940.4
exp-4e5b9cf0f6c9ae98,model,,C0_spread_only,REGIME,lightgbm,n_estimators=400;num_leaves=31,F1,103517,38392,calibrated,0.361672,0.366376,0.388544,1.084942,0.656894,0.010895,0.297603,0.448604,0.352922,0.275995,0.405136,0.318869,1.5400447380672984,78.9,940.4
exp-4e5b9cf0f6c9ae98,model,,C0_spread_only,REGIME,lightgbm,n_estimators=400;num_leaves=31,F2,141909,38024,uncalibrated,0.367725,0.368603,0.414028,1.074282,0.649224,0.009719,0.24168,0.552015,0.312114,0.221755,0.504971,0.273275,1.0987262767082693,94.98,940.4
exp-4e5b9cf0f6c9ae98,model,,C0_spread_only,REGIME,lightgbm,n_estimators=400;num_leaves=31,F2,141909,38024,calibrated,0.367725,0.368603,0.414028,1.074391,0.649415,0.014485,0.24168,0.552015,0.312114,0.221755,0.504971,0.273275,1.0987262767082693,94.98,940.4
exp-4e5b9cf0f6c9ae98,model,,C0_spread_only,REGIME,lightgbm,n_estimators=400;num_leaves=31,F3,179933,39063,uncalibrated,0.36303,0.366876,0.399688,1.079719,0.653112,0.010419,0.31221,0.475666,0.312752,0.288227,0.426363,0.285411,1.1316349570422302,113.68,940.4
exp-4e5b9cf0f6c9ae98,model,,C0_spread_only,REGIME,lightgbm,n_estimators=400;num_leaves=31,F3,179933,39063,calibrated,0.36303,0.366876,0.399688,1.079691,0.653202,0.013076,0.31221,0.475666,0.312752,0.288227,0.426363,0.285411,1.1316349570422302,113.68,940.4
exp-4e5b9cf0f6c9ae98,model,,C0_spread_only,REGIME,lightgbm,n_estimators=400;num_leaves=31,F4,218996,39063,uncalibrated,0.360608,0.365179,0.395592,1.080414,0.653625,0.0126,0.321689,0.465104,0.308744,0.295855,0.417428,0.286716,1.1211804936023402,128.93,940.4
exp-4e5b9cf0f6c9ae98,model,,C0_spread_only,REGIME,lightgbm,n_estimators=400;num_leaves=31,F4,218996,39063,calibrated,0.360608,0.365179,0.395592,1.080271,0.653618,0.014935,0.321689,0.465104,0.308744,0.295855,0.417428,0.286716,1.1211804936023402,128.93,940.4
exp-4e5b9cf0f6c9ae98,model,,C0_spread_only,REGIME,lightgbm,n_estimators=400;num_leaves=31,F5,258059,38741,uncalibrated,0.355843,0.361719,0.37539,1.08955,0.659466,0.02195,0.338706,0.413725,0.332725,0.320023,0.370305,0.309672,1.1087571691681806,127.81,943.5
exp-4e5b9cf0f6c9ae98,model,,C0_spread_only,REGIME,lightgbm,n_estimators=400;num_leaves=31,F5,258059,38741,calibrated,0.355843,0.361719,0.37539,1.088585,0.658984,0.019823,0.338706,0.413725,0.332725,0.320023,0.370305,0.309672,1.1087571691681806,127.81,943.5
exp-4e5bf55e8b582183,ablation,ablate:mtf,C0_spread_only,CORE,lightgbm,n_estimators=400;num_leaves=31,F1,103517,38392,uncalibrated,0.360567,0.365038,0.387034,1.087868,0.658497,0.02259,0.306896,0.446327,0.34189,0.285711,0.404824,0.309466,1.5968033360941454,27.57,1124.1
exp-4e5bf55e8b582183,ablation,ablate:mtf,C0_spread_only,CORE,lightgbm,n_estimators=400;num_leaves=31,F1,103517,38392,calibrated,0.360567,0.365038,0.387034,1.08564,0.657395,0.008227,0.306896,0.446327,0.34189,0.285711,0.404824,0.309466,1.5968033360941454,27.57,1124.1
exp-4e5bf55e8b582183,ablation,ablate:mtf,C0_spread_only,CORE,lightgbm,n_estimators=400;num_leaves=31,F2,141909,38024,uncalibrated,0.363173,0.364331,0.411608,1.074536,0.649554,0.010425,0.229964,0.55528,0.30775,0.209289,0.511335,0.279376,1.1368398100580481,34.09,1124.1
exp-4e5bf55e8b582183,ablation,ablate:mtf,C0_spread_only,CORE,lightgbm,n_estimators=400;num_leaves=31,F2,141909,38024,calibrated,0.363173,0.364331,0.411608,1.074845,0.649879,0.017158,0.229964,0.55528,0.30775,0.209289,0.511335,0.279376,1.1368398100580481,34.09,1124.1
exp-4e5bf55e8b582183,ablation,ablate:mtf,C0_spread_only,CORE,lightgbm,n_estimators=400;num_leaves=31,F3,179933,39063,uncalibrated,0.361457,0.36557,0.397051,1.081293,0.654122,0.014486,0.314153,0.469918,0.31264,0.290863,0.424366,0.284771,1.1402901929879614,39.71,1124.1
exp-4e5bf55e8b582183,ablation,ablate:mtf,C0_spread_only,CORE,lightgbm,n_estimators=400;num_leaves=31,F3,179933,39063,calibrated,0.361457,0.36557,0.397051,1.08115,0.654156,0.017448,0.314153,0.469918,0.31264,0.290863,0.424366,0.284771,1.1402901929879614,39.71,1124.1
exp-4e5bf55e8b582183,ablation,ablate:mtf,C0_spread_only,CORE,lightgbm,n_estimators=400;num_leaves=31,F4,218996,39063,uncalibrated,0.357517,0.362295,0.391393,1.08145,0.654377,0.014153,0.31782,0.457896,0.31117,0.29967,0.414535,0.285795,1.1842316922502156,42.05,1124.1
exp-4e5bf55e8b582183,ablation,ablate:mtf,C0_spread_only,CORE,lightgbm,n_estimators=400;num_leaves=31,F4,218996,39063,calibrated,0.357517,0.362295,0.391393,1.081267,0.654365,0.015216,0.31782,0.457896,0.31117,0.29967,0.414535,0.285795,1.1842316922502156,42.05,1124.1
exp-4e5bf55e8b582183,ablation,ablate:mtf,C0_spread_only,CORE,lightgbm,n_estimators=400;num_leaves=31,F5,258059,38741,uncalibrated,0.356604,0.362724,0.375855,1.089062,0.659195,0.021666,0.334805,0.412912,0.340455,0.311195,0.371519,0.317287,1.1115141245501707,50.11,1124.1
exp-4e5bf55e8b582183,ablation,ablate:mtf,C0_spread_only,CORE,lightgbm,n_estimators=400;num_leaves=31,F5,258059,38741,calibrated,0.356604,0.362724,0.375855,1.0882,0.658775,0.019663,0.334805,0.412912,0.340455,0.311195,0.371519,0.317287,1.1115141245501707,50.11,1124.1
exp-4f01c79efc6f1809,model,,C2_pessimistic,CORE,lightgbm,n_estimators=150;num_leaves=15,F1,103517,38392,uncalibrated,0.361687,0.381592,0.432538,1.079809,0.651337,0.039615,0.304482,0.488344,0.351951,0.263128,0.444259,0.292613,0.7368174873182849,22.59,611.3
exp-4f01c79efc6f1809,model,,C2_pessimistic,CORE,lightgbm,n_estimators=150;num_leaves=15,F1,103517,38392,calibrated,0.361687,0.381592,0.432538,1.081701,0.650644,0.019756,0.304482,0.488344,0.351951,0.263128,0.444259,0.292613,0.7368174873182849,22.59,611.3
exp-4f01c79efc6f1809,model,,C2_pessimistic,CORE,lightgbm,n_estimators=150;num_leaves=15,F2,141909,38024,uncalibrated,0.370388,0.379186,0.478461,1.057871,0.636718,0.082072,0.210424,0.589124,0.338009,0.178624,0.544367,0.277009,0.9790363589044817,31.16,611.3
exp-4f01c79efc6f1809,model,,C2_pessimistic,CORE,lightgbm,n_estimators=150;num_leaves=15,F2,141909,38024,calibrated,0.370388,0.379186,0.478461,1.057427,0.636335,0.080745,0.210424,0.589124,0.338009,0.178624,0.544367,0.277009,0.9790363589044817,31.16,611.3
exp-4f01c79efc6f1809,model,,C2_pessimistic,CORE,lightgbm,n_estimators=150;num_leaves=15,F3,179933,39063,uncalibrated,0.360941,0.370371,0.497197,1.053651,0.633864,0.10337,0.24954,0.6022,0.259374,0.225226,0.564012,0.210762,0.6197360762043497,36.39,690.1
exp-4f01c79efc6f1809,model,,C2_pessimistic,CORE,lightgbm,n_estimators=150;num_leaves=15,F3,179933,39063,calibrated,0.360941,0.370371,0.497197,1.043289,0.623584,0.068185,0.24954,0.6022,0.259374,0.225226,0.564012,0.210762,0.6197360762043497,36.39,690.1
exp-4f01c79efc6f1809,model,,C2_pessimistic,CORE,lightgbm,n_estimators=150;num_leaves=15,F4,218996,39063,uncalibrated,0.370784,0.384586,0.482528,1.064853,0.641505,0.091163,0.305664,0.571129,0.276965,0.258941,0.52784,0.21322,0.4972639969078982,43.57,799.3
exp-4f01c79efc6f1809,model,,C2_pessimistic,CORE,lightgbm,n_estimators=150;num_leaves=15,F4,218996,39063,calibrated,0.370784,0.384586,0.482528,1.063659,0.633644,0.037605,0.305664,0.571129,0.276965,0.258941,0.52784,0.21322,0.4972639969078982,43.57,799.3
exp-4f01c79efc6f1809,model,,C2_pessimistic,CORE,lightgbm,n_estimators=150;num_leaves=15,F5,258059,38741,uncalibrated,0.362876,0.375068,0.451305,1.075695,0.648863,0.063606,0.280583,0.534657,0.309965,0.246999,0.490385,0.262616,0.6497246037939519,54.14,814.1
exp-4f01c79efc6f1809,model,,C2_pessimistic,CORE,lightgbm,n_estimators=150;num_leaves=15,F5,258059,38741,calibrated,0.362876,0.375068,0.451305,1.077079,0.646705,0.036483,0.280583,0.534657,0.309965,0.246999,0.490385,0.262616,0.6497246037939519,54.14,814.1
exp-4f1cc0cf70821240,model,,C1_moderate,CONDITIONAL,lightgbm,n_estimators=400;num_leaves=15,F1,103517,38392,uncalibrated,0.343375,0.370082,0.383752,1.092802,0.661322,0.023626,0.181861,0.412777,0.515608,0.165738,0.367629,0.466634,1.4517095623928244,63.84,748.7
exp-4f1cc0cf70821240,model,,C1_moderate,CONDITIONAL,lightgbm,n_estimators=400;num_leaves=15,F1,103517,38392,calibrated,0.343375,0.370082,0.383752,1.089287,0.659588,0.011655,0.181861,0.412777,0.515608,0.165738,0.367629,0.466634,1.4517095623928244,63.84,748.7
exp-4f1cc0cf70821240,model,,C1_moderate,CONDITIONAL,lightgbm,n_estimators=400;num_leaves=15,F2,141909,38024,uncalibrated,0.346654,0.37637,0.394093,1.084734,0.656192,0.011135,0.146552,0.433687,0.548871,0.126394,0.383652,0.489954,1.613644011084674,77.5,748.7
exp-4f1cc0cf70821240,model,,C1_moderate,CONDITIONAL,lightgbm,n_estimators=400;num_leaves=15,F2,141909,38024,calibrated,0.346654,0.37637,0.394093,1.0845,0.65655,0.020152,0.146552,0.433687,0.548871,0.126394,0.383652,0.489954,1.613644011084674,77.5,748.7
exp-4f1cc0cf70821240,model,,C1_moderate,CONDITIONAL,lightgbm,n_estimators=400;num_leaves=15,F3,179933,39063,uncalibrated,0.314679,0.36481,0.323298,1.11751,0.677291,0.073162,0.343472,0.261237,0.489722,0.328777,0.226276,0.444948,2.4503465151906485,93.11,748.7
exp-4f1cc0cf70821240,model,,C1_moderate,CONDITIONAL,lightgbm,n_estimators=400;num_leaves=15,F3,179933,39063,calibrated,0.314679,0.36481,0.323298,1.100797,0.667567,0.049594,0.343472,0.261237,0.489722,0.328777,0.226276,0.444948,2.4503465151906485,93.11,748.7
exp-4f1cc0cf70821240,model,,C1_moderate,CONDITIONAL,lightgbm,n_estimators=400;num_leaves=15,F4,218996,39063,uncalibrated,0.357623,0.368167,0.405832,1.081984,0.65385,0.020498,0.32809,0.465823,0.310589,0.297007,0.423854,0.279139,2.6758980238648036,111.13,823.3
exp-4f1cc0cf70821240,model,,C1_moderate,CONDITIONAL,lightgbm,n_estimators=400;num_leaves=15,F4,218996,39063,calibrated,0.357623,0.368167,0.405832,1.08701,0.658353,0.051039,0.32809,0.465823,0.310589,0.297007,0.423854,0.279139,2.6758980238648036,111.13,823.3
exp-4f1cc0cf70821240,model,,C1_moderate,CONDITIONAL,lightgbm,n_estimators=400;num_leaves=15,F5,258059,38741,uncalibrated,0.365748,0.370401,0.414419,1.077456,0.65097,0.03016,0.310657,0.499011,0.301534,0.282724,0.451279,0.265997,0.9916505800639226,127.19,893.5
exp-4f1cc0cf70821240,model,,C1_moderate,CONDITIONAL,lightgbm,n_estimators=400;num_leaves=15,F5,258059,38741,calibrated,0.365748,0.370401,0.414419,1.077442,0.65094,0.029798,0.310657,0.499011,0.301534,0.282724,0.451279,0.265997,0.9916505800639226,127.19,893.5
exp-530e4bb6c827a20f,model,,C1_moderate,CORE,logistic,C=0.1;class_weight=balanced,F1,103517,38392,uncalibrated,0.365944,0.369712,0.422536,1.083145,0.654191,0.042346,0.298518,0.518946,0.291672,0.271411,0.474161,0.254428,0.9073654726250433,15.3,609.8
exp-530e4bb6c827a20f,model,,C1_moderate,CORE,logistic,C=0.1;class_weight=balanced,F1,103517,38392,calibrated,0.365944,0.369712,0.422536,1.083084,0.653749,0.03778,0.298518,0.518946,0.291672,0.271411,0.474161,0.254428,0.9073654726250433,15.3,609.8
exp-530e4bb6c827a20f,model,,C1_moderate,CORE,logistic,C=0.1;class_weight=balanced,F2,141909,38024,uncalibrated,0.374041,0.375311,0.437066,1.076613,0.65003,0.054399,0.272251,0.561055,0.292627,0.24119,0.510099,0.248711,1.0134892589957267,25.35,655.7
exp-530e4bb6c827a20f,model,,C1_moderate,CORE,logistic,C=0.1;class_weight=balanced,F2,141909,38024,calibrated,0.374041,0.375311,0.437066,1.076714,0.650137,0.055038,0.272251,0.561055,0.292627,0.24119,0.510099,0.248711,1.0134892589957267,25.35,655.7
exp-530e4bb6c827a20f,model,,C1_moderate,CORE,logistic,C=0.1;class_weight=balanced,F3,179933,39063,uncalibrated,0.360173,0.366251,0.425671,1.083239,0.654297,0.048616,0.278508,0.516432,0.303814,0.261117,0.473952,0.264931,0.9497149484602143,26.08,748.7
exp-530e4bb6c827a20f,model,,C1_moderate,CORE,logistic,C=0.1;class_weight=balanced,F3,179933,39063,calibrated,0.360173,0.366251,0.425671,1.083157,0.654061,0.04639,0.278508,0.516432,0.303814,0.261117,0.473952,0.264931,0.9497149484602143,26.08,748.7
exp-530e4bb6c827a20f,model,,C1_moderate,CORE,logistic,C=0.1;class_weight=balanced,F4,218996,39063,uncalibrated,0.365139,0.371954,0.424366,1.084227,0.654878,0.0468,0.299773,0.507737,0.308352,0.268592,0.464276,0.267133,0.873533493640702,29.83,748.7
exp-530e4bb6c827a20f,model,,C1_moderate,CORE,logistic,C=0.1;class_weight=balanced,F4,218996,39063,calibrated,0.365139,0.371954,0.424366,1.084372,0.654442,0.041047,0.299773,0.507737,0.308352,0.268592,0.464276,0.267133,0.873533493640702,29.83,748.7
exp-530e4bb6c827a20f,model,,C1_moderate,CORE,logistic,C=0.1;class_weight=balanced,F5,258059,38741,uncalibrated,0.355753,0.368195,0.386696,1.09779,0.663724,0.016724,0.306183,0.423447,0.374955,0.284066,0.379908,0.336026,1.0441509329978973,39.94,748.7
exp-530e4bb6c827a20f,model,,C1_moderate,CORE,logistic,C=0.1;class_weight=balanced,F5,258059,38741,calibrated,0.355753,0.368195,0.386696,1.097253,0.663543,0.017838,0.306183,0.423447,0.374955,0.284066,0.379908,0.336026,1.0441509329978973,39.94,748.7
exp-54f4ab36cc2f0bc7,model,,C2_pessimistic,CORE,logistic,C=0.1;class_weight=balanced,F1,103517,38392,uncalibrated,0.363063,0.375911,0.44913,1.083174,0.652387,0.058961,0.292138,0.52894,0.306656,0.25909,0.485309,0.2556,0.7581055089825243,15.73,611.3
exp-54f4ab36cc2f0bc7,model,,C2_pessimistic,CORE,logistic,C=0.1;class_weight=balanced,F1,103517,38392,calibrated,0.363063,0.375911,0.44913,1.085574,0.651245,0.041675,0.292138,0.52894,0.306656,0.25909,0.485309,0.2556,0.7581055089825243,15.73,611.3
exp-54f4ab36cc2f0bc7,model,,C2_pessimistic,CORE,logistic,C=0.1;class_weight=balanced,F2,141909,38024,uncalibrated,0.374513,0.382334,0.475805,1.067847,0.642483,0.083668,0.290395,0.579683,0.276923,0.245634,0.533032,0.221334,1.2590758917084854,24.49,611.3
exp-54f4ab36cc2f0bc7,model,,C2_pessimistic,CORE,logistic,C=0.1;class_weight=balanced,F2,141909,38024,calibrated,0.374513,0.382334,0.475805,1.071121,0.645843,0.095654,0.290395,0.579683,0.276923,0.245634,0.533032,0.221334,1.2590758917084854,24.49,611.3
exp-54f4ab36cc2f0bc7,model,,C2_pessimistic,CORE,logistic,C=0.1;class_weight=balanced,F3,179933,39063,uncalibrated,0.361563,0.371833,0.495328,1.066867,0.64197,0.109511,0.248704,0.597616,0.269178,0.221207,0.561401,0.217392,0.7747430488532835,25.78,690.1
exp-54f4ab36cc2f0bc7,model,,C2_pessimistic,CORE,logistic,C=0.1;class_weight=balanced,F3,179933,39063,calibrated,0.361563,0.371833,0.495328,1.063469,0.637766,0.09483,0.248704,0.597616,0.269178,0.221207,0.561401,0.217392,0.7747430488532835,25.78,690.1
exp-54f4ab36cc2f0bc7,model,,C2_pessimistic,CORE,logistic,C=0.1;class_weight=balanced,F4,218996,39063,uncalibrated,0.368606,0.382226,0.480122,1.073133,0.645849,0.092363,0.286947,0.568619,0.291111,0.242941,0.526995,0.230064,0.5788396647110852,32.37,791.6
exp-54f4ab36cc2f0bc7,model,,C2_pessimistic,CORE,logistic,C=0.1;class_weight=balanced,F4,218996,39063,calibrated,0.368606,0.382226,0.480122,1.0743,0.64014,0.055177,0.286947,0.568619,0.291111,0.242941,0.526995,0.230064,0.5788396647110852,32.37,791.6
exp-54f4ab36cc2f0bc7,model,,C2_pessimistic,CORE,logistic,C=0.1;class_weight=balanced,F5,258059,38741,uncalibrated,0.356657,0.373968,0.432255,1.092998,0.658829,0.048392,0.280294,0.496439,0.345171,0.256989,0.454557,0.288454,0.8115061613954622,34.77,814.1
exp-54f4ab36cc2f0bc7,model,,C2_pessimistic,CORE,logistic,C=0.1;class_weight=balanced,F5,258059,38741,calibrated,0.356657,0.373968,0.432255,1.096337,0.659062,0.037594,0.280294,0.496439,0.345171,0.256989,0.454557,0.288454,0.8115061613954622,34.77,814.1
exp-5a13e661ee302cbd,model,,C1_moderate,CONDITIONAL,logistic,C=0.1;class_weight=balanced,F1,103517,38392,uncalibrated,0.347909,0.36896,0.394509,1.091957,0.659924,0.018918,0.181624,0.444811,0.480444,0.167874,0.400161,0.431965,1.3534563265856723,17.46,748.7
exp-5a13e661ee302cbd,model,,C1_moderate,CONDITIONAL,logistic,C=0.1;class_weight=balanced,F1,103517,38392,calibrated,0.347909,0.36896,0.394509,1.090582,0.659952,0.028564,0.181624,0.444811,0.480444,0.167874,0.400161,0.431965,1.3534563265856723,17.46,748.7
exp-5a13e661ee302cbd,model,,C1_moderate,CONDITIONAL,logistic,C=0.1;class_weight=balanced,F2,141909,38024,uncalibrated,0.352809,0.368019,0.50334,1.04848,0.631032,0.104063,0.091333,0.776052,0.236671,0.073585,0.736535,0.18988,0.6018343456793732,22.93,748.7
exp-5a13e661ee302cbd,model,,C1_moderate,CONDITIONAL,logistic,C=0.1;class_weight=balanced,F2,141909,38024,calibrated,0.352809,0.368019,0.50334,1.034816,0.619847,0.061267,0.091333,0.776052,0.236671,0.073585,0.736535,0.18988,0.6018343456793732,22.93,748.7
exp-5a13e661ee302cbd,model,,C1_moderate,CONDITIONAL,logistic,C=0.1;class_weight=balanced,F3,179933,39063,uncalibrated,0.347118,0.365648,0.391419,1.093747,0.661269,0.025008,0.246088,0.432109,0.418746,0.230807,0.392699,0.376494,1.1893656049883055,25.94,748.7
exp-5a13e661ee302cbd,model,,C1_moderate,CONDITIONAL,logistic,C=0.1;class_weight=balanced,F3,179933,39063,calibrated,0.347118,0.365648,0.391419,1.092676,0.661079,0.029068,0.246088,0.432109,0.418746,0.230807,0.392699,0.376494,1.1893656049883055,25.94,748.7
exp-5a13e661ee302cbd,model,,C1_moderate,CONDITIONAL,logistic,C=0.1;class_weight=balanced,F4,218996,39063,uncalibrated,0.357459,0.371886,0.400174,1.09267,0.660364,0.026639,0.290209,0.444888,0.380562,0.260784,0.402862,0.336354,1.9618303980864835,30.02,823.3
exp-5a13e661ee302cbd,model,,C1_moderate,CONDITIONAL,logistic,C=0.1;class_weight=balanced,F4,218996,39063,calibrated,0.357459,0.371886,0.400174,1.091909,0.661398,0.045118,0.290209,0.444888,0.380562,0.260784,0.402862,0.336354,1.9618303980864835,30.02,823.3
exp-5a13e661ee302cbd,model,,C1_moderate,CONDITIONAL,logistic,C=0.1;class_weight=balanced,F5,258059,38741,uncalibrated,0.358129,0.36869,0.391188,1.096223,0.662741,0.021173,0.32775,0.434761,0.343558,0.301386,0.389768,0.308846,1.1952263051722016,42.73,893.5
exp-5a13e661ee302cbd,model,,C1_moderate,CONDITIONAL,logistic,C=0.1;class_weight=balanced,F5,258059,38741,calibrated,0.358129,0.36869,0.391188,1.094675,0.662331,0.025966,0.32775,0.434761,0.343558,0.301386,0.389768,0.308846,1.1952263051722016,42.73,893.5
exp-5a1e608725a0634a,ablation,ablate:momentum,C2_pessimistic,CORE,lightgbm,n_estimators=400;num_leaves=31,F1,103517,38392,uncalibrated,0.356641,0.373463,0.432356,1.067121,0.643091,0.013698,0.288464,0.496807,0.335119,0.255522,0.457465,0.287013,0.8970379051071042,27.43,1124.1
exp-5a1e608725a0634a,ablation,ablate:momentum,C2_pessimistic,CORE,lightgbm,n_estimators=400;num_leaves=31,F1,103517,38392,calibrated,0.356641,0.373463,0.432356,1.06798,0.643175,0.012247,0.288464,0.496807,0.335119,0.255522,0.457465,0.287013,0.8970379051071042,27.43,1124.1
exp-5a1e608725a0634a,ablation,ablate:momentum,C2_pessimistic,CORE,lightgbm,n_estimators=400;num_leaves=31,F2,141909,38024,uncalibrated,0.367561,0.374827,0.480302,1.038709,0.623772,0.054873,0.204021,0.597836,0.322624,0.176757,0.555754,0.267489,0.9835555297656333,31.3,1124.1
exp-5a1e608725a0634a,ablation,ablate:momentum,C2_pessimistic,CORE,lightgbm,n_estimators=400;num_leaves=31,F2,141909,38024,calibrated,0.367561,0.374827,0.480302,1.038312,0.623446,0.053449,0.204021,0.597836,0.322624,0.176757,0.555754,0.267489,0.9835555297656333,31.3,1124.1
exp-5a1e608725a0634a,ablation,ablate:momentum,C2_pessimistic,CORE,lightgbm,n_estimators=400;num_leaves=31,F3,179933,39063,uncalibrated,0.362662,0.374182,0.49305,1.040231,0.624861,0.078407,0.252551,0.591529,0.278466,0.220567,0.553747,0.225687,0.7536311648946452,37.61,1124.1
exp-5a1e608725a0634a,ablation,ablate:momentum,C2_pessimistic,CORE,lightgbm,n_estimators=400;num_leaves=31,F3,179933,39063,calibrated,0.362662,0.374182,0.49305,1.033359,0.618822,0.052928,0.252551,0.591529,0.278466,0.220567,0.553747,0.225687,0.7536311648946452,37.61,1124.1
exp-5a1e608725a0634a,ablation,ablate:momentum,C2_pessimistic,CORE,lightgbm,n_estimators=400;num_leaves=31,F4,218996,39063,uncalibrated,0.36048,0.373671,0.470496,1.051962,0.632941,0.061838,0.287598,0.558057,0.275358,0.254179,0.519289,0.226532,0.6038550722162568,42.88,1124.1
exp-5a1e608725a0634a,ablation,ablate:momentum,C2_pessimistic,CORE,lightgbm,n_estimators=400;num_leaves=31,F4,218996,39063,calibrated,0.36048,0.373671,0.470496,1.049349,0.627599,0.020253,0.287598,0.558057,0.275358,0.254179,0.519289,0.226532,0.6038550722162568,42.88,1124.1
exp-5a1e608725a0634a,ablation,ablate:momentum,C2_pessimistic,CORE,lightgbm,n_estimators=400;num_leaves=31,F5,258059,38741,uncalibrated,0.359353,0.370871,0.447872,1.066396,0.642572,0.042524,0.289094,0.531769,0.29175,0.254691,0.489662,0.255646,0.6845532874045983,48.78,1124.1
exp-5a1e608725a0634a,ablation,ablate:momentum,C2_pessimistic,CORE,lightgbm,n_estimators=400;num_leaves=31,F5,258059,38741,calibrated,0.359353,0.370871,0.447872,1.068037,0.641072,0.016567,0.289094,0.531769,0.29175,0.254691,0.489662,0.255646,0.6845532874045983,48.78,1124.1
exp-5c584a025e86d01e,baseline,,C0_spread_only,-,momentum,,F1,103517,38392,uncalibrated,0.219615,0.334258,0.243853,,,,0.504805,0.002175,0.495795,0.504506,0.001901,0.493592,,0.0,497.0
exp-5c584a025e86d01e,baseline,,C0_spread_only,-,momentum,,F1,103517,38392,calibrated,0.219615,0.334258,0.243853,,,,0.504805,0.002175,0.495795,0.504506,0.001901,0.493592,,0.0,497.0
exp-5c584a025e86d01e,baseline,,C0_spread_only,-,momentum,,F2,141909,38024,uncalibrated,0.223056,0.332759,0.250368,,,,0.502125,0.001686,0.494465,0.506706,0.001762,0.491532,,0.0,497.0
exp-5c584a025e86d01e,baseline,,C0_spread_only,-,momentum,,F2,141909,38024,calibrated,0.223056,0.332759,0.250368,,,,0.502125,0.001686,0.494465,0.506706,0.001762,0.491532,,0.0,497.0
exp-5c584a025e86d01e,baseline,,C0_spread_only,-,momentum,,F3,179933,39063,uncalibrated,0.209354,0.327457,0.229373,,,,0.492605,0.002203,0.487562,0.502829,0.002227,0.494944,,0.0,497.0
exp-5c584a025e86d01e,baseline,,C0_spread_only,-,momentum,,F3,179933,39063,calibrated,0.209354,0.327457,0.229373,,,,0.492605,0.002203,0.487562,0.502829,0.002227,0.494944,,0.0,497.0
exp-5c584a025e86d01e,baseline,,C0_spread_only,-,momentum,,F4,218996,39063,uncalibrated,0.214378,0.335869,0.234467,,,,0.491377,0.002721,0.513508,0.495533,0.002355,0.502112,,0.0,497.0
exp-5c584a025e86d01e,baseline,,C0_spread_only,-,momentum,,F4,218996,39063,calibrated,0.214378,0.335869,0.234467,,,,0.491377,0.002721,0.513508,0.495533,0.002355,0.502112,,0.0,497.0
exp-5c584a025e86d01e,baseline,,C0_spread_only,-,momentum,,F5,258059,38741,uncalibrated,0.224304,0.338379,0.2502,,,,0.50924,0.002032,0.503865,0.501846,0.002013,0.496141,,0.0,497.0
exp-5c584a025e86d01e,baseline,,C0_spread_only,-,momentum,,F5,258059,38741,calibrated,0.224304,0.338379,0.2502,,,,0.50924,0.002032,0.503865,0.501846,0.002013,0.496141,,0.0,497.0
exp-60bf76bb56dce5c4,model,,C1_moderate,REGIME,logistic,C=0.1;class_weight=balanced,F1,103517,38392,uncalibrated,0.368619,0.371436,0.430428,1.080822,0.65248,0.046006,0.279431,0.538395,0.296484,0.252735,0.491821,0.255444,0.8794557208594701,15.38,893.5
exp-60bf76bb56dce5c4,model,,C1_moderate,REGIME,logistic,C=0.1;class_weight=balanced,F1,103517,38392,calibrated,0.368619,0.371436,0.430428,1.080702,0.651815,0.039187,0.279431,0.538395,0.296484,0.252735,0.491821,0.255444,0.8794557208594701,15.38,893.5
exp-60bf76bb56dce5c4,model,,C1_moderate,REGIME,logistic,C=0.1;class_weight=balanced,F2,141909,38024,uncalibrated,0.374735,0.375418,0.446955,1.072659,0.647417,0.062167,0.245107,0.590801,0.290346,0.21347,0.540974,0.245555,0.9474162841686199,22.12,893.5
exp-60bf76bb56dce5c4,model,,C1_moderate,REGIME,logistic,C=0.1;class_weight=balanced,F2,141909,38024,calibrated,0.374735,0.375418,0.446955,1.072083,0.646872,0.059356,0.245107,0.590801,0.290346,0.21347,0.540974,0.245555,0.9474162841686199,22.12,893.5
exp-60bf76bb56dce5c4,model,,C1_moderate,REGIME,logistic,C=0.1;class_weight=balanced,F3,179933,39063,uncalibrated,0.360074,0.364967,0.42987,1.082296,0.653762,0.052594,0.270247,0.528986,0.295669,0.25505,0.487597,0.257354,0.8859185530189502,27.73,893.5
exp-60bf76bb56dce5c4,model,,C1_moderate,REGIME,logistic,C=0.1;class_weight=balanced,F3,179933,39063,calibrated,0.360074,0.364967,0.42987,1.082056,0.653168,0.047302,0.270247,0.528986,0.295669,0.25505,0.487597,0.257354,0.8859185530189502,27.73,893.5
exp-60bf76bb56dce5c4,model,,C1_moderate,REGIME,logistic,C=0.1;class_weight=balanced,F4,218996,39063,uncalibrated,0.364829,0.371665,0.423956,1.084329,0.654985,0.046137,0.298767,0.50713,0.309098,0.266902,0.464378,0.26872,0.8373070067438094,31.87,893.5
exp-60bf76bb56dce5c4,model,,C1_moderate,REGIME,logistic,C=0.1;class_weight=balanced,F4,218996,39063,calibrated,0.364829,0.371665,0.423956,1.08464,0.654477,0.038015,0.298767,0.50713,0.309098,0.266902,0.464378,0.26872,0.8373070067438094,31.87,893.5
exp-60bf76bb56dce5c4,model,,C1_moderate,REGIME,logistic,C=0.1;class_weight=balanced,F5,258059,38741,uncalibrated,0.357436,0.368662,0.391523,1.096676,0.663001,0.020194,0.293794,0.436876,0.375317,0.273354,0.392762,0.333884,1.0727873145071898,38.11,893.5
exp-60bf76bb56dce5c4,model,,C1_moderate,REGIME,logistic,C=0.1;class_weight=balanced,F5,258059,38741,calibrated,0.357436,0.368662,0.391523,1.095914,0.662771,0.022099,0.293794,0.436876,0.375317,0.273354,0.392762,0.333884,1.0727873145071898,38.11,893.5
exp-619c37117ddcb712,model,,C1_moderate,REGIME,logistic,C=0.01;class_weight=balanced,F1,103517,38392,uncalibrated,0.368706,0.371463,0.43022,1.080249,0.652216,0.047402,0.295199,0.537388,0.281801,0.266722,0.491092,0.242186,0.8758299256743539,15.48,893.5
exp-619c37117ddcb712,model,,C1_moderate,REGIME,logistic,C=0.01;class_weight=balanced,F1,103517,38392,calibrated,0.368706,0.371463,0.43022,1.080024,0.651504,0.040678,0.295199,0.537388,0.281801,0.266722,0.491092,0.242186,0.8758299256743539,15.48,893.5
exp-619c37117ddcb712,model,,C1_moderate,REGIME,logistic,C=0.01;class_weight=balanced,F2,141909,38024,uncalibrated,0.37487,0.375584,0.448322,1.07279,0.647506,0.063715,0.240447,0.594638,0.291667,0.209841,0.544367,0.245792,0.9353817545280884,20.21,893.5
exp-619c37117ddcb712,model,,C1_moderate,REGIME,logistic,C=0.01;class_weight=balanced,F2,141909,38024,calibrated,0.37487,0.375584,0.448322,1.07208,0.646827,0.060228,0.240447,0.594638,0.291667,0.209841,0.544367,0.245792,0.9353817545280884,20.21,893.5
exp-619c37117ddcb712,model,,C1_moderate,REGIME,logistic,C=0.01;class_weight=balanced,F3,179933,39063,uncalibrated,0.359652,0.364229,0.430535,1.081558,0.653275,0.053332,0.268995,0.531771,0.29192,0.254307,0.490797,0.254896,0.8488144988223357,30.48,893.5
exp-619c37117ddcb712,model,,C1_moderate,REGIME,logistic,C=0.01;class_weight=balanced,F3,179933,39063,calibrated,0.359652,0.364229,0.430535,1.08119,0.652421,0.045838,0.268995,0.531771,0.29192,0.254307,0.490797,0.254896,0.8488144988223357,30.48,893.5
exp-619c37117ddcb712,model,,C1_moderate,REGIME,logistic,C=0.01;class_weight=balanced,F4,218996,39063,uncalibrated,0.366054,0.372917,0.425364,1.08441,0.655107,0.04809,0.298389,0.508777,0.311583,0.26616,0.46489,0.26895,0.8139347260030791,33.68,893.5
exp-619c37117ddcb712,model,,C1_moderate,REGIME,logistic,C=0.01;class_weight=balanced,F4,218996,39063,calibrated,0.366054,0.372917,0.425364,1.084775,0.654525,0.03907,0.298389,0.508777,0.311583,0.26616,0.46489,0.26895,0.8139347260030791,33.68,893.5
exp-619c37117ddcb712,model,,C1_moderate,REGIME,logistic,C=0.01;class_weight=balanced,F5,258059,38741,uncalibrated,0.35625,0.367636,0.389742,1.096886,0.6632,0.018837,0.294826,0.433611,0.374472,0.275445,0.389897,0.334658,1.0511142465103864,39.92,893.5
exp-619c37117ddcb712,model,,C1_moderate,REGIME,logistic,C=0.01;class_weight=balanced,F5,258059,38741,calibrated,0.35625,0.367636,0.389742,1.096331,0.663026,0.020309,0.294826,0.433611,0.374472,0.275445,0.389897,0.334658,1.0511142465103864,39.92,893.5
exp-63763a59db11220a,model,,C1_moderate,REGIME,lightgbm,n_estimators=400;num_leaves=31,F1,103517,38392,uncalibrated,0.358386,0.366601,0.401959,1.080893,0.653488,0.014953,0.28607,0.46728,0.346453,0.257189,0.429256,0.313555,1.2217999759104285,79.55,893.5
exp-63763a59db11220a,model,,C1_moderate,REGIME,lightgbm,n_estimators=400;num_leaves=31,F1,103517,38392,calibrated,0.358386,0.366601,0.401959,1.079872,0.653119,0.010015,0.28607,0.46728,0.346453,0.257189,0.429256,0.313555,1.2217999759104285,79.55,893.5
exp-63763a59db11220a,model,,C1_moderate,REGIME,lightgbm,n_estimators=400;num_leaves=31,F2,141909,38024,uncalibrated,0.365747,0.367832,0.437145,1.063394,0.641565,0.027839,0.214352,0.577065,0.31208,0.19272,0.532769,0.274511,1.0163009535798395,95.21,893.5
exp-63763a59db11220a,model,,C1_moderate,REGIME,lightgbm,n_estimators=400;num_leaves=31,F2,141909,38024,calibrated,0.365747,0.367832,0.437145,1.063521,0.64168,0.028854,0.214352,0.577065,0.31208,0.19272,0.532769,0.274511,1.0163009535798395,95.21,893.5
exp-63763a59db11220a,model,,C1_moderate,REGIME,lightgbm,n_estimators=400;num_leaves=31,F3,179933,39063,uncalibrated,0.36174,0.367015,0.4301,1.06871,0.645246,0.03019,0.28702,0.526244,0.287783,0.259043,0.484346,0.256611,0.9390550731253073,114.74,893.5
exp-63763a59db11220a,model,,C1_moderate,REGIME,lightgbm,n_estimators=400;num_leaves=31,F3,179933,39063,calibrated,0.36174,0.367015,0.4301,1.068333,0.644866,0.027263,0.28702,0.526244,0.287783,0.259043,0.484346,0.256611,0.9390550731253073,114.74,893.5
exp-63763a59db11220a,model,,C1_moderate,REGIME,lightgbm,n_estimators=400;num_leaves=31,F4,218996,39063,uncalibrated,0.36011,0.366478,0.420142,1.0741,0.648929,0.023035,0.308835,0.505613,0.284986,0.278857,0.463328,0.257814,0.8653067358162344,131.95,893.5
exp-63763a59db11220a,model,,C1_moderate,REGIME,lightgbm,n_estimators=400;num_leaves=31,F4,218996,39063,calibrated,0.36011,0.366478,0.420142,1.074299,0.64872,0.015837,0.308835,0.505613,0.284986,0.278857,0.463328,0.257814,0.8653067358162344,131.95,893.5
exp-63763a59db11220a,model,,C1_moderate,REGIME,lightgbm,n_estimators=400;num_leaves=31,F5,258059,38741,uncalibrated,0.358199,0.366039,0.396763,1.083015,0.654806,0.017233,0.320982,0.455917,0.321217,0.296043,0.414625,0.289332,0.9489269343306083,146.91,893.5
exp-63763a59db11220a,model,,C1_moderate,REGIME,lightgbm,n_estimators=400;num_leaves=31,F5,258059,38741,calibrated,0.358199,0.366039,0.396763,1.083381,0.65492,0.016472,0.320982,0.455917,0.321217,0.296043,0.414625,0.289332,0.9489269343306083,146.91,893.5
exp-63d83927bc70b462,model,,C1_moderate,REGIME,logistic,C=1.0;class_weight=balanced,F1,103517,38392,uncalibrated,0.367653,0.370335,0.430454,1.080422,0.652378,0.047809,0.272081,0.540591,0.298334,0.246926,0.494999,0.258075,0.8493675299159379,16.84,893.5
exp-63d83927bc70b462,model,,C1_moderate,REGIME,logistic,C=1.0;class_weight=balanced,F1,103517,38392,calibrated,0.367653,0.370335,0.430454,1.080124,0.651484,0.039617,0.272081,0.540591,0.298334,0.246926,0.494999,0.258075,0.8493675299159379,16.84,893.5
exp-63d83927bc70b462,model,,C1_moderate,REGIME,logistic,C=1.0;class_weight=balanced,F2,141909,38024,uncalibrated,0.375183,0.375727,0.449716,1.072134,0.646983,0.064174,0.241962,0.598475,0.286744,0.210656,0.547602,0.241742,0.9655074239567256,22.76,893.5
exp-63d83927bc70b462,model,,C1_moderate,REGIME,logistic,C=1.0;class_weight=balanced,F2,141909,38024,calibrated,0.375183,0.375727,0.449716,1.071747,0.646615,0.062336,0.241962,0.598475,0.286744,0.210656,0.547602,0.241742,0.9655074239567256,22.76,893.5
exp-63d83927bc70b462,model,,C1_moderate,REGIME,logistic,C=1.0;class_weight=balanced,F3,179933,39063,uncalibrated,0.360287,0.365291,0.42987,1.08205,0.653608,0.052671,0.269621,0.528515,0.297738,0.253488,0.486983,0.259529,0.8760744795421738,28.94,893.5
exp-63d83927bc70b462,model,,C1_moderate,REGIME,logistic,C=1.0;class_weight=balanced,F3,179933,39063,calibrated,0.360287,0.365291,0.42987,1.081786,0.652956,0.04673,0.269621,0.528515,0.297738,0.253488,0.486983,0.259529,0.8760744795421738,28.94,893.5
exp-63d83927bc70b462,model,,C1_moderate,REGIME,logistic,C=1.0;class_weight=balanced,F4,218996,39063,uncalibrated,0.363841,0.370712,0.422779,1.08485,0.655314,0.047717,0.294362,0.50557,0.312205,0.263472,0.463124,0.273405,0.8231317106100217,28.15,893.5
exp-63d83927bc70b462,model,,C1_moderate,REGIME,logistic,C=1.0;class_weight=balanced,F4,218996,39063,calibrated,0.363841,0.370712,0.422779,1.085323,0.654811,0.039038,0.294362,0.50557,0.312205,0.263472,0.463124,0.273405,0.8231317106100217,28.15,893.5
exp-63d83927bc70b462,model,,C1_moderate,REGIME,logistic,C=1.0;class_weight=balanced,F5,258059,38741,uncalibrated,0.357541,0.36852,0.392194,1.096563,0.662917,0.018707,0.291958,0.43913,0.374472,0.27147,0.394879,0.333652,1.0541557100759964,33.49,893.5
exp-63d83927bc70b462,model,,C1_moderate,REGIME,logistic,C=1.0;class_weight=balanced,F5,258059,38741,calibrated,0.357541,0.36852,0.392194,1.095982,0.662743,0.02034,0.291958,0.43913,0.374472,0.27147,0.394879,0.333652,1.0541557100759964,33.49,893.5
exp-64a69426ed20102d,ablation,ablate:mean_reversion,C1_moderate,CORE,lightgbm,n_estimators=400;num_leaves=31,F1,103517,38392,uncalibrated,0.361289,0.369149,0.406204,1.080127,0.652953,0.011573,0.287255,0.474602,0.345589,0.258127,0.432173,0.3097,1.2084201351114392,36.33,1124.1
exp-64a69426ed20102d,ablation,ablate:mean_reversion,C1_moderate,CORE,lightgbm,n_estimators=400;num_leaves=31,F1,103517,38392,calibrated,0.361289,0.369149,0.406204,1.079215,0.652653,0.010247,0.287255,0.474602,0.345589,0.258127,0.432173,0.3097,1.2084201351114392,36.33,1124.1
exp-64a69426ed20102d,ablation,ablate:mean_reversion,C1_moderate,CORE,lightgbm,n_estimators=400;num_leaves=31,F2,141909,38024,uncalibrated,0.363874,0.366403,0.433621,1.064657,0.642386,0.024291,0.211207,0.569439,0.318564,0.192142,0.525905,0.281954,1.0216667944159572,35.98,1124.1
exp-64a69426ed20102d,ablation,ablate:mean_reversion,C1_moderate,CORE,lightgbm,n_estimators=400;num_leaves=31,F2,141909,38024,calibrated,0.363874,0.366403,0.433621,1.06481,0.64253,0.025577,0.211207,0.569439,0.318564,0.192142,0.525905,0.281954,1.0216667944159572,35.98,1124.1
exp-64a69426ed20102d,ablation,ablate:mean_reversion,C1_moderate,CORE,lightgbm,n_estimators=400;num_leaves=31,F3,179933,39063,uncalibrated,0.359878,0.364804,0.429051,1.068501,0.645077,0.028996,0.282889,0.526972,0.284551,0.262269,0.485651,0.25208,0.9377370729436033,43.73,1124.1
exp-64a69426ed20102d,ablation,ablate:mean_reversion,C1_moderate,CORE,lightgbm,n_estimators=400;num_leaves=31,F3,179933,39063,calibrated,0.359878,0.364804,0.429051,1.068106,0.644679,0.025194,0.282889,0.526972,0.284551,0.262269,0.485651,0.25208,0.9377370729436033,43.73,1124.1
exp-64a69426ed20102d,ablation,ablate:mean_reversion,C1_moderate,CORE,lightgbm,n_estimators=400;num_leaves=31,F4,218996,39063,uncalibrated,0.359514,0.365655,0.419963,1.074356,0.649086,0.021078,0.303927,0.506437,0.286602,0.277526,0.464685,0.257789,0.8557955536124663,46.01,1124.1
exp-64a69426ed20102d,ablation,ablate:mean_reversion,C1_moderate,CORE,lightgbm,n_estimators=400;num_leaves=31,F4,218996,39063,calibrated,0.359514,0.365655,0.419963,1.074633,0.648902,0.013214,0.303927,0.506437,0.286602,0.277526,0.464685,0.257789,0.8557955536124663,46.01,1124.1
exp-64a69426ed20102d,ablation,ablate:mean_reversion,C1_moderate,CORE,lightgbm,n_estimators=400;num_leaves=31,F5,258059,38741,uncalibrated,0.358402,0.365864,0.398157,1.082806,0.654632,0.01483,0.309969,0.460608,0.327014,0.285589,0.419117,0.295294,0.9405501294855722,52.48,1124.1
exp-64a69426ed20102d,ablation,ablate:mean_reversion,C1_moderate,CORE,lightgbm,n_estimators=400;num_leaves=31,F5,258059,38741,calibrated,0.358402,0.365864,0.398157,1.083232,0.654758,0.01456,0.309969,0.460608,0.327014,0.285589,0.419117,0.295294,0.9405501294855722,52.48,1124.1
exp-64cec4f7ea4eb4cb,model,,C0_spread_only,CORE,logistic,C=0.1;class_weight=None,F1,103517,38392,uncalibrated,0.245264,0.339566,0.516748,1.016858,0.608575,0.014811,0.007498,0.990338,0.020863,0.005782,0.981533,0.012685,0.8527349948390056,16.47,610.8
exp-64cec4f7ea4eb4cb,model,,C0_spread_only,CORE,logistic,C=0.1;class_weight=None,F1,103517,38392,calibrated,0.245264,0.339566,0.516748,1.021932,0.612089,0.048322,0.007498,0.990338,0.020863,0.005782,0.981533,0.012685,0.8527349948390056,16.47,610.8
exp-64cec4f7ea4eb4cb,model,,C0_spread_only,CORE,logistic,C=0.1;class_weight=None,F2,141909,38024,uncalibrated,0.235173,0.337699,0.500868,1.032169,0.619623,0.045901,0.006532,0.993258,0.013306,0.00384,0.987981,0.008179,1.201939251236084,24.6,610.8
exp-64cec4f7ea4eb4cb,model,,C0_spread_only,CORE,logistic,C=0.1;class_weight=None,F2,141909,38024,calibrated,0.235173,0.337699,0.500868,1.028104,0.616658,0.013931,0.006532,0.993258,0.013306,0.00384,0.987981,0.008179,1.201939251236084,24.6,610.8
exp-64cec4f7ea4eb4cb,model,,C0_spread_only,CORE,logistic,C=0.1;class_weight=None,F3,179933,39063,uncalibrated,0.245629,0.337692,0.535264,1.001494,0.597516,0.009572,0.006477,0.992815,0.013783,0.004813,0.986714,0.008473,1.1707370666297248,22.97,704.4
exp-64cec4f7ea4eb4cb,model,,C0_spread_only,CORE,logistic,C=0.1;class_weight=None,F3,179933,39063,calibrated,0.245629,0.337692,0.535264,1.004145,0.599426,0.034504,0.006477,0.992815,0.013783,0.004813,0.986714,0.008473,1.1707370666297248,22.97,704.4
exp-64cec4f7ea4eb4cb,model,,C0_spread_only,CORE,logistic,C=0.1;class_weight=None,F4,218996,39063,uncalibrated,0.25,0.339161,0.537644,0.998481,0.595431,0.016654,0.008844,0.991216,0.017422,0.005837,0.98377,0.010393,0.942953662900353,31.5,704.4
exp-64cec4f7ea4eb4cb,model,,C0_spread_only,CORE,logistic,C=0.1;class_weight=None,F4,218996,39063,calibrated,0.25,0.339161,0.537644,0.997917,0.595047,0.007676,0.008844,0.991216,0.017422,0.005837,0.98377,0.010393,0.942953662900353,31.5,704.4
exp-64cec4f7ea4eb4cb,model,,C0_spread_only,CORE,logistic,C=0.1;class_weight=None,F5,258059,38741,uncalibrated,0.243488,0.338723,0.508557,1.022919,0.612966,0.008501,0.008214,0.98659,0.021366,0.005834,0.979092,0.015074,0.9214242844823485,39.8,915.3
exp-64cec4f7ea4eb4cb,model,,C0_spread_only,CORE,logistic,C=0.1;class_weight=None,F5,258059,38741,calibrated,0.243488,0.338723,0.508557,1.023758,0.613555,0.019999,0.008214,0.98659,0.021366,0.005834,0.979092,0.015074,0.9214242844823485,39.8,915.3
exp-67e9db4c5d54f9a6,model,,C0_spread_only,CORE,lightgbm,n_estimators=150;num_leaves=15,F1,103517,38392,uncalibrated,0.368,0.372482,0.39576,1.084503,0.656216,0.013388,0.305418,0.458671,0.353359,0.273781,0.411023,0.315196,1.2186189488928254,22.88,610.8
exp-67e9db4c5d54f9a6,model,,C0_spread_only,CORE,lightgbm,n_estimators=150;num_leaves=15,F1,103517,38392,calibrated,0.368,0.372482,0.39576,1.084815,0.656621,0.021101,0.305418,0.458671,0.353359,0.273781,0.411023,0.315196,1.2186189488928254,22.88,610.8
exp-67e9db4c5d54f9a6,model,,C0_spread_only,CORE,lightgbm,n_estimators=150;num_leaves=15,F2,141909,38024,uncalibrated,0.370054,0.372341,0.416132,1.077669,0.651736,0.034712,0.225194,0.549802,0.342027,0.201162,0.498948,0.29989,0.8549013143502562,31.52,610.8
exp-67e9db4c5d54f9a6,model,,C0_spread_only,CORE,lightgbm,n_estimators=150;num_leaves=15,F2,141909,38024,calibrated,0.370054,0.372341,0.416132,1.076902,0.651039,0.027033,0.225194,0.549802,0.342027,0.201162,0.498948,0.29989,0.8549013143502562,31.52,610.8
exp-67e9db4c5d54f9a6,model,,C0_spread_only,CORE,lightgbm,n_estimators=150;num_leaves=15,F3,179933,39063,uncalibrated,0.365966,0.370099,0.402171,1.081852,0.6546,0.026203,0.313397,0.476528,0.320372,0.287612,0.42818,0.284208,0.8672320542532606,35.96,704.4
exp-67e9db4c5d54f9a6,model,,C0_spread_only,CORE,lightgbm,n_estimators=150;num_leaves=15,F3,179933,39063,calibrated,0.365966,0.370099,0.402171,1.081607,0.654271,0.021259,0.313397,0.476528,0.320372,0.287612,0.42818,0.284208,0.8672320542532606,35.96,704.4
exp-67e9db4c5d54f9a6,model,,C0_spread_only,CORE,lightgbm,n_estimators=150;num_leaves=15,F4,218996,39063,uncalibrated,0.367388,0.372048,0.403144,1.081679,0.654556,0.027552,0.330091,0.474222,0.311832,0.298543,0.422395,0.279062,0.8860074100697911,44.01,704.4
exp-67e9db4c5d54f9a6,model,,C0_spread_only,CORE,lightgbm,n_estimators=150;num_leaves=15,F4,218996,39063,calibrated,0.367388,0.372048,0.403144,1.081488,0.654317,0.022761,0.330091,0.474222,0.311832,0.298543,0.422395,0.279062,0.8860074100697911,44.01,704.4
exp-67e9db4c5d54f9a6,model,,C0_spread_only,CORE,lightgbm,n_estimators=150;num_leaves=15,F5,258059,38741,uncalibrated,0.361121,0.369341,0.377275,1.090037,0.660083,0.014437,0.365092,0.399147,0.343784,0.331948,0.351849,0.316202,0.9343052732498751,55.43,920.1
exp-67e9db4c5d54f9a6,model,,C0_spread_only,CORE,lightgbm,n_estimators=150;num_leaves=15,F5,258059,38741,calibrated,0.361121,0.369341,0.377275,1.090435,0.660263,0.013822,0.365092,0.399147,0.343784,0.331948,0.351849,0.316202,0.9343052732498751,55.43,920.1
exp-6a186acb090b5562,model,,C2_pessimistic,REGIME,logistic,C=0.1;class_weight=balanced,F1,103517,38392,uncalibrated,0.366406,0.37823,0.456111,1.07945,0.649894,0.066134,0.311536,0.540675,0.282479,0.270395,0.496041,0.233564,0.6998621078556185,16.42,969.1
exp-6a186acb090b5562,model,,C2_pessimistic,REGIME,logistic,C=0.1;class_weight=balanced,F1,103517,38392,calibrated,0.366406,0.37823,0.456111,1.081517,0.647489,0.044002,0.311536,0.540675,0.282479,0.270395,0.496041,0.233564,0.6998621078556185,16.42,969.1
exp-6a186acb090b5562,model,,C2_pessimistic,REGIME,logistic,C=0.1;class_weight=balanced,F2,141909,38024,uncalibrated,0.37577,0.382362,0.482511,1.06454,0.640381,0.090073,0.263738,0.593906,0.289442,0.223096,0.547049,0.229855,1.219602472328024,21.89,969.1
exp-6a186acb090b5562,model,,C2_pessimistic,REGIME,logistic,C=0.1;class_weight=balanced,F2,141909,38024,calibrated,0.37577,0.382362,0.482511,1.067932,0.643633,0.100618,0.263738,0.593906,0.289442,0.223096,0.547049,0.229855,1.219602472328024,21.89,969.1
exp-6a186acb090b5562,model,,C2_pessimistic,REGIME,logistic,C=0.1;class_weight=balanced,F3,179933,39063,uncalibrated,0.362239,0.371687,0.499834,1.064459,0.640319,0.111545,0.238836,0.606014,0.27021,0.21089,0.5699,0.21921,0.7257801713439617,26.5,969.1
exp-6a186acb090b5562,model,,C2_pessimistic,REGIME,logistic,C=0.1;class_weight=balanced,F3,179933,39063,calibrated,0.362239,0.371687,0.499834,1.059852,0.634612,0.091874,0.238836,0.606014,0.27021,0.21089,0.5699,0.21921,0.7257801713439617,26.5,969.1
exp-6a186acb090b5562,model,,C2_pessimistic,REGIME,logistic,C=0.1;class_weight=balanced,F4,218996,39063,uncalibrated,0.366682,0.380783,0.476154,1.074904,0.647096,0.089194,0.286784,0.562364,0.2932,0.246704,0.521184,0.232112,0.5722356789401801,36.14,969.1
exp-6a186acb090b5562,model,,C2_pessimistic,REGIME,logistic,C=0.1;class_weight=balanced,F4,218996,39063,calibrated,0.366682,0.380783,0.476154,1.077325,0.642057,0.051677,0.286784,0.562364,0.2932,0.246704,0.521184,0.232112,0.5722356789401801,36.14,969.1
exp-6a186acb090b5562,model,,C2_pessimistic,REGIME,logistic,C=0.1;class_weight=balanced,F5,258059,38741,uncalibrated,0.358664,0.373041,0.441857,1.089875,0.656645,0.056659,0.2676,0.517527,0.333997,0.245812,0.475362,0.278826,0.8480561264415957,36.71,969.1
exp-6a186acb090b5562,model,,C2_pessimistic,REGIME,logistic,C=0.1;class_weight=balanced,F5,258059,38741,calibrated,0.358664,0.373041,0.441857,1.091871,0.656452,0.048141,0.2676,0.517527,0.333997,0.245812,0.475362,0.278826,0.8480561264415957,36.71,969.1
exp-6a38e964f6f05946,baseline,,C1_moderate,-,stratified_random,,F1,103517,38392,uncalibrated,0.33466,0.334722,0.422406,0.982512,0.583509,0.028388,0.207825,0.582647,0.213695,0.211346,0.581397,0.207257,,0.0,497.0
exp-6a38e964f6f05946,baseline,,C1_moderate,-,stratified_random,,F1,103517,38392,calibrated,0.33466,0.334722,0.422406,0.982512,0.583509,0.028388,0.207825,0.582647,0.213695,0.211346,0.581397,0.207257,,0.0,497.0
exp-6a38e964f6f05946,baseline,,C1_moderate,-,stratified_random,,F2,141909,38024,uncalibrated,0.334679,0.334884,0.417315,0.996513,0.593693,0.024531,0.214935,0.582465,0.207253,0.21255,0.581422,0.206028,,0.0,497.0
exp-6a38e964f6f05946,baseline,,C1_moderate,-,stratified_random,,F2,141909,38024,calibrated,0.334679,0.334884,0.417315,0.996513,0.593693,0.024531,0.214935,0.582465,0.207253,0.21255,0.581422,0.206028,,0.0,497.0
exp-6a38e964f6f05946,baseline,,C1_moderate,-,stratified_random,,F3,179933,39063,uncalibrated,0.335208,0.335487,0.42923,0.954064,0.562781,0.029148,0.217048,0.57209,0.217324,0.218647,0.57205,0.209303,,0.0,497.0
exp-6a38e964f6f05946,baseline,,C1_moderate,-,stratified_random,,F3,179933,39063,calibrated,0.335208,0.335487,0.42923,0.954064,0.562781,0.029148,0.217048,0.57209,0.217324,0.218647,0.57205,0.209303,,0.0,497.0
exp-6a38e964f6f05946,baseline,,C1_moderate,-,stratified_random,,F4,218996,39063,uncalibrated,0.334388,0.334465,0.429307,0.960824,0.567648,0.018777,0.215958,0.580252,0.207184,0.215447,0.579628,0.204925,,0.0,497.0
exp-6a38e964f6f05946,baseline,,C1_moderate,-,stratified_random,,F4,218996,39063,calibrated,0.334388,0.334465,0.429307,0.960824,0.567648,0.018777,0.215958,0.580252,0.207184,0.215447,0.579628,0.204925,,0.0,497.0
exp-6a38e964f6f05946,baseline,,C1_moderate,-,stratified_random,,F5,258059,38741,uncalibrated,0.331929,0.332102,0.417774,0.990387,0.589257,0.019228,0.215097,0.58244,0.198768,0.214347,0.580083,0.20557,,0.0,497.0
exp-6a38e964f6f05946,baseline,,C1_moderate,-,stratified_random,,F5,258059,38741,calibrated,0.331929,0.332102,0.417774,0.990387,0.589257,0.019228,0.215097,0.58244,0.198768,0.214347,0.580083,0.20557,,0.0,497.0
exp-6b04d68cad1c9b02,model,,C1_moderate,CORE,lightgbm,n_estimators=400;num_leaves=31,F1,103517,38392,uncalibrated,0.358356,0.366505,0.40261,1.081071,0.653733,0.012603,0.281209,0.469385,0.34892,0.258283,0.43121,0.310507,1.228103688281848,79.3,609.8
exp-6b04d68cad1c9b02,model,,C1_moderate,CORE,lightgbm,n_estimators=400;num_leaves=31,F1,103517,38392,calibrated,0.358356,0.366505,0.40261,1.080016,0.653314,0.009335,0.281209,0.469385,0.34892,0.258283,0.43121,0.310507,1.228103688281848,79.3,609.8
exp-6b04d68cad1c9b02,model,,C1_moderate,CORE,lightgbm,n_estimators=400;num_leaves=31,F2,141909,38024,uncalibrated,0.368747,0.371497,0.438749,1.06434,0.642137,0.027208,0.213304,0.574697,0.326489,0.188565,0.528719,0.282716,1.010329889641046,95.68,655.7
exp-6b04d68cad1c9b02,model,,C1_moderate,CORE,lightgbm,n_estimators=400;num_leaves=31,F2,141909,38024,calibrated,0.368747,0.371497,0.438749,1.064415,0.642208,0.027981,0.213304,0.574697,0.326489,0.188565,0.528719,0.282716,1.010329889641046,95.68,655.7
exp-6b04d68cad1c9b02,model,,C1_moderate,CORE,lightgbm,n_estimators=400;num_leaves=31,F3,179933,39063,uncalibrated,0.36235,0.367561,0.43097,1.06844,0.645096,0.029491,0.289398,0.527572,0.285714,0.262013,0.486983,0.251005,0.9365340076600762,113.14,748.7
exp-6b04d68cad1c9b02,model,,C1_moderate,CORE,lightgbm,n_estimators=400;num_leaves=31,F3,179933,39063,calibrated,0.36235,0.367561,0.43097,1.068039,0.644696,0.025301,0.289398,0.527572,0.285714,0.262013,0.486983,0.251005,0.9365340076600762,113.14,748.7
exp-6b04d68cad1c9b02,model,,C1_moderate,CORE,lightgbm,n_estimators=400;num_leaves=31,F4,218996,39063,uncalibrated,0.359687,0.366082,0.419451,1.074096,0.648891,0.022593,0.307324,0.504443,0.286478,0.279113,0.462253,0.258633,0.8519124080050718,133.84,748.7
exp-6b04d68cad1c9b02,model,,C1_moderate,CORE,lightgbm,n_estimators=400;num_leaves=31,F4,218996,39063,calibrated,0.359687,0.366082,0.419451,1.074345,0.64866,0.015373,0.307324,0.504443,0.286478,0.279113,0.462253,0.258633,0.8519124080050718,133.84,748.7
exp-6b04d68cad1c9b02,model,,C1_moderate,CORE,lightgbm,n_estimators=400;num_leaves=31,F5,258059,38741,uncalibrated,0.357999,0.365341,0.397718,1.083044,0.654776,0.016465,0.31777,0.460056,0.318198,0.294107,0.418859,0.287034,0.9473356932836084,147.43,748.7
exp-6b04d68cad1c9b02,model,,C1_moderate,CORE,lightgbm,n_estimators=400;num_leaves=31,F5,258059,38741,calibrated,0.357999,0.365341,0.397718,1.083426,0.654892,0.015498,0.31777,0.460056,0.318198,0.294107,0.418859,0.287034,0.9473356932836084,147.43,748.7
exp-6ef0cc89326ea7be,model,,C2_pessimistic,CONDITIONAL,logistic,C=0.1;class_weight=None,F1,103517,38392,uncalibrated,0.276885,0.338615,0.652766,0.872654,0.50452,0.008835,0.002939,0.994851,0.018057,0.001459,0.99005,0.008491,0.8777799120778402,16.59,814.1
exp-6ef0cc89326ea7be,model,,C2_pessimistic,CONDITIONAL,logistic,C=0.1;class_weight=None,F1,103517,38392,calibrated,0.276885,0.338615,0.652766,0.875949,0.506485,0.034527,0.002939,0.994851,0.018057,0.001459,0.99005,0.008491,0.8777799120778402,16.59,814.1
exp-6ef0cc89326ea7be,model,,C2_pessimistic,CONDITIONAL,logistic,C=0.1;class_weight=None,F2,141909,38024,uncalibrated,0.267917,0.33557,0.649537,0.884702,0.512573,0.054919,0.00134,0.998582,0.006787,0.000447,0.996476,0.003077,1.1616545714200481,22.54,814.1
exp-6ef0cc89326ea7be,model,,C2_pessimistic,CONDITIONAL,logistic,C=0.1;class_weight=None,F2,141909,38024,calibrated,0.267917,0.33557,0.649537,0.87771,0.508172,0.012076,0.00134,0.998582,0.006787,0.000447,0.996476,0.003077,1.1616545714200481,22.54,814.1
exp-6ef0cc89326ea7be,model,,C2_pessimistic,CONDITIONAL,logistic,C=0.1;class_weight=None,F3,179933,39063,uncalibrated,0.279673,0.335254,0.697437,0.811599,0.46081,0.032109,0.00184,0.997213,0.006708,0.000973,0.99511,0.003917,1.0392862070969129,27.99,833.8
exp-6ef0cc89326ea7be,model,,C2_pessimistic,CONDITIONAL,logistic,C=0.1;class_weight=None,F3,179933,39063,calibrated,0.279673,0.335254,0.697437,0.813568,0.462105,0.043366,0.00184,0.997213,0.006708,0.000973,0.99511,0.003917,1.0392862070969129,27.99,833.8
exp-6ef0cc89326ea7be,model,,C2_pessimistic,CONDITIONAL,logistic,C=0.1;class_weight=None,F4,218996,39063,uncalibrated,0.278404,0.33634,0.68346,0.830428,0.474574,0.027168,0.001628,0.997266,0.010127,0.00105,0.994854,0.004096,0.8831538087439142,34.35,942.4
exp-6ef0cc89326ea7be,model,,C2_pessimistic,CONDITIONAL,logistic,C=0.1;class_weight=None,F4,218996,39063,calibrated,0.278404,0.33634,0.68346,0.829082,0.473658,0.013161,0.001628,0.997266,0.010127,0.00105,0.994854,0.004096,0.8831538087439142,34.35,942.4
exp-6ef0cc89326ea7be,model,,C2_pessimistic,CONDITIONAL,logistic,C=0.1;class_weight=None,F5,258059,38741,uncalibrated,0.271944,0.336292,0.65179,0.873382,0.505266,0.007381,0.003895,0.99549,0.00949,0.002091,0.99236,0.00555,0.9239751000914256,42.77,969.1
exp-6ef0cc89326ea7be,model,,C2_pessimistic,CONDITIONAL,logistic,C=0.1;class_weight=None,F5,258059,38741,calibrated,0.271944,0.336292,0.65179,0.875016,0.506302,0.0262,0.003895,0.99549,0.00949,0.002091,0.99236,0.00555,0.9239751000914256,42.77,969.1
exp-71337102dd7baa6b,model,,C0_spread_only,CONDITIONAL,logistic,C=0.1;class_weight=None,F1,103517,38392,uncalibrated,0.244391,0.339393,0.516852,1.01659,0.608349,0.013005,0.006336,0.991198,0.020644,0.004584,0.982861,0.012555,0.8382655777033754,19.37,920.1
exp-71337102dd7baa6b,model,,C0_spread_only,CONDITIONAL,logistic,C=0.1;class_weight=None,F1,103517,38392,calibrated,0.244391,0.339393,0.516852,1.021983,0.612143,0.050257,0.006336,0.991198,0.020644,0.004584,0.982861,0.012555,0.8382655777033754,19.37,920.1
exp-71337102dd7baa6b,model,,C0_spread_only,CONDITIONAL,logistic,C=0.1;class_weight=None,F2,141909,38024,uncalibrated,0.232581,0.337059,0.50092,1.0411,0.625982,0.076942,0.003836,0.995417,0.011923,0.001946,0.991111,0.006943,1.3418251354311639,21.99,920.1
exp-71337102dd7baa6b,model,,C0_spread_only,CONDITIONAL,logistic,C=0.1;class_weight=None,F2,141909,38024,calibrated,0.232581,0.337059,0.50092,1.029307,0.617478,0.017373,0.003836,0.995417,0.011923,0.001946,0.991111,0.006943,1.3418251354311639,21.99,920.1
exp-71337102dd7baa6b,model,,C0_spread_only,CONDITIONAL,logistic,C=0.1;class_weight=None,F3,179933,39063,uncalibrated,0.249984,0.339097,0.535468,1.002708,0.598435,0.026421,0.010256,0.990228,0.016809,0.006835,0.981978,0.011187,1.0812002850819054,28.42,920.1
exp-71337102dd7baa6b,model,,C0_spread_only,CONDITIONAL,logistic,C=0.1;class_weight=None,F3,179933,39063,calibrated,0.249984,0.339097,0.535468,1.004552,0.59978,0.039695,0.010256,0.990228,0.016809,0.006835,0.981978,0.011187,1.0812002850819054,28.42,920.1
exp-71337102dd7baa6b,model,,C0_spread_only,CONDITIONAL,logistic,C=0.1;class_weight=None,F4,218996,39063,uncalibrated,0.253854,0.340213,0.537388,0.999368,0.596132,0.02796,0.011497,0.98797,0.021171,0.007629,0.979111,0.013261,0.8550216750342439,33.77,920.1
exp-71337102dd7baa6b,model,,C0_spread_only,CONDITIONAL,logistic,C=0.1;class_weight=None,F4,218996,39063,calibrated,0.253854,0.340213,0.537388,0.997805,0.59504,0.00938,0.011497,0.98797,0.021171,0.007629,0.979111,0.013261,0.8550216750342439,33.77,920.1
exp-71337102dd7baa6b,model,,C0_spread_only,CONDITIONAL,logistic,C=0.1;class_weight=None,F5,258059,38741,uncalibrated,0.243045,0.338674,0.508789,1.022685,0.612805,0.012609,0.010267,0.987504,0.018252,0.007253,0.979686,0.013061,0.8959328401950057,41.53,940.4
exp-71337102dd7baa6b,model,,C0_spread_only,CONDITIONAL,logistic,C=0.1;class_weight=None,F5,258059,38741,calibrated,0.243045,0.338674,0.508789,1.024213,0.613881,0.026866,0.010267,0.987504,0.018252,0.007253,0.979686,0.013061,0.8959328401950057,41.53,940.4
exp-71790ba6ffb64ca4,baseline,,C2_pessimistic,-,stratified_random,,F1,103517,38392,uncalibrated,0.33476,0.334808,0.492498,0.887045,0.514077,0.03448,0.16576,0.664218,0.174445,0.170035,0.663654,0.166311,,0.0,497.0
exp-71790ba6ffb64ca4,baseline,,C2_pessimistic,-,stratified_random,,F1,103517,38392,calibrated,0.33476,0.334808,0.492498,0.887045,0.514077,0.03448,0.16576,0.664218,0.174445,0.170035,0.663654,0.166311,,0.0,497.0
exp-71790ba6ffb64ca4,baseline,,C2_pessimistic,-,stratified_random,,F2,141909,38024,uncalibrated,0.335898,0.33597,0.492689,0.891756,0.517442,0.02417,0.176322,0.666883,0.164706,0.170945,0.665422,0.163633,,0.0,497.0
exp-71790ba6ffb64ca4,baseline,,C2_pessimistic,-,stratified_random,,F2,141909,38024,calibrated,0.335898,0.33597,0.492689,0.891756,0.517442,0.02417,0.176322,0.666883,0.164706,0.170945,0.665422,0.163633,,0.0,497.0
exp-71790ba6ffb64ca4,baseline,,C2_pessimistic,-,stratified_random,,F3,179933,39063,uncalibrated,0.333321,0.334002,0.510585,0.825101,0.469322,0.039705,0.173106,0.656729,0.172171,0.175511,0.658091,0.166398,,0.0,497.0
exp-71790ba6ffb64ca4,baseline,,C2_pessimistic,-,stratified_random,,F3,179933,39063,calibrated,0.333321,0.334002,0.510585,0.825101,0.469322,0.039705,0.173106,0.656729,0.172171,0.175511,0.658091,0.166398,,0.0,497.0
exp-71790ba6ffb64ca4,baseline,,C2_pessimistic,-,stratified_random,,F4,218996,39063,uncalibrated,0.331728,0.33182,0.507795,0.844417,0.483262,0.024414,0.168132,0.666904,0.160424,0.170084,0.668663,0.161252,,0.0,497.0
exp-71790ba6ffb64ca4,baseline,,C2_pessimistic,-,stratified_random,,F4,218996,39063,calibrated,0.331728,0.33182,0.507795,0.844417,0.483262,0.024414,0.168132,0.666904,0.160424,0.170084,0.668663,0.161252,,0.0,497.0
exp-71790ba6ffb64ca4,baseline,,C2_pessimistic,-,stratified_random,,F5,258059,38741,uncalibrated,0.330439,0.330609,0.493044,0.887324,0.514293,0.018666,0.168494,0.669805,0.153528,0.168426,0.669678,0.161896,,0.0,497.0
exp-71790ba6ffb64ca4,baseline,,C2_pessimistic,-,stratified_random,,F5,258059,38741,calibrated,0.330439,0.330609,0.493044,0.887324,0.514293,0.018666,0.168494,0.669805,0.153528,0.168426,0.669678,0.161896,,0.0,497.0
exp-7303041a07d0c571,model,,C2_pessimistic,CONDITIONAL,logistic,C=0.01;class_weight=None,F1,103517,38392,uncalibrated,0.275729,0.338195,0.652922,0.872685,0.5046,0.012829,0.003674,0.995609,0.015302,0.00198,0.991144,0.006876,0.8694102707129907,16.07,814.1
exp-7303041a07d0c571,model,,C2_pessimistic,CONDITIONAL,logistic,C=0.01;class_weight=None,F1,103517,38392,calibrated,0.275729,0.338195,0.652922,0.875405,0.506207,0.031757,0.003674,0.995609,0.015302,0.00198,0.991144,0.006876,0.8694102707129907,16.07,814.1
exp-7303041a07d0c571,model,,C2_pessimistic,CONDITIONAL,logistic,C=0.01;class_weight=None,F2,141909,38024,uncalibrated,0.268135,0.335685,0.649616,0.882585,0.511317,0.048508,0.001042,0.998622,0.007391,0.000421,0.996397,0.003182,1.141269417177788,23.7,814.1
exp-7303041a07d0c571,model,,C2_pessimistic,CONDITIONAL,logistic,C=0.01;class_weight=None,F2,141909,38024,calibrated,0.268135,0.335685,0.649616,0.877219,0.507891,0.011551,0.001042,0.998622,0.007391,0.000421,0.996397,0.003182,1.141269417177788,23.7,814.1
exp-7303041a07d0c571,model,,C2_pessimistic,CONDITIONAL,logistic,C=0.01;class_weight=None,F3,179933,39063,uncalibrated,0.279604,0.335334,0.697693,0.811465,0.460718,0.032588,0.001505,0.997616,0.00688,0.000717,0.995597,0.003686,1.036346525673256,31.74,833.8
exp-7303041a07d0c571,model,,C2_pessimistic,CONDITIONAL,logistic,C=0.01;class_weight=None,F3,179933,39063,calibrated,0.279604,0.335334,0.697693,0.813299,0.46192,0.04303,0.001505,0.997616,0.00688,0.000717,0.995597,0.003686,1.036346525673256,31.74,833.8
exp-7303041a07d0c571,model,,C2_pessimistic,CONDITIONAL,logistic,C=0.01;class_weight=None,F4,218996,39063,uncalibrated,0.278791,0.33649,0.683434,0.830561,0.47467,0.026302,0.001139,0.997078,0.011252,0.000819,0.994522,0.004659,0.8882873565174777,32.05,942.4
exp-7303041a07d0c571,model,,C2_pessimistic,CONDITIONAL,logistic,C=0.01;class_weight=None,F4,218996,39063,calibrated,0.278791,0.33649,0.683434,0.829348,0.473821,0.013239,0.001139,0.997078,0.011252,0.000819,0.994522,0.004659,0.8882873565174777,32.05,942.4
exp-7303041a07d0c571,model,,C2_pessimistic,CONDITIONAL,logistic,C=0.01;class_weight=None,F5,258059,38741,uncalibrated,0.2718,0.336088,0.651455,0.873561,0.505382,0.007324,0.003606,0.995015,0.009643,0.00222,0.991792,0.005988,0.9244709702610358,43.32,969.1
exp-7303041a07d0c571,model,,C2_pessimistic,CONDITIONAL,logistic,C=0.01;class_weight=None,F5,258059,38741,calibrated,0.2718,0.336088,0.651455,0.87502,0.506289,0.024205,0.003606,0.995015,0.009643,0.00222,0.991792,0.005988,0.9244709702610358,43.32,969.1
exp-74ad19c8a3a787e9,model,,C2_pessimistic,CONDITIONAL,logistic,C=1.0;class_weight=balanced,F1,103517,38392,uncalibrated,0.346523,0.37658,0.419983,1.094337,0.659844,0.032624,0.186334,0.469344,0.474063,0.164357,0.426912,0.408731,0.9755607156912929,16.65,814.1
exp-74ad19c8a3a787e9,model,,C2_pessimistic,CONDITIONAL,logistic,C=1.0;class_weight=balanced,F1,103517,38392,calibrated,0.346523,0.37658,0.419983,1.094673,0.659876,0.031724,0.186334,0.469344,0.474063,0.164357,0.426912,0.408731,0.9755607156912929,16.65,814.1
exp-74ad19c8a3a787e9,model,,C2_pessimistic,CONDITIONAL,logistic,C=1.0;class_weight=balanced,F2,141909,38024,uncalibrated,0.368071,0.373019,0.56438,1.020269,0.610418,0.152499,0.105436,0.777422,0.236199,0.08279,0.738928,0.178282,0.5665840688791607,25.05,814.1
exp-74ad19c8a3a787e9,model,,C2_pessimistic,CONDITIONAL,logistic,C=1.0;class_weight=balanced,F2,141909,38024,calibrated,0.368071,0.373019,0.56438,0.991528,0.586611,0.093977,0.105436,0.777422,0.236199,0.08279,0.738928,0.178282,0.5665840688791607,25.05,814.1
exp-74ad19c8a3a787e9,model,,C2_pessimistic,CONDITIONAL,logistic,C=1.0;class_weight=balanced,F3,179933,39063,uncalibrated,0.355622,0.375886,0.479917,1.070444,0.644371,0.091824,0.177287,0.566813,0.383557,0.152139,0.529606,0.318255,0.862304715105643,27.04,833.8
exp-74ad19c8a3a787e9,model,,C2_pessimistic,CONDITIONAL,logistic,C=1.0;class_weight=balanced,F3,179933,39063,calibrated,0.355622,0.375886,0.479917,1.06902,0.642417,0.083347,0.177287,0.566813,0.383557,0.152139,0.529606,0.318255,0.862304715105643,27.04,833.8
exp-74ad19c8a3a787e9,model,,C2_pessimistic,CONDITIONAL,logistic,C=1.0;class_weight=balanced,F4,218996,39063,uncalibrated,0.363923,0.384777,0.460385,1.080523,0.650721,0.072704,0.260254,0.528541,0.365536,0.216676,0.48793,0.295395,0.9046798591424382,34.19,942.4
exp-74ad19c8a3a787e9,model,,C2_pessimistic,CONDITIONAL,logistic,C=1.0;class_weight=balanced,F4,218996,39063,calibrated,0.363923,0.384777,0.460385,1.080629,0.650045,0.067172,0.260254,0.528541,0.365536,0.216676,0.48793,0.295395,0.9046798591424382,34.19,942.4
exp-74ad19c8a3a787e9,model,,C2_pessimistic,CONDITIONAL,logistic,C=1.0;class_weight=balanced,F5,258059,38741,uncalibrated,0.359124,0.377063,0.431997,1.092763,0.658498,0.046142,0.316936,0.49189,0.322363,0.284608,0.449575,0.265817,0.8144699682147561,46.03,969.1
exp-74ad19c8a3a787e9,model,,C2_pessimistic,CONDITIONAL,logistic,C=1.0;class_weight=balanced,F5,258059,38741,calibrated,0.359124,0.377063,0.431997,1.096155,0.658729,0.034722,0.316936,0.49189,0.322363,0.284608,0.449575,0.265817,0.8144699682147561,46.03,969.1
exp-7650d8c88c0c0e65,ablation,ablate:spread,C1_moderate,CORE,lightgbm,n_estimators=400;num_leaves=31,F1,103517,38392,uncalibrated,0.359801,0.366214,0.407976,1.079391,0.652422,0.011667,0.282513,0.484853,0.331277,0.254428,0.446213,0.299359,1.07188744296013,27.62,1080.6
exp-7650d8c88c0c0e65,ablation,ablate:spread,C1_moderate,CORE,lightgbm,n_estimators=400;num_leaves=31,F1,103517,38392,calibrated,0.359801,0.366214,0.407976,1.079045,0.65235,0.00974,0.282513,0.484853,0.331277,0.254428,0.446213,0.299359,1.07188744296013,27.62,1080.6
exp-7650d8c88c0c0e65,ablation,ablate:spread,C1_moderate,CORE,lightgbm,n_estimators=400;num_leaves=31,F2,141909,38024,uncalibrated,0.362617,0.36426,0.427099,1.069842,0.645684,0.023146,0.236952,0.553714,0.302113,0.217652,0.512177,0.270171,1.1054620098128727,32.58,1080.6
exp-7650d8c88c0c0e65,ablation,ablate:spread,C1_moderate,CORE,lightgbm,n_estimators=400;num_leaves=31,F2,141909,38024,calibrated,0.362617,0.36426,0.427099,1.070512,0.646397,0.028534,0.236952,0.553714,0.302113,0.217652,0.512177,0.270171,1.1054620098128727,32.58,1080.6
exp-7650d8c88c0c0e65,ablation,ablate:spread,C1_moderate,CORE,lightgbm,n_estimators=400;num_leaves=31,F3,179933,39063,uncalibrated,0.361057,0.366376,0.428897,1.070551,0.646229,0.029226,0.294655,0.524058,0.280414,0.270486,0.484423,0.245091,0.9092955274124908,38.06,1080.6
exp-7650d8c88c0c0e65,ablation,ablate:spread,C1_moderate,CORE,lightgbm,n_estimators=400;num_leaves=31,F3,179933,39063,calibrated,0.361057,0.366376,0.428897,1.069834,0.645476,0.023996,0.294655,0.524058,0.280414,0.270486,0.484423,0.245091,0.9092955274124908,38.06,1080.6
exp-7650d8c88c0c0e65,ablation,ablate:spread,C1_moderate,CORE,lightgbm,n_estimators=400;num_leaves=31,F4,218996,39063,uncalibrated,0.359793,0.366233,0.420219,1.074518,0.648823,0.027983,0.317392,0.506263,0.275043,0.285206,0.465914,0.24888,0.7654158371193133,45.03,1080.6
exp-7650d8c88c0c0e65,ablation,ablate:spread,C1_moderate,CORE,lightgbm,n_estimators=400;num_leaves=31,F4,218996,39063,calibrated,0.359793,0.366233,0.420219,1.074336,0.647799,0.017046,0.317392,0.506263,0.275043,0.285206,0.465914,0.24888,0.7654158371193133,45.03,1080.6
exp-7650d8c88c0c0e65,ablation,ablate:spread,C1_moderate,CORE,lightgbm,n_estimators=400;num_leaves=31,F5,258059,38741,uncalibrated,0.359107,0.370075,0.391575,1.090206,0.659401,0.013867,0.330045,0.433243,0.346939,0.300792,0.389691,0.309517,0.8913684362791269,53.21,1080.6
exp-7650d8c88c0c0e65,ablation,ablate:spread,C1_moderate,CORE,lightgbm,n_estimators=400;num_leaves=31,F5,258059,38741,calibrated,0.359107,0.370075,0.391575,1.091412,0.659813,0.014966,0.330045,0.433243,0.346939,0.300792,0.389691,0.309517,0.8913684362791269,53.21,1080.6
exp-769c0af17283bf1f,model,,C2_pessimistic,REGIME,logistic,C=0.01;class_weight=balanced,F1,103517,38392,uncalibrated,0.366478,0.377952,0.457205,1.078732,0.649545,0.067616,0.309331,0.54327,0.281255,0.268103,0.49862,0.233278,0.6875868775297103,15.6,969.1
exp-769c0af17283bf1f,model,,C2_pessimistic,REGIME,logistic,C=0.01;class_weight=balanced,F1,103517,38392,calibrated,0.366478,0.377952,0.457205,1.080558,0.646859,0.043817,0.309331,0.54327,0.281255,0.268103,0.49862,0.233278,0.6875868775297103,15.6,969.1
exp-769c0af17283bf1f,model,,C2_pessimistic,REGIME,logistic,C=0.01;class_weight=balanced,F2,141909,38024,uncalibrated,0.375887,0.382124,0.483852,1.064183,0.640087,0.091428,0.265525,0.596985,0.283861,0.224569,0.549863,0.225568,1.2171236746614813,22.08,969.1
exp-769c0af17283bf1f,model,,C2_pessimistic,REGIME,logistic,C=0.01;class_weight=balanced,F2,141909,38024,calibrated,0.375887,0.382124,0.483852,1.067619,0.64338,0.101882,0.265525,0.596985,0.283861,0.224569,0.549863,0.225568,1.2171236746614813,22.08,969.1
exp-769c0af17283bf1f,model,,C2_pessimistic,REGIME,logistic,C=0.01;class_weight=balanced,F3,179933,39063,uncalibrated,0.361103,0.370459,0.498118,1.065173,0.640912,0.111816,0.243853,0.60385,0.263674,0.216368,0.567878,0.215754,0.7206055462389342,27.37,969.1
exp-769c0af17283bf1f,model,,C2_pessimistic,REGIME,logistic,C=0.01;class_weight=balanced,F3,179933,39063,calibrated,0.361103,0.370459,0.498118,1.060485,0.63517,0.092348,0.243853,0.60385,0.263674,0.216368,0.567878,0.215754,0.7206055462389342,27.37,969.1
exp-769c0af17283bf1f,model,,C2_pessimistic,REGIME,logistic,C=0.01;class_weight=balanced,F4,218996,39063,uncalibrated,0.366493,0.380348,0.476717,1.074222,0.646633,0.089207,0.294108,0.563862,0.283073,0.251363,0.522643,0.225994,0.5763266138701142,34.52,969.1
exp-769c0af17283bf1f,model,,C2_pessimistic,REGIME,logistic,C=0.01;class_weight=balanced,F4,218996,39063,calibrated,0.366493,0.380348,0.476717,1.076315,0.641506,0.052247,0.294108,0.563862,0.283073,0.251363,0.522643,0.225994,0.5763266138701142,34.52,969.1
exp-769c0af17283bf1f,model,,C2_pessimistic,REGIME,logistic,C=0.01;class_weight=balanced,F5,258059,38741,uncalibrated,0.360308,0.374471,0.443974,1.089354,0.656375,0.058724,0.272793,0.520296,0.330323,0.248419,0.477324,0.274257,0.8319349357508167,41.34,969.1
exp-769c0af17283bf1f,model,,C2_pessimistic,REGIME,logistic,C=0.01;class_weight=balanced,F5,258059,38741,calibrated,0.360308,0.374471,0.443974,1.091482,0.656093,0.048794,0.272793,0.520296,0.330323,0.248419,0.477324,0.274257,0.8319349357508167,41.34,969.1
exp-76e905863ac9ab0f,model,,C0_spread_only,CONDITIONAL,lightgbm,n_estimators=150;num_leaves=15,F1,103517,38392,uncalibrated,0.349882,0.367636,0.384273,1.086419,0.657512,0.012642,0.178055,0.433428,0.491425,0.164644,0.387815,0.447541,1.3520322008984957,26.48,920.1
exp-76e905863ac9ab0f,model,,C0_spread_only,CONDITIONAL,lightgbm,n_estimators=150;num_leaves=15,F1,103517,38392,calibrated,0.349882,0.367636,0.384273,1.086471,0.657823,0.016709,0.178055,0.433428,0.491425,0.164644,0.387815,0.447541,1.3520322008984957,26.48,920.1
exp-76e905863ac9ab0f,model,,C0_spread_only,CONDITIONAL,lightgbm,n_estimators=150;num_leaves=15,F2,141909,38024,uncalibrated,0.360335,0.373676,0.417605,1.076015,0.65073,0.033333,0.14142,0.553911,0.425697,0.121923,0.500605,0.377472,0.8561504032096559,32.93,920.1
exp-76e905863ac9ab0f,model,,C0_spread_only,CONDITIONAL,lightgbm,n_estimators=150;num_leaves=15,F2,141909,38024,calibrated,0.360335,0.373676,0.417605,1.075047,0.649937,0.025718,0.14142,0.553911,0.425697,0.121923,0.500605,0.377472,0.8561504032096559,32.93,920.1
exp-76e905863ac9ab0f,model,,C0_spread_only,CONDITIONAL,lightgbm,n_estimators=150;num_leaves=15,F3,179933,39063,uncalibrated,0.32789,0.364251,0.329698,1.105702,0.670257,0.053312,0.409155,0.250048,0.43355,0.390574,0.211018,0.398408,1.7612218059652789,40.9,920.1
exp-76e905863ac9ab0f,model,,C0_spread_only,CONDITIONAL,lightgbm,n_estimators=150;num_leaves=15,F3,179933,39063,calibrated,0.32789,0.364251,0.329698,1.098795,0.666172,0.042365,0.409155,0.250048,0.43355,0.390574,0.211018,0.398408,1.7612218059652789,40.9,920.1
exp-76e905863ac9ab0f,model,,C0_spread_only,CONDITIONAL,lightgbm,n_estimators=150;num_leaves=15,F4,218996,39063,uncalibrated,0.358475,0.369661,0.379874,1.088726,0.659081,0.021088,0.365465,0.403237,0.34028,0.335228,0.355451,0.309321,4.861845987507071,50.34,920.1
exp-76e905863ac9ab0f,model,,C0_spread_only,CONDITIONAL,lightgbm,n_estimators=150;num_leaves=15,F4,218996,39063,calibrated,0.358475,0.369661,0.379874,1.093872,0.663326,0.038964,0.365465,0.403237,0.34028,0.335228,0.355451,0.309321,4.861845987507071,50.34,920.1
exp-76e905863ac9ab0f,model,,C0_spread_only,CONDITIONAL,lightgbm,n_estimators=150;num_leaves=15,F5,258059,38741,uncalibrated,0.365898,0.370043,0.390336,1.085555,0.657,0.019987,0.330595,0.447453,0.332081,0.302264,0.398725,0.299011,1.159155240848606,57.08,940.4
exp-76e905863ac9ab0f,model,,C0_spread_only,CONDITIONAL,lightgbm,n_estimators=150;num_leaves=15,F5,258059,38741,calibrated,0.365898,0.370043,0.390336,1.08564,0.657197,0.024015,0.330595,0.447453,0.332081,0.302264,0.398725,0.299011,1.159155240848606,57.08,940.4
exp-796b48361164e23b,model,,C0_spread_only,CORE,logistic,C=1.0;class_weight=None,F1,103517,38392,uncalibrated,0.24302,0.338757,0.516488,1.016702,0.608487,0.016131,0.007076,0.991501,0.017695,0.005392,0.98359,0.011018,0.8543840818574768,15.82,610.8
exp-796b48361164e23b,model,,C0_spread_only,CORE,logistic,C=1.0;class_weight=None,F1,103517,38392,calibrated,0.24302,0.338757,0.516488,1.021709,0.611993,0.049432,0.007076,0.991501,0.017695,0.005392,0.98359,0.011018,0.8543840818574768,15.82,610.8
exp-796b48361164e23b,model,,C0_spread_only,CORE,logistic,C=1.0;class_weight=None,F2,141909,38024,uncalibrated,0.235521,0.337808,0.500894,1.03242,0.61978,0.046622,0.006325,0.993047,0.014052,0.003629,0.987508,0.008863,1.2078366792664423,21.72,610.8
exp-796b48361164e23b,model,,C0_spread_only,CORE,logistic,C=1.0;class_weight=None,F2,141909,38024,calibrated,0.235521,0.337808,0.500894,1.02817,0.616689,0.013227,0.006325,0.993047,0.014052,0.003629,0.987508,0.008863,1.2078366792664423,21.72,610.8
exp-796b48361164e23b,model,,C0_spread_only,CORE,logistic,C=1.0;class_weight=None,F3,179933,39063,uncalibrated,0.245696,0.337701,0.535264,1.001511,0.597534,0.009538,0.007449,0.992767,0.012887,0.005504,0.986637,0.007859,1.1721440628106623,22.98,704.4
exp-796b48361164e23b,model,,C0_spread_only,CORE,logistic,C=1.0;class_weight=None,F3,179933,39063,calibrated,0.245696,0.337701,0.535264,1.004175,0.599452,0.034605,0.007449,0.992767,0.012887,0.005504,0.986637,0.007859,1.1721440628106623,22.98,704.4
exp-796b48361164e23b,model,,C0_spread_only,CORE,logistic,C=1.0;class_weight=None,F4,218996,39063,uncalibrated,0.25038,0.339437,0.537952,0.998398,0.595364,0.016065,0.010723,0.991598,0.015989,0.006528,0.984,0.009472,0.9460437477985385,31.56,704.4
exp-796b48361164e23b,model,,C0_spread_only,CORE,logistic,C=1.0;class_weight=None,F4,218996,39063,calibrated,0.25038,0.339437,0.537952,0.997869,0.595006,0.00837,0.010723,0.991598,0.015989,0.006528,0.984,0.009472,0.9460437477985385,31.56,704.4
exp-796b48361164e23b,model,,C0_spread_only,CORE,logistic,C=1.0;class_weight=None,F5,258059,38741,uncalibrated,0.243619,0.338796,0.508608,1.023004,0.613021,0.007178,0.008111,0.98659,0.021688,0.005705,0.979092,0.015204,0.9184282320276445,39.26,918.1
exp-796b48361164e23b,model,,C0_spread_only,CORE,logistic,C=1.0;class_weight=None,F5,258059,38741,calibrated,0.243619,0.338796,0.508608,1.023872,0.613626,0.019996,0.008111,0.98659,0.021688,0.005705,0.979092,0.015204,0.9184282320276445,39.26,918.1
exp-7cdf94448fe425ab,model,,C1_moderate,CONDITIONAL,lightgbm,n_estimators=400;num_leaves=31,F1,103517,38392,uncalibrated,0.343533,0.36706,0.388961,1.088902,0.659179,0.031445,0.173681,0.432867,0.494633,0.158887,0.39141,0.449703,1.3371907969674766,82.57,748.7
exp-7cdf94448fe425ab,model,,C1_moderate,CONDITIONAL,lightgbm,n_estimators=400;num_leaves=31,F1,103517,38392,calibrated,0.343533,0.36706,0.388961,1.085268,0.657061,0.014444,0.173681,0.432867,0.494633,0.158887,0.39141,0.449703,1.3371907969674766,82.57,748.7
exp-7cdf94448fe425ab,model,,C1_moderate,CONDITIONAL,lightgbm,n_estimators=400;num_leaves=31,F2,141909,38024,uncalibrated,0.350101,0.376461,0.402009,1.079983,0.653237,0.013952,0.144921,0.457086,0.527378,0.123895,0.407769,0.468336,1.4801798445275005,102.76,748.7
exp-7cdf94448fe425ab,model,,C1_moderate,CONDITIONAL,lightgbm,n_estimators=400;num_leaves=31,F2,141909,38024,calibrated,0.350101,0.376461,0.402009,1.079639,0.653329,0.0173,0.144921,0.457086,0.527378,0.123895,0.407769,0.468336,1.4801798445275005,102.76,748.7
exp-7cdf94448fe425ab,model,,C1_moderate,CONDITIONAL,lightgbm,n_estimators=400;num_leaves=31,F3,179933,39063,uncalibrated,0.320903,0.368578,0.328828,1.118331,0.677919,0.076585,0.433721,0.268006,0.404008,0.413972,0.231114,0.354914,2.127736604285185,120.86,748.7
exp-7cdf94448fe425ab,model,,C1_moderate,CONDITIONAL,lightgbm,n_estimators=400;num_leaves=31,F3,179933,39063,calibrated,0.320903,0.368578,0.328828,1.101133,0.667687,0.049092,0.433721,0.268006,0.404008,0.413972,0.231114,0.354914,2.127736604285185,120.86,748.7
exp-7cdf94448fe425ab,model,,C1_moderate,CONDITIONAL,lightgbm,n_estimators=400;num_leaves=31,F4,218996,39063,uncalibrated,0.35516,0.36513,0.404065,1.080399,0.652803,0.01757,0.317644,0.46604,0.311708,0.291427,0.423931,0.284643,2.535383597278742,138.54,823.3
exp-7cdf94448fe425ab,model,,C1_moderate,CONDITIONAL,lightgbm,n_estimators=400;num_leaves=31,F4,218996,39063,calibrated,0.35516,0.36513,0.404065,1.084848,0.656849,0.046378,0.317644,0.46604,0.311708,0.291427,0.423931,0.284643,2.535383597278742,138.54,823.3
exp-7cdf94448fe425ab,model,,C1_moderate,CONDITIONAL,lightgbm,n_estimators=400;num_leaves=31,F5,258059,38741,uncalibrated,0.36718,0.372389,0.414316,1.07614,0.649968,0.023971,0.313181,0.494964,0.309021,0.282414,0.445884,0.271702,1.0187644441158825,156.36,893.5
exp-7cdf94448fe425ab,model,,C1_moderate,CONDITIONAL,lightgbm,n_estimators=400;num_leaves=31,F5,258059,38741,calibrated,0.36718,0.372389,0.414316,1.076135,0.650013,0.024748,0.313181,0.494964,0.309021,0.282414,0.445884,0.271702,1.0187644441158825,156.36,893.5
exp-82961d6fa94bf2d7,model,,C2_pessimistic,REGIME,lightgbm,n_estimators=150;num_leaves=31,F1,103517,38392,uncalibrated,0.360953,0.37935,0.434439,1.074673,0.64786,0.031432,0.299633,0.494731,0.343688,0.25672,0.452646,0.290633,0.7722277591970139,30.87,969.1
exp-82961d6fa94bf2d7,model,,C2_pessimistic,REGIME,lightgbm,n_estimators=150;num_leaves=31,F1,103517,38392,calibrated,0.360953,0.37935,0.434439,1.075966,0.647196,0.014049,0.299633,0.494731,0.343688,0.25672,0.452646,0.290633,0.7722277591970139,30.87,969.1
exp-82961d6fa94bf2d7,model,,C2_pessimistic,REGIME,lightgbm,n_estimators=150;num_leaves=31,F2,141909,38024,uncalibrated,0.370545,0.377306,0.482932,1.048683,0.630513,0.077145,0.215339,0.600592,0.315988,0.183226,0.557306,0.259468,0.9432616222283611,38.7,969.1
exp-82961d6fa94bf2d7,model,,C2_pessimistic,REGIME,lightgbm,n_estimators=150;num_leaves=31,F2,141909,38024,calibrated,0.370545,0.377306,0.482932,1.047182,0.629281,0.072861,0.215339,0.600592,0.315988,0.183226,0.557306,0.259468,0.9432616222283611,38.7,969.1
exp-82961d6fa94bf2d7,model,,C2_pessimistic,REGIME,lightgbm,n_estimators=150;num_leaves=31,F3,179933,39063,uncalibrated,0.362207,0.372314,0.497606,1.048603,0.63044,0.098848,0.241345,0.60143,0.274166,0.214397,0.562732,0.222871,0.6360574421157591,48.38,969.1
exp-82961d6fa94bf2d7,model,,C2_pessimistic,REGIME,lightgbm,n_estimators=150;num_leaves=31,F3,179933,39063,calibrated,0.362207,0.372314,0.497606,1.038042,0.620363,0.063538,0.241345,0.60143,0.274166,0.214397,0.562732,0.222871,0.6360574421157591,48.38,969.1
exp-82961d6fa94bf2d7,model,,C2_pessimistic,REGIME,lightgbm,n_estimators=150;num_leaves=31,F4,218996,39063,uncalibrated,0.366079,0.38056,0.475028,1.061279,0.639073,0.077578,0.306152,0.560491,0.275036,0.259043,0.518547,0.22241,0.5283486021853485,54.7,969.1
exp-82961d6fa94bf2d7,model,,C2_pessimistic,REGIME,lightgbm,n_estimators=150;num_leaves=31,F4,218996,39063,calibrated,0.366079,0.38056,0.475028,1.059618,0.63207,0.025877,0.306152,0.560491,0.275036,0.259043,0.518547,0.22241,0.5283486021853485,54.7,969.1
exp-82961d6fa94bf2d7,model,,C2_pessimistic,REGIME,lightgbm,n_estimators=150;num_leaves=31,F5,258059,38741,uncalibrated,0.361742,0.373755,0.449808,1.071813,0.646215,0.057443,0.287074,0.532798,0.301393,0.253607,0.490023,0.256369,0.6391603641907051,65.26,969.1
exp-82961d6fa94bf2d7,model,,C2_pessimistic,REGIME,lightgbm,n_estimators=150;num_leaves=31,F5,258059,38741,calibrated,0.361742,0.373755,0.449808,1.072839,0.643602,0.027316,0.287074,0.532798,0.301393,0.253607,0.490023,0.256369,0.6391603641907051,65.26,969.1
exp-83b4ee06d0d4db0e,baseline,,C1_moderate,-,majority,,F1,103517,38392,uncalibrated,0.241817,0.333333,0.569181,0.982512,0.583509,0.028388,0.0,1.0,0.0,0.0,1.0,0.0,,0.0,497.0
exp-83b4ee06d0d4db0e,baseline,,C1_moderate,-,majority,,F1,103517,38392,calibrated,0.241817,0.333333,0.569181,0.982512,0.583509,0.028388,0.0,1.0,0.0,0.0,1.0,0.0,,0.0,497.0
exp-83b4ee06d0d4db0e,baseline,,C1_moderate,-,majority,,F2,141909,38024,uncalibrated,0.238005,0.333333,0.555228,0.996513,0.593693,0.024531,0.0,1.0,0.0,0.0,1.0,0.0,,0.0,497.0
exp-83b4ee06d0d4db0e,baseline,,C1_moderate,-,majority,,F2,141909,38024,calibrated,0.238005,0.333333,0.555228,0.996513,0.593693,0.024531,0.0,1.0,0.0,0.0,1.0,0.0,,0.0,497.0
exp-83b4ee06d0d4db0e,baseline,,C1_moderate,-,majority,,F3,179933,39063,uncalibrated,0.24934,0.333333,0.597471,0.954064,0.562781,0.029148,0.0,1.0,0.0,0.0,1.0,0.0,,0.0,497.0
exp-83b4ee06d0d4db0e,baseline,,C1_moderate,-,majority,,F3,179933,39063,calibrated,0.24934,0.333333,0.597471,0.954064,0.562781,0.029148,0.0,1.0,0.0,0.0,1.0,0.0,,0.0,497.0
exp-83b4ee06d0d4db0e,baseline,,C1_moderate,-,majority,,F4,218996,39063,uncalibrated,0.24754,0.333333,0.59061,0.960824,0.567648,0.018777,0.0,1.0,0.0,0.0,1.0,0.0,,0.0,497.0
exp-83b4ee06d0d4db0e,baseline,,C1_moderate,-,majority,,F4,218996,39063,calibrated,0.24754,0.333333,0.59061,0.960824,0.567648,0.018777,0.0,1.0,0.0,0.0,1.0,0.0,,0.0,497.0
exp-83b4ee06d0d4db0e,baseline,,C1_moderate,-,majority,,F5,258059,38741,uncalibrated,0.239656,0.333333,0.56124,0.990387,0.589257,0.019228,0.0,1.0,0.0,0.0,1.0,0.0,,0.0,497.0
exp-83b4ee06d0d4db0e,baseline,,C1_moderate,-,majority,,F5,258059,38741,calibrated,0.239656,0.333333,0.56124,0.990387,0.589257,0.019228,0.0,1.0,0.0,0.0,1.0,0.0,,0.0,497.0
exp-84fb10145ca18250,model,,C2_pessimistic,CORE,lightgbm,n_estimators=400;num_leaves=15,F1,103517,38392,uncalibrated,0.358461,0.379057,0.42712,1.076008,0.64867,0.020843,0.304041,0.479802,0.353328,0.264404,0.43905,0.296546,0.8516963153965228,57.05,611.3
exp-84fb10145ca18250,model,,C2_pessimistic,CORE,lightgbm,n_estimators=400;num_leaves=15,F1,103517,38392,calibrated,0.358461,0.379057,0.42712,1.077384,0.648667,0.014246,0.304041,0.479802,0.353328,0.264404,0.43905,0.296546,0.8516963153965228,57.05,611.3
exp-84fb10145ca18250,model,,C2_pessimistic,CORE,lightgbm,n_estimators=400;num_leaves=15,F2,141909,38024,uncalibrated,0.369515,0.377298,0.479171,1.047838,0.62979,0.067537,0.212658,0.59269,0.326546,0.178203,0.549101,0.272696,0.9753499445775667,72.15,611.3
exp-84fb10145ca18250,model,,C2_pessimistic,CORE,lightgbm,n_estimators=400;num_leaves=15,F2,141909,38024,calibrated,0.369515,0.377298,0.479171,1.047263,0.629301,0.0656,0.212658,0.59269,0.326546,0.178203,0.549101,0.272696,0.9753499445775667,72.15,611.3
exp-84fb10145ca18250,model,,C2_pessimistic,CORE,lightgbm,n_estimators=400;num_leaves=15,F3,179933,39063,uncalibrated,0.361979,0.372953,0.493485,1.046945,0.629237,0.08863,0.256565,0.593289,0.269006,0.226608,0.554643,0.218749,0.6924274385969152,88.11,690.1
exp-84fb10145ca18250,model,,C2_pessimistic,CORE,lightgbm,n_estimators=400;num_leaves=15,F3,179933,39063,calibrated,0.361979,0.372953,0.493485,1.038659,0.62139,0.05924,0.256565,0.593289,0.269006,0.226608,0.554643,0.218749,0.6924274385969152,88.11,690.1
exp-84fb10145ca18250,model,,C2_pessimistic,CORE,lightgbm,n_estimators=400;num_leaves=15,F4,218996,39063,uncalibrated,0.365409,0.379602,0.474618,1.059819,0.638028,0.073449,0.301595,0.560566,0.276644,0.258301,0.519187,0.222512,0.5577760660851688,104.06,814.1
exp-84fb10145ca18250,model,,C2_pessimistic,CORE,lightgbm,n_estimators=400;num_leaves=15,F4,218996,39063,calibrated,0.365409,0.379602,0.474618,1.058752,0.632047,0.025356,0.301595,0.560566,0.276644,0.258301,0.519187,0.222512,0.5577760660851688,104.06,814.1
exp-84fb10145ca18250,model,,C2_pessimistic,CORE,lightgbm,n_estimators=400;num_leaves=15,F5,258059,38741,uncalibrated,0.360746,0.373313,0.446762,1.071298,0.645713,0.050299,0.291835,0.526863,0.30124,0.263648,0.483441,0.25291,0.6876701935045861,116.63,814.1
exp-84fb10145ca18250,model,,C2_pessimistic,CORE,lightgbm,n_estimators=400;num_leaves=15,F5,258059,38741,calibrated,0.360746,0.373313,0.446762,1.072688,0.643896,0.025322,0.291835,0.526863,0.30124,0.263648,0.483441,0.25291,0.6876701935045861,116.63,814.1
exp-8513f279e03d7d44,baseline,,C1_moderate,-,mean_reversion,,F1,103517,38392,uncalibrated,0.199711,0.329591,0.213716,,,,0.489152,0.002151,0.497471,0.493592,0.001901,0.504506,,0.0,497.0
exp-8513f279e03d7d44,baseline,,C1_moderate,-,mean_reversion,,F1,103517,38392,calibrated,0.199711,0.329591,0.213716,,,,0.489152,0.002151,0.497471,0.493592,0.001901,0.504506,,0.0,497.0
exp-8513f279e03d7d44,baseline,,C1_moderate,-,mean_reversion,,F2,141909,38024,uncalibrated,0.203907,0.329542,0.220387,,,,0.488001,0.001705,0.498919,0.491532,0.001762,0.506706,,0.0,497.0
exp-8513f279e03d7d44,baseline,,C1_moderate,-,mean_reversion,,F2,141909,38024,calibrated,0.203907,0.329542,0.220387,,,,0.488001,0.001705,0.498919,0.491532,0.001762,0.506706,,0.0,497.0
exp-8513f279e03d7d44,baseline,,C1_moderate,-,mean_reversion,,F3,179933,39063,uncalibrated,0.194659,0.336712,0.204209,,,,0.507197,0.002228,0.500711,0.494944,0.002227,0.502829,,0.0,497.0
exp-8513f279e03d7d44,baseline,,C1_moderate,-,mean_reversion,,F3,179933,39063,calibrated,0.194659,0.336712,0.204209,,,,0.507197,0.002228,0.500711,0.494944,0.002227,0.502829,,0.0,497.0
exp-8513f279e03d7d44,baseline,,C1_moderate,-,mean_reversion,,F4,218996,39063,uncalibrated,0.192092,0.328126,0.202442,,,,0.507299,0.002557,0.474522,0.502112,0.002355,0.495533,,0.0,497.0
exp-8513f279e03d7d44,baseline,,C1_moderate,-,mean_reversion,,F4,218996,39063,calibrated,0.192092,0.328126,0.202442,,,,0.507299,0.002557,0.474522,0.502112,0.002355,0.495533,,0.0,497.0
exp-8513f279e03d7d44,baseline,,C1_moderate,-,mean_reversion,,F5,258059,38741,uncalibrated,0.200317,0.326399,0.215534,,,,0.486635,0.002162,0.4904,0.496141,0.002013,0.501846,,0.0,497.0
exp-8513f279e03d7d44,baseline,,C1_moderate,-,mean_reversion,,F5,258059,38741,calibrated,0.200317,0.326399,0.215534,,,,0.486635,0.002162,0.4904,0.496141,0.002013,0.501846,,0.0,497.0
exp-8586d5c34f81bd8d,ablation,ablate:mean_reversion,C0_spread_only,CORE,lightgbm,n_estimators=400;num_leaves=31,F1,103517,38392,uncalibrated,0.360459,0.364517,0.388935,1.086225,0.657438,0.022953,0.292534,0.454978,0.34604,0.274406,0.412195,0.313399,1.5571870198816165,29.34,1124.1
exp-8586d5c34f81bd8d,ablation,ablate:mean_reversion,C0_spread_only,CORE,lightgbm,n_estimators=400;num_leaves=31,F1,103517,38392,calibrated,0.360459,0.364517,0.388935,1.084297,0.656498,0.013113,0.292534,0.454978,0.34604,0.274406,0.412195,0.313399,1.5571870198816165,29.34,1124.1
exp-8586d5c34f81bd8d,ablation,ablate:mean_reversion,C0_spread_only,CORE,lightgbm,n_estimators=400;num_leaves=31,F2,141909,38024,uncalibrated,0.364156,0.365463,0.410346,1.074915,0.64974,0.013418,0.231726,0.546905,0.317756,0.215574,0.500657,0.283768,1.1404979725708186,35.63,1124.1
exp-8586d5c34f81bd8d,ablation,ablate:mean_reversion,C0_spread_only,CORE,lightgbm,n_estimators=400;num_leaves=31,F2,141909,38024,calibrated,0.364156,0.365463,0.410346,1.075101,0.650001,0.018226,0.231726,0.546905,0.317756,0.215574,0.500657,0.283768,1.1404979725708186,35.63,1124.1
exp-8586d5c34f81bd8d,ablation,ablate:mean_reversion,C0_spread_only,CORE,lightgbm,n_estimators=400;num_leaves=31,F3,179933,39063,uncalibrated,0.365173,0.369618,0.400404,1.078694,0.652432,0.009241,0.313397,0.471834,0.323622,0.286614,0.422958,0.290428,1.1272406647350801,42.03,1124.1
exp-8586d5c34f81bd8d,ablation,ablate:mean_reversion,C0_spread_only,CORE,lightgbm,n_estimators=400;num_leaves=31,F3,179933,39063,calibrated,0.365173,0.369618,0.400404,1.078772,0.652591,0.012804,0.313397,0.471834,0.323622,0.286614,0.422958,0.290428,1.1272406647350801,42.03,1124.1
exp-8586d5c34f81bd8d,ablation,ablate:mean_reversion,C0_spread_only,CORE,lightgbm,n_estimators=400;num_leaves=31,F4,218996,39063,uncalibrated,0.359877,0.364982,0.393518,1.080987,0.653999,0.015324,0.331417,0.458755,0.304775,0.30525,0.412411,0.282339,1.1179580448100195,45.75,1124.1
exp-8586d5c34f81bd8d,ablation,ablate:mean_reversion,C0_spread_only,CORE,lightgbm,n_estimators=400;num_leaves=31,F4,218996,39063,calibrated,0.359877,0.364982,0.393518,1.080768,0.653945,0.017352,0.331417,0.458755,0.304775,0.30525,0.412411,0.282339,1.1179580448100195,45.75,1124.1
exp-8586d5c34f81bd8d,ablation,ablate:mean_reversion,C0_spread_only,CORE,lightgbm,n_estimators=400;num_leaves=31,F5,258059,38741,uncalibrated,0.357994,0.36403,0.377455,1.089062,0.659145,0.019854,0.34271,0.415045,0.334335,0.318732,0.37046,0.310808,1.1036973914500947,52.6,1124.1
exp-8586d5c34f81bd8d,ablation,ablate:mean_reversion,C0_spread_only,CORE,lightgbm,n_estimators=400;num_leaves=31,F5,258059,38741,calibrated,0.357994,0.36403,0.377455,1.088194,0.658721,0.017699,0.34271,0.415045,0.334335,0.318732,0.37046,0.310808,1.1036973914500947,52.6,1124.1
exp-860b2330427132b1,control,control:spread_only,C2_pessimistic,CORE,lightgbm,n_estimators=400;num_leaves=31,F1,103517,38392,uncalibrated,0.310429,0.345698,0.347833,1.10545,0.670633,0.058055,0.289052,0.35095,0.397093,0.281439,0.335617,0.382944,2.49761527287684,8.03,768.6
exp-860b2330427132b1,control,control:spread_only,C2_pessimistic,CORE,lightgbm,n_estimators=400;num_leaves=31,F1,103517,38392,calibrated,0.310429,0.345698,0.347833,1.095679,0.664458,0.018913,0.289052,0.35095,0.397093,0.281439,0.335617,0.382944,2.49761527287684,8.03,768.6
exp-860b2330427132b1,control,control:spread_only,C2_pessimistic,CORE,lightgbm,n_estimators=400;num_leaves=31,F2,141909,38024,uncalibrated,0.33922,0.35336,0.416842,1.067933,0.64577,0.021347,0.233805,0.487662,0.338612,0.222018,0.470229,0.307753,1.3428530153543867,9.44,768.6
exp-860b2330427132b1,control,control:spread_only,C2_pessimistic,CORE,lightgbm,n_estimators=400;num_leaves=31,F2,141909,38024,calibrated,0.33922,0.35336,0.416842,1.072155,0.648514,0.037096,0.233805,0.487662,0.338612,0.222018,0.470229,0.307753,1.3428530153543867,9.44,768.6
exp-860b2330427132b1,control,control:spread_only,C2_pessimistic,CORE,lightgbm,n_estimators=400;num_leaves=31,F3,179933,39063,uncalibrated,0.29479,0.344271,0.337378,1.102812,0.6691,0.053006,0.306406,0.332013,0.394393,0.299823,0.319305,0.380872,4.044874186655692,10.55,768.6
exp-860b2330427132b1,control,control:spread_only,C2_pessimistic,CORE,lightgbm,n_estimators=400;num_leaves=31,F3,179933,39063,calibrated,0.29479,0.344271,0.337378,1.096163,0.664864,0.014273,0.306406,0.332013,0.394393,0.299823,0.319305,0.380872,4.044874186655692,10.55,768.6
exp-860b2330427132b1,control,control:spread_only,C2_pessimistic,CORE,lightgbm,n_estimators=400;num_leaves=31,F4,218996,39063,uncalibrated,0.340118,0.355699,0.436474,1.067383,0.644538,0.043172,0.292155,0.509551,0.265391,0.266262,0.492922,0.240816,2.469164895971887,12.73,768.6
exp-860b2330427132b1,control,control:spread_only,C2_pessimistic,CORE,lightgbm,n_estimators=400;num_leaves=31,F4,218996,39063,calibrated,0.340118,0.355699,0.436474,1.081183,0.65451,0.079012,0.292155,0.509551,0.265391,0.266262,0.492922,0.240816,2.469164895971887,12.73,768.6
exp-860b2330427132b1,control,control:spread_only,C2_pessimistic,CORE,lightgbm,n_estimators=400;num_leaves=31,F5,258059,38741,uncalibrated,0.345055,0.352289,0.442761,1.064638,0.642864,0.052468,0.281881,0.54079,0.234196,0.269405,0.520224,0.210371,0.6435203612521698,14.57,777.7
exp-860b2330427132b1,control,control:spread_only,C2_pessimistic,CORE,lightgbm,n_estimators=400;num_leaves=31,F5,258059,38741,calibrated,0.345055,0.352289,0.442761,1.059665,0.638694,0.023803,0.281881,0.54079,0.234196,0.269405,0.520224,0.210371,0.6435203612521698,14.57,777.7
exp-86567e9fc9f97575,model,,C0_spread_only,CONDITIONAL,logistic,C=0.01;class_weight=balanced,F1,103517,38392,uncalibrated,0.364295,0.371884,0.397791,1.085106,0.656061,0.023667,0.233393,0.469699,0.412561,0.211216,0.418264,0.37052,1.1678705828496212,16.77,920.1
exp-86567e9fc9f97575,model,,C0_spread_only,CONDITIONAL,logistic,C=0.01;class_weight=balanced,F1,103517,38392,calibrated,0.364295,0.371884,0.397791,1.085353,0.656572,0.028342,0.233393,0.469699,0.412561,0.211216,0.418264,0.37052,1.1678705828496212,16.77,920.1
exp-86567e9fc9f97575,model,,C0_spread_only,CONDITIONAL,logistic,C=0.01;class_weight=balanced,F2,141909,38024,uncalibrated,0.349605,0.367873,0.457264,1.062936,0.641414,0.06321,0.100674,0.72926,0.273685,0.083395,0.682963,0.233642,0.7113760532314184,23.16,920.1
exp-86567e9fc9f97575,model,,C0_spread_only,CONDITIONAL,logistic,C=0.01;class_weight=balanced,F2,141909,38024,calibrated,0.349605,0.367873,0.457264,1.058101,0.637465,0.039046,0.100674,0.72926,0.273685,0.083395,0.682963,0.233642,0.7113760532314184,23.16,920.1
exp-86567e9fc9f97575,model,,C0_spread_only,CONDITIONAL,logistic,C=0.01;class_weight=balanced,F3,179933,39063,uncalibrated,0.339479,0.364188,0.349512,1.102627,0.667601,0.034737,0.309295,0.317781,0.465486,0.289865,0.276246,0.433889,1.5366048375738217,29.24,920.1
exp-86567e9fc9f97575,model,,C0_spread_only,CONDITIONAL,logistic,C=0.01;class_weight=balanced,F3,179933,39063,calibrated,0.339479,0.364188,0.349512,1.098011,0.665372,0.031726,0.309295,0.317781,0.465486,0.289865,0.276246,0.433889,1.5366048375738217,29.24,920.1
exp-86567e9fc9f97575,model,,C0_spread_only,CONDITIONAL,logistic,C=0.01;class_weight=balanced,F4,218996,39063,uncalibrated,0.353713,0.369143,0.371707,1.095463,0.662792,0.025057,0.308866,0.377458,0.421105,0.28088,0.332079,0.387041,3.747522969144884,35.53,920.1
exp-86567e9fc9f97575,model,,C0_spread_only,CONDITIONAL,logistic,C=0.01;class_weight=balanced,F4,218996,39063,calibrated,0.353713,0.369143,0.371707,1.094931,0.663985,0.035432,0.308866,0.377458,0.421105,0.28088,0.332079,0.387041,3.747522969144884,35.53,920.1
exp-86567e9fc9f97575,model,,C0_spread_only,CONDITIONAL,logistic,C=0.01;class_weight=balanced,F5,258059,38741,uncalibrated,0.358649,0.367554,0.374823,1.095475,0.662879,0.01488,0.319918,0.396658,0.386085,0.298031,0.348726,0.353243,1.4423076497046148,42.66,940.4
exp-86567e9fc9f97575,model,,C0_spread_only,CONDITIONAL,logistic,C=0.01;class_weight=balanced,F5,258059,38741,calibrated,0.35862,0.367518,0.374797,1.093578,0.662364,0.018184,0.319918,0.396658,0.385978,0.298056,0.348726,0.353218,1.4423076497046148,42.66,940.4
exp-873c3a6a7dc7e11a,model,,C1_moderate,CONDITIONAL,logistic,C=0.1;class_weight=None,F1,103517,38392,uncalibrated,0.259735,0.339792,0.570431,0.970124,0.574626,0.008963,0.005098,0.991946,0.022332,0.003386,0.984007,0.012607,0.8618794755625406,18.22,748.7
exp-873c3a6a7dc7e11a,model,,C1_moderate,CONDITIONAL,logistic,C=0.1;class_weight=None,F1,103517,38392,calibrated,0.259735,0.339792,0.570431,0.974219,0.577351,0.039977,0.005098,0.991946,0.022332,0.003386,0.984007,0.012607,0.8618794755625406,18.22,748.7
exp-873c3a6a7dc7e11a,model,,C1_moderate,CONDITIONAL,logistic,C=0.1;class_weight=None,F2,141909,38024,uncalibrated,0.245703,0.336031,0.555886,0.99242,0.590755,0.065393,0.00233,0.996637,0.009126,0.001446,0.993399,0.005155,1.2248413179502171,22.56,748.7
exp-873c3a6a7dc7e11a,model,,C1_moderate,CONDITIONAL,logistic,C=0.1;class_weight=None,F2,141909,38024,calibrated,0.245703,0.336031,0.555886,0.983852,0.584703,0.015985,0.00233,0.996637,0.009126,0.001446,0.993399,0.005155,1.2248413179502171,22.56,748.7
exp-873c3a6a7dc7e11a,model,,C1_moderate,CONDITIONAL,logistic,C=0.1;class_weight=None,F3,179933,39063,uncalibrated,0.25953,0.336533,0.596959,0.943394,0.555441,0.028908,0.002754,0.993916,0.012928,0.002483,0.98976,0.007757,1.0657911952311148,27.42,748.7
exp-873c3a6a7dc7e11a,model,,C1_moderate,CONDITIONAL,logistic,C=0.1;class_weight=None,F3,179933,39063,calibrated,0.25953,0.336533,0.596959,0.945594,0.557024,0.043161,0.002754,0.993916,0.012928,0.002483,0.98976,0.007757,1.0657911952311148,27.42,748.7
exp-873c3a6a7dc7e11a,model,,C1_moderate,CONDITIONAL,logistic,C=0.1;class_weight=None,F4,218996,39063,uncalibrated,0.260548,0.337874,0.59102,0.948494,0.559362,0.026261,0.004656,0.993802,0.015163,0.003046,0.988659,0.008294,0.8787079429030472,34.5,823.3
exp-873c3a6a7dc7e11a,model,,C1_moderate,CONDITIONAL,logistic,C=0.1;class_weight=None,F4,218996,39063,calibrated,0.260548,0.337874,0.59102,0.947206,0.558478,0.010275,0.004656,0.993802,0.015163,0.003046,0.988659,0.008294,0.8787079429030472,34.5,823.3
exp-873c3a6a7dc7e11a,model,,C1_moderate,CONDITIONAL,logistic,C=0.1;class_weight=None,F5,258059,38741,uncalibrated,0.252095,0.337154,0.561111,0.977915,0.580556,0.012134,0.005162,0.992411,0.013887,0.003794,0.986991,0.009215,0.9171578394908717,43.07,893.5
exp-873c3a6a7dc7e11a,model,,C1_moderate,CONDITIONAL,logistic,C=0.1;class_weight=None,F5,258059,38741,calibrated,0.252095,0.337154,0.561111,0.979242,0.581502,0.024953,0.005162,0.992411,0.013887,0.003794,0.986991,0.009215,0.9171578394908717,43.07,893.5
exp-906e42b88612cb5d,model,,C2_pessimistic,CONDITIONAL,lightgbm,n_estimators=400;num_leaves=15,F1,103517,38392,uncalibrated,0.347095,0.379713,0.41269,1.085875,0.655325,0.009678,0.205731,0.450623,0.482785,0.177277,0.406595,0.416128,0.9646414497500138,64.2,814.1
exp-906e42b88612cb5d,model,,C2_pessimistic,CONDITIONAL,lightgbm,n_estimators=400;num_leaves=15,F1,103517,38392,calibrated,0.347095,0.379713,0.41269,1.086492,0.655551,0.01025,0.205731,0.450623,0.482785,0.177277,0.406595,0.416128,0.9646414497500138,64.2,814.1
exp-906e42b88612cb5d,model,,C2_pessimistic,CONDITIONAL,lightgbm,n_estimators=400;num_leaves=15,F2,141909,38024,uncalibrated,0.362402,0.386085,0.46113,1.055864,0.63551,0.046468,0.152792,0.545281,0.460181,0.123422,0.496397,0.380181,1.1575808020176355,77.25,814.1
exp-906e42b88612cb5d,model,,C2_pessimistic,CONDITIONAL,lightgbm,n_estimators=400;num_leaves=15,F2,141909,38024,calibrated,0.362402,0.386085,0.46113,1.058246,0.637574,0.05739,0.152792,0.545281,0.460181,0.123422,0.496397,0.380181,1.1575808020176355,77.25,814.1
exp-906e42b88612cb5d,model,,C2_pessimistic,CONDITIONAL,lightgbm,n_estimators=400;num_leaves=15,F3,179933,39063,uncalibrated,0.312459,0.371566,0.357167,1.107758,0.669634,0.055831,0.274795,0.346095,0.493808,0.25208,0.312393,0.435527,1.6417747551689363,93.03,833.8
exp-906e42b88612cb5d,model,,C2_pessimistic,CONDITIONAL,lightgbm,n_estimators=400;num_leaves=15,F3,179933,39063,calibrated,0.312459,0.371566,0.357167,1.098052,0.664851,0.042777,0.274795,0.346095,0.493808,0.25208,0.312393,0.435527,1.6417747551689363,93.03,833.8
exp-906e42b88612cb5d,model,,C2_pessimistic,CONDITIONAL,lightgbm,n_estimators=400;num_leaves=15,F4,218996,39063,uncalibrated,0.360472,0.379025,0.457159,1.065844,0.641579,0.054952,0.303223,0.527792,0.30606,0.260041,0.486727,0.253232,1.6015743062237882,108.82,942.4
exp-906e42b88612cb5d,model,,C2_pessimistic,CONDITIONAL,lightgbm,n_estimators=400;num_leaves=15,F4,218996,39063,calibrated,0.360472,0.379025,0.457159,1.071816,0.647117,0.080093,0.303223,0.527792,0.30606,0.260041,0.486727,0.253232,1.6015743062237882,108.82,942.4
exp-906e42b88612cb5d,model,,C2_pessimistic,CONDITIONAL,lightgbm,n_estimators=400;num_leaves=15,F5,258059,38741,uncalibrated,0.363192,0.373045,0.458042,1.064824,0.641132,0.06001,0.277698,0.55076,0.290678,0.248212,0.505382,0.246406,0.7051028126342623,126.1,969.1
exp-906e42b88612cb5d,model,,C2_pessimistic,CONDITIONAL,lightgbm,n_estimators=400;num_leaves=15,F5,258059,38741,calibrated,0.363192,0.373045,0.458042,1.063863,0.637868,0.035392,0.277698,0.55076,0.290678,0.248212,0.505382,0.246406,0.7051028126342623,126.1,969.1
exp-90a03ae2e0487bcd,ablation,ablate:mtf,C1_moderate,CORE,lightgbm,n_estimators=400;num_leaves=31,F1,103517,38392,uncalibrated,0.3583,0.366584,0.401255,1.082087,0.654424,0.011792,0.291286,0.465221,0.343245,0.262529,0.426782,0.31069,1.2180482498794096,26.59,1124.1
exp-90a03ae2e0487bcd,ablation,ablate:mtf,C1_moderate,CORE,lightgbm,n_estimators=400;num_leaves=31,F1,103517,38392,calibrated,0.3583,0.366584,0.401255,1.080969,0.653942,0.006872,0.291286,0.465221,0.343245,0.262529,0.426782,0.31069,1.2180482498794096,26.59,1124.1
exp-90a03ae2e0487bcd,ablation,ablate:mtf,C1_moderate,CORE,lightgbm,n_estimators=400;num_leaves=31,F2,141909,38024,uncalibrated,0.364395,0.366302,0.437724,1.063404,0.641638,0.026534,0.210741,0.581849,0.306316,0.191905,0.538844,0.269251,1.038740571059496,31.65,1124.1
exp-90a03ae2e0487bcd,ablation,ablate:mtf,C1_moderate,CORE,lightgbm,n_estimators=400;num_leaves=31,F2,141909,38024,calibrated,0.364395,0.366302,0.437724,1.063751,0.641935,0.029353,0.210741,0.581849,0.306316,0.191905,0.538844,0.269251,1.038740571059496,31.65,1124.1
exp-90a03ae2e0487bcd,ablation,ablate:mtf,C1_moderate,CORE,lightgbm,n_estimators=400;num_leaves=31,F3,179933,39063,uncalibrated,0.358826,0.364242,0.426081,1.070589,0.646546,0.027183,0.28026,0.520416,0.292049,0.259145,0.481888,0.258966,0.9371996649356319,37.47,1124.1
exp-90a03ae2e0487bcd,ablation,ablate:mtf,C1_moderate,CORE,lightgbm,n_estimators=400;num_leaves=31,F3,179933,39063,calibrated,0.358826,0.364242,0.426081,1.07029,0.646214,0.023584,0.28026,0.520416,0.292049,0.259145,0.481888,0.258966,0.9371996649356319,37.47,1124.1
exp-90a03ae2e0487bcd,ablation,ablate:mtf,C1_moderate,CORE,lightgbm,n_estimators=400;num_leaves=31,F4,218996,39063,uncalibrated,0.360804,0.36741,0.419911,1.074713,0.649312,0.022758,0.304682,0.503489,0.294059,0.277296,0.460692,0.262013,0.8999565373667636,44.09,1124.1
exp-90a03ae2e0487bcd,ablation,ablate:mtf,C1_moderate,CORE,lightgbm,n_estimators=400;num_leaves=31,F4,218996,39063,calibrated,0.360804,0.36741,0.419911,1.074774,0.649108,0.015999,0.304682,0.503489,0.294059,0.277296,0.460692,0.262013,0.8999565373667636,44.09,1124.1
exp-90a03ae2e0487bcd,ablation,ablate:mtf,C1_moderate,CORE,lightgbm,n_estimators=400;num_leaves=31,F5,258059,38741,uncalibrated,0.354429,0.361653,0.394311,1.083339,0.655082,0.017906,0.300447,0.457619,0.326893,0.285666,0.41762,0.296714,0.9582516887512623,48.18,1124.1
exp-90a03ae2e0487bcd,ablation,ablate:mtf,C1_moderate,CORE,lightgbm,n_estimators=400;num_leaves=31,F5,258059,38741,calibrated,0.354429,0.361653,0.394311,1.083617,0.655167,0.017096,0.300447,0.457619,0.326893,0.285666,0.41762,0.296714,0.9582516887512623,48.18,1124.1
exp-910979424081b2f8,model,,C2_pessimistic,CORE,lightgbm,n_estimators=150;num_leaves=31,F1,103517,38392,uncalibrated,0.361854,0.380952,0.434309,1.074711,0.647932,0.031831,0.30169,0.492735,0.348432,0.260523,0.449078,0.290399,0.7791515757351215,30.63,611.3
exp-910979424081b2f8,model,,C2_pessimistic,CORE,lightgbm,n_estimators=150;num_leaves=31,F1,103517,38392,calibrated,0.361854,0.380952,0.434309,1.075972,0.647327,0.018072,0.30169,0.492735,0.348432,0.260523,0.449078,0.290399,0.7791515757351215,30.63,611.3
exp-910979424081b2f8,model,,C2_pessimistic,CORE,lightgbm,n_estimators=150;num_leaves=31,F2,141909,38024,uncalibrated,0.371336,0.379362,0.479171,1.050998,0.632035,0.074165,0.220253,0.59038,0.327451,0.182806,0.545682,0.271513,0.9566295508221975,38.7,611.3
exp-910979424081b2f8,model,,C2_pessimistic,CORE,lightgbm,n_estimators=150;num_leaves=31,F2,141909,38024,calibrated,0.371336,0.379362,0.479171,1.049955,0.63116,0.071019,0.220253,0.59038,0.327451,0.182806,0.545682,0.271513,0.9566295508221975,38.7,611.3
exp-910979424081b2f8,model,,C2_pessimistic,CORE,lightgbm,n_estimators=150;num_leaves=31,F3,179933,39063,uncalibrated,0.361401,0.371742,0.494739,1.048977,0.630664,0.094361,0.257234,0.596553,0.261438,0.22776,0.557894,0.214346,0.643305113954123,46.64,690.1
exp-910979424081b2f8,model,,C2_pessimistic,CORE,lightgbm,n_estimators=150;num_leaves=31,F3,179933,39063,calibrated,0.361401,0.371742,0.494739,1.03888,0.620988,0.05921,0.257234,0.596553,0.261438,0.22776,0.557894,0.214346,0.643305113954123,46.64,690.1
exp-910979424081b2f8,model,,C2_pessimistic,CORE,lightgbm,n_estimators=150;num_leaves=31,F4,218996,39063,uncalibrated,0.367508,0.381737,0.477408,1.060852,0.638837,0.079899,0.30013,0.563937,0.281145,0.251261,0.521542,0.227197,0.5240419422144892,53.89,814.1
exp-910979424081b2f8,model,,C2_pessimistic,CORE,lightgbm,n_estimators=150;num_leaves=31,F4,218996,39063,calibrated,0.367508,0.381737,0.477408,1.058985,0.631684,0.026328,0.30013,0.563937,0.281145,0.251261,0.521542,0.227197,0.5240419422144892,53.89,814.1
exp-910979424081b2f8,model,,C2_pessimistic,CORE,lightgbm,n_estimators=150;num_leaves=31,F5,258059,38741,uncalibrated,0.363067,0.376125,0.448724,1.073662,0.647435,0.056129,0.292123,0.527971,0.308281,0.259157,0.483519,0.257324,0.6599359219920867,61.46,814.1
exp-910979424081b2f8,model,,C2_pessimistic,CORE,lightgbm,n_estimators=150;num_leaves=31,F5,258059,38741,calibrated,0.363067,0.376125,0.448724,1.07521,0.645484,0.027729,0.292123,0.527971,0.308281,0.259157,0.483519,0.257324,0.6599359219920867,61.46,814.1
exp-913f9f81beb9f95b,model,,C2_pessimistic,CORE,lightgbm,n_estimators=400;num_leaves=31,F1,103517,38392,uncalibrated,0.357048,0.373269,0.433684,1.066136,0.642478,0.016314,0.294342,0.499681,0.325784,0.258622,0.460226,0.281152,0.8861127773338568,79.42,611.3
exp-913f9f81beb9f95b,model,,C2_pessimistic,CORE,lightgbm,n_estimators=400;num_leaves=31,F1,103517,38392,calibrated,0.357048,0.373269,0.433684,1.067033,0.642541,0.015449,0.294342,0.499681,0.325784,0.258622,0.460226,0.281152,0.8861127773338568,79.42,611.3
exp-913f9f81beb9f95b,model,,C2_pessimistic,CORE,lightgbm,n_estimators=400;num_leaves=31,F2,141909,38024,uncalibrated,0.371589,0.378097,0.483379,1.039159,0.623923,0.058229,0.221742,0.600632,0.311916,0.181727,0.558042,0.26023,0.9757804160255467,96.53,611.3
exp-913f9f81beb9f95b,model,,C2_pessimistic,CORE,lightgbm,n_estimators=400;num_leaves=31,F2,141909,38024,calibrated,0.371589,0.378097,0.483379,1.038573,0.623435,0.056003,0.221742,0.600632,0.311916,0.181727,0.558042,0.26023,0.9757804160255467,96.53,611.3
exp-913f9f81beb9f95b,model,,C2_pessimistic,CORE,lightgbm,n_estimators=400;num_leaves=31,F3,179933,39063,uncalibrated,0.36307,0.373738,0.496019,1.038451,0.623561,0.080427,0.258572,0.59725,0.265394,0.223844,0.559148,0.217008,0.7310736057091877,112.75,690.1
exp-913f9f81beb9f95b,model,,C2_pessimistic,CORE,lightgbm,n_estimators=400;num_leaves=31,F3,179933,39063,calibrated,0.36307,0.373738,0.496019,1.030677,0.616644,0.05151,0.258572,0.59725,0.265394,0.223844,0.559148,0.217008,0.7310736057091877,112.75,690.1
exp-913f9f81beb9f95b,model,,C2_pessimistic,CORE,lightgbm,n_estimators=400;num_leaves=31,F4,218996,39063,uncalibrated,0.363582,0.377086,0.47408,1.05194,0.632942,0.063351,0.293294,0.561802,0.276161,0.251312,0.521747,0.226941,0.5950624266670145,133.0,814.1
exp-913f9f81beb9f95b,model,,C2_pessimistic,CORE,lightgbm,n_estimators=400;num_leaves=31,F4,218996,39063,calibrated,0.363582,0.377086,0.47408,1.049314,0.627436,0.017752,0.293294,0.561802,0.276161,0.251312,0.521747,0.226941,0.5950624266670145,133.0,814.1
exp-913f9f81beb9f95b,model,,C2_pessimistic,CORE,lightgbm,n_estimators=400;num_leaves=31,F5,258059,38741,uncalibrated,0.361259,0.374138,0.446555,1.066192,0.642382,0.040915,0.296307,0.525479,0.300628,0.261712,0.484835,0.253452,0.6922485794193473,146.39,814.1
exp-913f9f81beb9f95b,model,,C2_pessimistic,CORE,lightgbm,n_estimators=400;num_leaves=31,F5,258059,38741,calibrated,0.361259,0.374138,0.446555,1.067481,0.640736,0.015777,0.296307,0.525479,0.300628,0.261712,0.484835,0.253452,0.6922485794193473,146.39,814.1
exp-917a3f510a383422,model,,C0_spread_only,REGIME,logistic,C=1.0;class_weight=None,F1,103517,38392,uncalibrated,0.241674,0.338304,0.516358,1.017034,0.608701,0.018608,0.006865,0.99221,0.015838,0.005053,0.985205,0.009742,0.8566032869221027,15.41,940.4
exp-917a3f510a383422,model,,C0_spread_only,REGIME,logistic,C=1.0;class_weight=None,F1,103517,38392,calibrated,0.241674,0.338304,0.516358,1.022127,0.612329,0.05183,0.006865,0.99221,0.015838,0.005053,0.985205,0.009742,0.8566032869221027,15.41,940.4
exp-917a3f510a383422,model,,C0_spread_only,REGIME,logistic,C=1.0;class_weight=None,F2,141909,38024,uncalibrated,0.234747,0.337556,0.500815,1.032854,0.620119,0.049913,0.006532,0.993469,0.012668,0.003682,0.988481,0.007837,1.2134030018821444,22.72,940.4
exp-917a3f510a383422,model,,C0_spread_only,REGIME,logistic,C=1.0;class_weight=None,F2,141909,38024,calibrated,0.234747,0.337556,0.500815,1.028117,0.616656,0.01449,0.006532,0.993469,0.012668,0.003682,0.988481,0.007837,1.2134030018821444,22.72,940.4
exp-917a3f510a383422,model,,C0_spread_only,REGIME,logistic,C=1.0;class_weight=None,F3,179933,39063,uncalibrated,0.246193,0.338038,0.535596,1.001508,0.597528,0.009799,0.007341,0.993102,0.013671,0.00489,0.986688,0.008422,1.1608696590883856,30.38,940.4
exp-917a3f510a383422,model,,C0_spread_only,REGIME,logistic,C=1.0;class_weight=None,F3,179933,39063,calibrated,0.246193,0.338038,0.535596,1.004035,0.599346,0.034255,0.007341,0.993102,0.013671,0.00489,0.986688,0.008422,1.1608696590883856,30.38,940.4
exp-917a3f510a383422,model,,C0_spread_only,REGIME,logistic,C=1.0;class_weight=None,F4,218996,39063,uncalibrated,0.249733,0.339152,0.537798,0.99841,0.595385,0.01623,0.009175,0.991741,0.01654,0.005939,0.984179,0.009881,0.9498829869070555,33.95,940.4
exp-917a3f510a383422,model,,C0_spread_only,REGIME,logistic,C=1.0;class_weight=None,F4,218996,39063,calibrated,0.249733,0.339152,0.537798,0.997887,0.59503,0.006561,0.009175,0.991741,0.01654,0.005939,0.984179,0.009881,0.9498829869070555,33.95,940.4
exp-917a3f510a383422,model,,C0_spread_only,REGIME,logistic,C=1.0;class_weight=None,F5,258059,38741,uncalibrated,0.243105,0.338564,0.508479,1.022842,0.612911,0.007063,0.007906,0.986743,0.021044,0.005782,0.979221,0.014997,0.9129301383293592,40.18,943.5
exp-917a3f510a383422,model,,C0_spread_only,REGIME,logistic,C=1.0;class_weight=None,F5,258059,38741,calibrated,0.243105,0.338564,0.508479,1.023803,0.613588,0.020683,0.007906,0.986743,0.021044,0.005782,0.979221,0.014997,0.9129301383293592,40.18,943.5
exp-92bf8f3081fe311d,model,,C0_spread_only,CORE,lightgbm,n_estimators=400;num_leaves=31,F1,103517,38392,uncalibrated,0.364025,0.369028,0.390159,1.087405,0.658164,0.023936,0.30415,0.44739,0.355543,0.277558,0.403365,0.319077,1.5815108788633483,79.44,610.8
exp-92bf8f3081fe311d,model,,C0_spread_only,CORE,lightgbm,n_estimators=400;num_leaves=31,F1,103517,38392,calibrated,0.364025,0.369028,0.390159,1.08515,0.657067,0.012591,0.30415,0.44739,0.355543,0.277558,0.403365,0.319077,1.5815108788633483,79.44,610.8
exp-92bf8f3081fe311d,model,,C0_spread_only,CORE,lightgbm,n_estimators=400;num_leaves=31,F2,141909,38024,uncalibrated,0.36379,0.365134,0.410925,1.074537,0.649522,0.011614,0.229445,0.550224,0.315733,0.21134,0.504234,0.284426,1.1088517588583606,96.92,610.8
exp-92bf8f3081fe311d,model,,C0_spread_only,CORE,lightgbm,n_estimators=400;num_leaves=31,F2,141909,38024,calibrated,0.36379,0.365134,0.410925,1.074684,0.649725,0.01668,0.229445,0.550224,0.315733,0.21134,0.504234,0.284426,1.1088517588583606,96.92,610.8
exp-92bf8f3081fe311d,model,,C0_spread_only,CORE,lightgbm,n_estimators=400;num_leaves=31,F3,179933,39063,uncalibrated,0.363752,0.36816,0.398766,1.079404,0.652923,0.013026,0.317392,0.46963,0.317459,0.2903,0.420475,0.289225,1.129976599848047,113.17,704.4
exp-92bf8f3081fe311d,model,,C0_spread_only,CORE,lightgbm,n_estimators=400;num_leaves=31,F3,179933,39063,calibrated,0.363752,0.36816,0.398766,1.079404,0.653028,0.016417,0.317392,0.46963,0.317459,0.2903,0.420475,0.289225,1.129976599848047,113.17,704.4
exp-92bf8f3081fe311d,model,,C0_spread_only,CORE,lightgbm,n_estimators=400;num_leaves=31,F4,218996,39063,uncalibrated,0.361718,0.366476,0.396334,1.079698,0.653113,0.013716,0.323679,0.464579,0.31117,0.29734,0.417454,0.285206,1.1050444898578762,136.18,704.4
exp-92bf8f3081fe311d,model,,C0_spread_only,CORE,lightgbm,n_estimators=400;num_leaves=31,F4,218996,39063,calibrated,0.361718,0.366476,0.396334,1.07961,0.653142,0.014311,0.323679,0.464579,0.31117,0.29734,0.417454,0.285206,1.1050444898578762,136.18,704.4
exp-92bf8f3081fe311d,model,,C0_spread_only,CORE,lightgbm,n_estimators=400;num_leaves=31,F5,258059,38741,uncalibrated,0.358703,0.364628,0.378488,1.089325,0.659266,0.017591,0.347947,0.417077,0.32886,0.324643,0.372345,0.303012,1.086821852814307,146.83,920.1
exp-92bf8f3081fe311d,model,,C0_spread_only,CORE,lightgbm,n_estimators=400;num_leaves=31,F5,258059,38741,calibrated,0.358703,0.364628,0.378488,1.088542,0.658887,0.01607,0.347947,0.417077,0.32886,0.324643,0.372345,0.303012,1.086821852814307,146.83,920.1
exp-931d439d06775d5d,control,control:spread_only,C0_spread_only,CORE,lightgbm,n_estimators=400;num_leaves=31,F1,103517,38392,uncalibrated,0.341145,0.346726,0.363696,1.094978,0.663638,0.032042,0.287887,0.409854,0.342436,0.278339,0.387138,0.334523,1.87232368948001,8.67,712.4
exp-931d439d06775d5d,control,control:spread_only,C0_spread_only,CORE,lightgbm,n_estimators=400;num_leaves=31,F1,103517,38392,calibrated,0.341145,0.346726,0.363696,1.092008,0.661888,0.012986,0.287887,0.409854,0.342436,0.278339,0.387138,0.334523,1.87232368948001,8.67,712.4
exp-931d439d06775d5d,control,control:spread_only,C0_spread_only,CORE,lightgbm,n_estimators=400;num_leaves=31,F2,141909,38024,uncalibrated,0.343465,0.346731,0.369582,1.088871,0.659785,0.015575,0.255469,0.439716,0.345007,0.251315,0.418762,0.329923,1.3901080493159372,9.49,712.4
exp-931d439d06775d5d,control,control:spread_only,C0_spread_only,CORE,lightgbm,n_estimators=400;num_leaves=31,F2,141909,38024,calibrated,0.343465,0.346731,0.369582,1.088573,0.659561,0.008035,0.255469,0.439716,0.345007,0.251315,0.418762,0.329923,1.3901080493159372,9.49,712.4
exp-931d439d06775d5d,control,control:spread_only,C0_spread_only,CORE,lightgbm,n_estimators=400;num_leaves=31,F3,179933,39063,uncalibrated,0.31873,0.34141,0.326217,1.103944,0.669651,0.055176,0.327324,0.292154,0.404751,0.326191,0.274582,0.399227,2.7851395045210436,11.1,712.4
exp-931d439d06775d5d,control,control:spread_only,C0_spread_only,CORE,lightgbm,n_estimators=400;num_leaves=31,F3,179933,39063,calibrated,0.31873,0.34141,0.326217,1.097064,0.665355,0.026178,0.327324,0.292154,0.404751,0.326191,0.274582,0.399227,2.7851395045210436,11.1,712.4
exp-931d439d06775d5d,control,control:spread_only,C0_spread_only,CORE,lightgbm,n_estimators=400;num_leaves=31,F4,218996,39063,uncalibrated,0.337427,0.3505,0.354069,1.09441,0.663196,0.029954,0.347667,0.36223,0.341603,0.337583,0.339554,0.322863,8.703086279740049,12.5,719.3
exp-931d439d06775d5d,control,control:spread_only,C0_spread_only,CORE,lightgbm,n_estimators=400;num_leaves=31,F4,218996,39063,calibrated,0.337427,0.3505,0.354069,1.096552,0.665244,0.020278,0.347667,0.36223,0.341603,0.337583,0.339554,0.322863,8.703086279740049,12.5,719.3
exp-931d439d06775d5d,control,control:spread_only,C0_spread_only,CORE,lightgbm,n_estimators=400;num_leaves=31,F5,258059,38741,uncalibrated,0.345691,0.349867,0.369479,1.088043,0.65908,0.020485,0.347228,0.423223,0.27915,0.340957,0.395911,0.263132,1.4996770837299187,13.32,766.7
exp-931d439d06775d5d,control,control:spread_only,C0_spread_only,CORE,lightgbm,n_estimators=400;num_leaves=31,F5,258059,38741,calibrated,0.345691,0.349867,0.369479,1.088601,0.659496,0.021565,0.347228,0.423223,0.27915,0.340957,0.395911,0.263132,1.4996770837299187,13.32,766.7
exp-9376ebd07c586bb1,baseline,,C2_pessimistic,-,momentum,,F1,103517,38392,uncalibrated,0.176156,0.339074,0.177771,,,,0.512123,0.002116,0.502984,0.504506,0.001901,0.493592,,0.0,497.0
exp-9376ebd07c586bb1,baseline,,C2_pessimistic,-,momentum,,F1,103517,38392,calibrated,0.176156,0.339074,0.177771,,,,0.512123,0.002116,0.502984,0.504506,0.001901,0.493592,,0.0,497.0
exp-9376ebd07c586bb1,baseline,,C2_pessimistic,-,momentum,,F2,141909,38024,uncalibrated,0.178336,0.341048,0.180412,,,,0.513477,0.001823,0.507843,0.506706,0.001762,0.491532,,0.0,497.0
exp-9376ebd07c586bb1,baseline,,C2_pessimistic,-,momentum,,F2,141909,38024,calibrated,0.178336,0.341048,0.180412,,,,0.513477,0.001823,0.507843,0.506706,0.001762,0.491532,,0.0,497.0
exp-9376ebd07c586bb1,baseline,,C2_pessimistic,-,momentum,,F3,179933,39063,uncalibrated,0.154045,0.329225,0.15027,,,,0.49239,0.002164,0.49312,0.502829,0.002227,0.494944,,0.0,497.0
exp-9376ebd07c586bb1,baseline,,C2_pessimistic,-,momentum,,F3,179933,39063,calibrated,0.154045,0.329225,0.15027,,,,0.49239,0.002164,0.49312,0.502829,0.002227,0.494944,,0.0,497.0
exp-9376ebd07c586bb1,baseline,,C2_pessimistic,-,momentum,,F4,218996,39063,uncalibrated,0.167026,0.3441,0.164734,,,,0.497721,0.00251,0.532069,0.495533,0.002355,0.502112,,0.0,497.0
exp-9376ebd07c586bb1,baseline,,C2_pessimistic,-,momentum,,F4,218996,39063,calibrated,0.167026,0.3441,0.164734,,,,0.497721,0.00251,0.532069,0.495533,0.002355,0.502112,,0.0,497.0
exp-9376ebd07c586bb1,baseline,,C2_pessimistic,-,momentum,,F5,258059,38741,uncalibrated,0.178125,0.342707,0.179758,,,,0.513849,0.002255,0.512016,0.501846,0.002013,0.496141,,0.0,497.0
exp-9376ebd07c586bb1,baseline,,C2_pessimistic,-,momentum,,F5,258059,38741,calibrated,0.178125,0.342707,0.179758,,,,0.513849,0.002255,0.512016,0.501846,0.002013,0.496141,,0.0,497.0
exp-95db79ac53767dd4,ablation,ablate:mtf,C2_pessimistic,CORE,lightgbm,n_estimators=400;num_leaves=31,F1,103517,38392,uncalibrated,0.356269,0.373355,0.43134,1.06755,0.643532,0.015697,0.288758,0.494811,0.336496,0.256225,0.455824,0.287951,0.8815768243583852,27.99,1124.1
exp-95db79ac53767dd4,ablation,ablate:mtf,C2_pessimistic,CORE,lightgbm,n_estimators=400;num_leaves=31,F1,103517,38392,calibrated,0.356269,0.373355,0.43134,1.068557,0.64368,0.015331,0.288758,0.494811,0.336496,0.256225,0.455824,0.287951,0.8815768243583852,27.99,1124.1
exp-95db79ac53767dd4,ablation,ablate:mtf,C2_pessimistic,CORE,lightgbm,n_estimators=400;num_leaves=31,F2,141909,38024,uncalibrated,0.364141,0.369696,0.477567,1.039684,0.624523,0.053115,0.215488,0.597674,0.295928,0.186987,0.557911,0.255102,0.9984456190045791,32.25,1124.1
exp-95db79ac53767dd4,ablation,ablate:mtf,C2_pessimistic,CORE,lightgbm,n_estimators=400;num_leaves=31,F2,141909,38024,calibrated,0.364141,0.369696,0.477567,1.039646,0.624493,0.052977,0.215488,0.597674,0.295928,0.186987,0.557911,0.255102,0.9984456190045791,32.25,1124.1
exp-95db79ac53767dd4,ablation,ablate:mtf,C2_pessimistic,CORE,lightgbm,n_estimators=400;num_leaves=31,F3,179933,39063,uncalibrated,0.360701,0.37159,0.491872,1.041435,0.625768,0.078175,0.252551,0.591492,0.270726,0.225328,0.555846,0.218826,0.7356582387862648,37.06,1124.1
exp-95db79ac53767dd4,ablation,ablate:mtf,C2_pessimistic,CORE,lightgbm,n_estimators=400;num_leaves=31,F3,179933,39063,calibrated,0.360701,0.37159,0.491872,1.034359,0.619508,0.050564,0.252551,0.591492,0.270726,0.225328,0.555846,0.218826,0.7356582387862648,37.06,1124.1
exp-95db79ac53767dd4,ablation,ablate:mtf,C2_pessimistic,CORE,lightgbm,n_estimators=400;num_leaves=31,F4,218996,39063,uncalibrated,0.358544,0.372485,0.465812,1.054011,0.634394,0.056668,0.284993,0.550191,0.28227,0.250928,0.513325,0.235747,0.6072896935933448,42.8,1124.1
exp-95db79ac53767dd4,ablation,ablate:mtf,C2_pessimistic,CORE,lightgbm,n_estimators=400;num_leaves=31,F4,218996,39063,calibrated,0.358544,0.372485,0.465812,1.05238,0.62988,0.01884,0.284993,0.550191,0.28227,0.250928,0.513325,0.235747,0.6072896935933448,42.8,1124.1
exp-95db79ac53767dd4,ablation,ablate:mtf,C2_pessimistic,CORE,lightgbm,n_estimators=400;num_leaves=31,F5,258059,38741,uncalibrated,0.358391,0.370824,0.44431,1.067697,0.643488,0.040699,0.283756,0.524569,0.304148,0.25704,0.485145,0.257815,0.6974054138450436,49.08,1124.1
exp-95db79ac53767dd4,ablation,ablate:mtf,C2_pessimistic,CORE,lightgbm,n_estimators=400;num_leaves=31,F5,258059,38741,calibrated,0.358391,0.370824,0.44431,1.069132,0.642069,0.016747,0.283756,0.524569,0.304148,0.25704,0.485145,0.257815,0.6974054138450436,49.08,1124.1
exp-9718f7cc4cbae5d6,model,,C0_spread_only,REGIME,logistic,C=0.01;class_weight=balanced,F1,103517,38392,uncalibrated,0.371223,0.372005,0.413992,1.080565,0.652881,0.032448,0.312705,0.525648,0.277662,0.284174,0.472286,0.24354,0.9779796051615068,15.99,940.4
exp-9718f7cc4cbae5d6,model,,C0_spread_only,REGIME,logistic,C=0.01;class_weight=balanced,F1,103517,38392,calibrated,0.371223,0.372005,0.413992,1.08049,0.652769,0.031668,0.312705,0.525648,0.277662,0.284174,0.472286,0.24354,0.9779796051615068,15.99,940.4
exp-9718f7cc4cbae5d6,model,,C0_spread_only,REGIME,logistic,C=0.01;class_weight=balanced,F2,141909,38024,uncalibrated,0.373927,0.374358,0.422444,1.077277,0.651081,0.040582,0.254536,0.568133,0.300405,0.224726,0.512098,0.263176,0.9032939419380102,22.71,940.4
exp-9718f7cc4cbae5d6,model,,C0_spread_only,REGIME,logistic,C=0.01;class_weight=balanced,F2,141909,38024,calibrated,0.373927,0.374358,0.422444,1.076655,0.650468,0.035497,0.254536,0.568133,0.300405,0.224726,0.512098,0.263176,0.9032939419380102,22.71,940.4
exp-9718f7cc4cbae5d6,model,,C0_spread_only,REGIME,logistic,C=0.01;class_weight=balanced,F3,179933,39063,uncalibrated,0.362128,0.368133,0.393211,1.087596,0.65788,0.023665,0.311022,0.451715,0.341663,0.288304,0.405499,0.306198,1.0017411960434945,27.34,940.4
exp-9718f7cc4cbae5d6,model,,C0_spread_only,REGIME,logistic,C=0.01;class_weight=balanced,F3,179933,39063,calibrated,0.362128,0.368133,0.393211,1.087594,0.657882,0.023811,0.311022,0.451715,0.341663,0.288304,0.405499,0.306198,1.0017411960434945,27.34,940.4
exp-9718f7cc4cbae5d6,model,,C0_spread_only,REGIME,logistic,C=0.01;class_weight=balanced,F4,218996,39063,uncalibrated,0.365404,0.3715,0.397461,1.087022,0.657392,0.024687,0.310635,0.45675,0.347117,0.282057,0.407035,0.310908,1.072872199693608,33.66,940.4
exp-9718f7cc4cbae5d6,model,,C0_spread_only,REGIME,logistic,C=0.01;class_weight=balanced,F4,218996,39063,calibrated,0.365404,0.3715,0.397461,1.086996,0.657516,0.026725,0.310635,0.45675,0.347117,0.282057,0.407035,0.310908,1.072872199693608,33.66,940.4
exp-9718f7cc4cbae5d6,model,,C0_spread_only,REGIME,logistic,C=0.01;class_weight=balanced,F5,258059,38741,uncalibrated,0.355608,0.366067,0.370331,1.096807,0.663702,0.01415,0.312012,0.384213,0.401976,0.292636,0.337962,0.369402,1.126304019497447,39.81,940.4
exp-9718f7cc4cbae5d6,model,,C0_spread_only,REGIME,logistic,C=0.01;class_weight=balanced,F5,258059,38741,calibrated,0.355608,0.366067,0.370331,1.09565,0.663244,0.015262,0.312012,0.384213,0.401976,0.292636,0.337962,0.369402,1.126304019497447,39.81,940.4
exp-99ac8f7ddd17fe17,baseline,,C0_spread_only,-,stratified_random,,F1,103517,38392,uncalibrated,0.336686,0.336829,0.392139,1.02988,0.61793,0.02632,0.233604,0.539964,0.23692,0.233226,0.536232,0.230543,,0.0,497.0
exp-99ac8f7ddd17fe17,baseline,,C0_spread_only,-,stratified_random,,F1,103517,38392,calibrated,0.336686,0.336829,0.392139,1.02988,0.61793,0.02632,0.233604,0.539964,0.23692,0.233226,0.536232,0.230543,,0.0,497.0
exp-99ac8f7ddd17fe17,baseline,,C0_spread_only,-,stratified_random,,F2,141909,38024,uncalibrated,0.333768,0.334105,0.383468,1.042211,0.626858,0.031867,0.238362,0.532315,0.231637,0.237429,0.532742,0.229829,,0.0,497.0
exp-99ac8f7ddd17fe17,baseline,,C0_spread_only,-,stratified_random,,F2,141909,38024,calibrated,0.333768,0.334105,0.383468,1.042211,0.626858,0.031867,0.238362,0.532315,0.231637,0.237429,0.532742,0.229829,,0.0,497.0
exp-99ac8f7ddd17fe17,baseline,,C0_spread_only,-,stratified_random,,F3,179933,39063,uncalibrated,0.336064,0.336162,0.392033,1.013612,0.606126,0.01993,0.244629,0.521364,0.242492,0.244195,0.520646,0.235159,,0.0,497.0
exp-99ac8f7ddd17fe17,baseline,,C0_spread_only,-,stratified_random,,F3,179933,39063,calibrated,0.336064,0.336162,0.392033,1.013612,0.606126,0.01993,0.244629,0.521364,0.242492,0.244195,0.520646,0.235159,,0.0,497.0
exp-99ac8f7ddd17fe17,baseline,,C0_spread_only,-,stratified_random,,F4,218996,39063,uncalibrated,0.332263,0.332314,0.390779,1.01224,0.605089,0.016032,0.240769,0.524394,0.231779,0.241943,0.525638,0.232419,,0.0,497.0
exp-99ac8f7ddd17fe17,baseline,,C0_spread_only,-,stratified_random,,F4,218996,39063,calibrated,0.332263,0.332314,0.390779,1.01224,0.605089,0.016032,0.240769,0.524394,0.231779,0.241943,0.525638,0.232419,,0.0,497.0
exp-99ac8f7ddd17fe17,baseline,,C0_spread_only,-,stratified_random,,F5,258059,38741,uncalibrated,0.33372,0.333867,0.385406,1.034582,0.621336,0.019707,0.246407,0.529944,0.225252,0.241527,0.527942,0.230531,,0.0,497.0
exp-99ac8f7ddd17fe17,baseline,,C0_spread_only,-,stratified_random,,F5,258059,38741,calibrated,0.33372,0.333867,0.385406,1.034582,0.621336,0.019707,0.246407,0.529944,0.225252,0.241527,0.527942,0.230531,,0.0,497.0
exp-9ae152089012c8fc,model,,C2_pessimistic,REGIME,logistic,C=1.0;class_weight=balanced,F1,103517,38392,uncalibrated,0.364121,0.376453,0.451657,1.08045,0.650531,0.062771,0.302719,0.53345,0.293191,0.265212,0.489529,0.245259,0.7369832535186396,16.94,969.1
exp-9ae152089012c8fc,model,,C2_pessimistic,REGIME,logistic,C=1.0;class_weight=balanced,F1,103517,38392,calibrated,0.364121,0.376453,0.451657,1.082341,0.648689,0.043543,0.302719,0.53345,0.293191,0.265212,0.489529,0.245259,0.7369832535186396,16.94,969.1
exp-9ae152089012c8fc,model,,C2_pessimistic,REGIME,logistic,C=1.0;class_weight=balanced,F2,141909,38024,uncalibrated,0.375565,0.381664,0.483958,1.063559,0.639697,0.091929,0.265227,0.597715,0.282051,0.224595,0.550968,0.224437,1.1727646677555092,23.85,969.1
exp-9ae152089012c8fc,model,,C2_pessimistic,REGIME,logistic,C=1.0;class_weight=balanced,F2,141909,38024,calibrated,0.375565,0.381664,0.483958,1.066411,0.642428,0.10044,0.265227,0.597715,0.282051,0.224595,0.550968,0.224437,1.1727646677555092,23.85,969.1
exp-9ae152089012c8fc,model,,C2_pessimistic,REGIME,logistic,C=1.0;class_weight=balanced,F3,179933,39063,uncalibrated,0.361993,0.371935,0.497504,1.065279,0.64088,0.110613,0.24285,0.60154,0.271414,0.214269,0.565804,0.219927,0.7294828060795674,28.86,969.1
exp-9ae152089012c8fc,model,,C2_pessimistic,REGIME,logistic,C=1.0;class_weight=balanced,F3,179933,39063,calibrated,0.361993,0.371935,0.497504,1.06092,0.6354,0.091478,0.24285,0.60154,0.271414,0.214269,0.565804,0.219927,0.7294828060795674,28.86,969.1
exp-9ae152089012c8fc,model,,C2_pessimistic,REGIME,logistic,C=1.0;class_weight=balanced,F4,218996,39063,uncalibrated,0.366252,0.380032,0.476538,1.074368,0.646734,0.089342,0.288411,0.563788,0.287896,0.247677,0.522566,0.229757,0.5780644866345973,33.52,969.1
exp-9ae152089012c8fc,model,,C2_pessimistic,REGIME,logistic,C=1.0;class_weight=balanced,F4,218996,39063,calibrated,0.366252,0.380032,0.476538,1.076291,0.641575,0.052511,0.288411,0.563788,0.287896,0.247677,0.522566,0.229757,0.5780644866345973,33.52,969.1
exp-9ae152089012c8fc,model,,C2_pessimistic,REGIME,logistic,C=1.0;class_weight=balanced,F5,258059,38741,uncalibrated,0.360081,0.374454,0.444439,1.088984,0.656073,0.058498,0.262983,0.521483,0.338895,0.238894,0.479079,0.282027,0.86424240231782,39.0,969.1
exp-9ae152089012c8fc,model,,C2_pessimistic,REGIME,logistic,C=1.0;class_weight=balanced,F5,258059,38741,calibrated,0.360081,0.374454,0.444439,1.090534,0.655793,0.050735,0.262983,0.521483,0.338895,0.238894,0.479079,0.282027,0.86424240231782,39.0,969.1
exp-9b07a4884a2624b3,control,control:session_only,C2_pessimistic,CORE,lightgbm,n_estimators=400;num_leaves=31,F1,103517,38392,uncalibrated,0.287829,0.34862,0.313607,1.093464,0.662213,0.195474,0.551212,0.273072,0.221576,0.515732,0.254975,0.229293,0.8035911013342376,3.01,766.7
exp-9b07a4884a2624b3,control,control:session_only,C2_pessimistic,CORE,lightgbm,n_estimators=400;num_leaves=31,F1,103517,38392,calibrated,0.287829,0.34862,0.313607,1.093227,0.661493,0.193472,0.551212,0.273072,0.221576,0.515732,0.254975,0.229293,0.8035911013342376,3.01,766.7
exp-9b07a4884a2624b3,control,control:session_only,C2_pessimistic,CORE,lightgbm,n_estimators=400;num_leaves=31,F2,141909,38024,uncalibrated,0.285545,0.359938,0.324295,1.091741,0.660978,0.195155,0.65927,0.283439,0.137104,0.600542,0.257443,0.142016,0.7739766128919124,3.84,766.7
exp-9b07a4884a2624b3,control,control:session_only,C2_pessimistic,CORE,lightgbm,n_estimators=400;num_leaves=31,F2,141909,38024,calibrated,0.285545,0.359938,0.324295,1.091102,0.659828,0.192663,0.65927,0.283439,0.137104,0.600542,0.257443,0.142016,0.7739766128919124,3.84,766.7
exp-9b07a4884a2624b3,control,control:session_only,C2_pessimistic,CORE,lightgbm,n_estimators=400;num_leaves=31,F3,179933,39063,uncalibrated,0.324204,0.357035,0.393032,1.092385,0.661277,0.243313,0.321291,0.422846,0.326969,0.276476,0.400968,0.322556,0.5902521222124238,5.34,766.7
exp-9b07a4884a2624b3,control,control:session_only,C2_pessimistic,CORE,lightgbm,n_estimators=400;num_leaves=31,F3,179933,39063,calibrated,0.324204,0.357035,0.393032,1.092152,0.658807,0.236448,0.321291,0.422846,0.326969,0.276476,0.400968,0.322556,0.5902521222124238,5.34,766.7
exp-9b07a4884a2624b3,control,control:session_only,C2_pessimistic,CORE,lightgbm,n_estimators=400;num_leaves=31,F4,218996,39063,uncalibrated,0.267505,0.35632,0.391112,1.092512,0.661385,0.226484,0.645182,0.423777,0.0,0.599032,0.400968,0.0,0.7478890138710507,5.9,766.7
exp-9b07a4884a2624b3,control,control:session_only,C2_pessimistic,CORE,lightgbm,n_estimators=400;num_leaves=31,F4,218996,39063,calibrated,0.267505,0.35632,0.391112,1.092124,0.660181,0.222948,0.645182,0.423777,0.0,0.599032,0.400968,0.0,0.7478890138710507,5.9,766.7
exp-9b07a4884a2624b3,control,control:session_only,C2_pessimistic,CORE,lightgbm,n_estimators=400;num_leaves=31,F5,258059,38741,uncalibrated,0.333086,0.35702,0.388297,1.092824,0.661641,0.200717,0.306982,0.422733,0.341344,0.278774,0.395989,0.325237,0.799873739932288,6.49,768.6
exp-9b07a4884a2624b3,control,control:session_only,C2_pessimistic,CORE,lightgbm,n_estimators=400;num_leaves=31,F5,258059,38741,calibrated,0.333086,0.35702,0.388297,1.09256,0.660814,0.197317,0.306982,0.422733,0.341344,0.278774,0.395989,0.325237,0.799873739932288,6.49,768.6
exp-9bc49a711ee7b46e,model,,C2_pessimistic,CORE,logistic,C=0.1;class_weight=None,F1,103517,38392,uncalibrated,0.277233,0.338717,0.652818,0.872785,0.504631,0.009761,0.005731,0.994811,0.015608,0.002917,0.989894,0.007189,0.8940028559686557,15.79,611.3
exp-9bc49a711ee7b46e,model,,C2_pessimistic,CORE,logistic,C=0.1;class_weight=None,F1,103517,38392,calibrated,0.277233,0.338717,0.652818,0.876049,0.50659,0.034258,0.005731,0.994811,0.015608,0.002917,0.989894,0.007189,0.8940028559686557,15.79,611.3
exp-9bc49a711ee7b46e,model,,C2_pessimistic,CORE,logistic,C=0.1;class_weight=None,F2,141909,38024,uncalibrated,0.269563,0.336108,0.649379,0.87788,0.508281,0.020637,0.002681,0.99765,0.007994,0.001183,0.994977,0.00384,1.0634165623245173,24.57,611.3
exp-9bc49a711ee7b46e,model,,C2_pessimistic,CORE,logistic,C=0.1;class_weight=None,F2,141909,38024,calibrated,0.269563,0.336108,0.649379,0.87688,0.507633,0.008841,0.002681,0.99765,0.007994,0.001183,0.994977,0.00384,1.0634165623245173,24.57,611.3
exp-9bc49a711ee7b46e,model,,C2_pessimistic,CORE,logistic,C=0.1;class_weight=None,F3,179933,39063,uncalibrated,0.278914,0.335057,0.697693,0.811087,0.46044,0.026963,0.002174,0.997836,0.00516,0.000998,0.99616,0.002842,1.0529821017760113,26.62,690.1
exp-9bc49a711ee7b46e,model,,C2_pessimistic,CORE,logistic,C=0.1;class_weight=None,F3,179933,39063,calibrated,0.278914,0.335057,0.697693,0.813559,0.462048,0.042193,0.002174,0.997836,0.00516,0.000998,0.99616,0.002842,1.0529821017760113,26.62,690.1
exp-9bc49a711ee7b46e,model,,C2_pessimistic,CORE,logistic,C=0.1;class_weight=None,F4,218996,39063,uncalibrated,0.277402,0.335979,0.683562,0.830367,0.474442,0.022479,0.001628,0.99779,0.00852,0.001075,0.995648,0.003277,0.9118580998958709,32.3,789.6
exp-9bc49a711ee7b46e,model,,C2_pessimistic,CORE,logistic,C=0.1;class_weight=None,F4,218996,39063,calibrated,0.277402,0.335979,0.683562,0.82946,0.473844,0.010921,0.001628,0.99779,0.00852,0.001075,0.995648,0.003277,0.9118580998958709,32.3,789.6
exp-9bc49a711ee7b46e,model,,C2_pessimistic,CORE,logistic,C=0.1;class_weight=None,F5,258059,38741,uncalibrated,0.271097,0.335939,0.651738,0.873908,0.505513,0.008332,0.003174,0.995767,0.008878,0.001755,0.992695,0.00555,0.9260811453459977,38.74,814.1
exp-9bc49a711ee7b46e,model,,C2_pessimistic,CORE,logistic,C=0.1;class_weight=None,F5,258059,38741,calibrated,0.271097,0.335939,0.651738,0.875578,0.506573,0.026653,0.003174,0.995767,0.008878,0.001755,0.992695,0.00555,0.9260811453459977,38.74,814.1
exp-9ca56d85ce35bfb4,model,,C0_spread_only,CONDITIONAL,lightgbm,n_estimators=400;num_leaves=31,F1,103517,38392,uncalibrated,0.357794,0.369606,0.393598,1.085552,0.656973,0.024984,0.198648,0.461453,0.448717,0.178136,0.413628,0.408236,1.4349355878838284,82.35,920.1
exp-9ca56d85ce35bfb4,model,,C0_spread_only,CONDITIONAL,lightgbm,n_estimators=400;num_leaves=31,F1,103517,38392,calibrated,0.357794,0.369606,0.393598,1.083024,0.655605,0.01067,0.198648,0.461453,0.448717,0.178136,0.413628,0.408236,1.4349355878838284,82.35,920.1
exp-9ca56d85ce35bfb4,model,,C0_spread_only,CONDITIONAL,lightgbm,n_estimators=400;num_leaves=31,F2,141909,38024,uncalibrated,0.364564,0.375347,0.402982,1.078574,0.652457,0.011587,0.18818,0.489808,0.448052,0.167999,0.433779,0.398222,1.3074915529724127,104.26,920.1
exp-9ca56d85ce35bfb4,model,,C0_spread_only,CONDITIONAL,lightgbm,n_estimators=400;num_leaves=31,F2,141909,38024,calibrated,0.364564,0.375347,0.402982,1.078502,0.652574,0.017825,0.18818,0.489808,0.448052,0.167999,0.433779,0.398222,1.3074915529724127,104.26,920.1
exp-9ca56d85ce35bfb4,model,,C0_spread_only,CONDITIONAL,lightgbm,n_estimators=400;num_leaves=31,F3,179933,39063,uncalibrated,0.317835,0.361236,0.319766,1.121586,0.680241,0.085701,0.505884,0.221594,0.35623,0.493203,0.184727,0.322069,2.3556232601707037,120.65,920.1
exp-9ca56d85ce35bfb4,model,,C0_spread_only,CONDITIONAL,lightgbm,n_estimators=400;num_leaves=31,F3,179933,39063,calibrated,0.317835,0.361236,0.319766,1.101643,0.668175,0.053775,0.505884,0.221594,0.35623,0.493203,0.184727,0.322069,2.3556232601707037,120.65,920.1
exp-9ca56d85ce35bfb4,model,,C0_spread_only,CONDITIONAL,lightgbm,n_estimators=400;num_leaves=31,F4,218996,39063,uncalibrated,0.355094,0.366309,0.375906,1.089819,0.659515,0.030609,0.353858,0.397842,0.347227,0.330466,0.350536,0.318998,4.822678472984539,138.68,920.1
exp-9ca56d85ce35bfb4,model,,C0_spread_only,CONDITIONAL,lightgbm,n_estimators=400;num_leaves=31,F4,218996,39063,calibrated,0.355094,0.366309,0.375906,1.092352,0.662262,0.033032,0.353858,0.397842,0.347227,0.330466,0.350536,0.318998,4.822678472984539,138.68,920.1
exp-9ca56d85ce35bfb4,model,,C0_spread_only,CONDITIONAL,lightgbm,n_estimators=400;num_leaves=31,F5,258059,38741,uncalibrated,0.367605,0.371135,0.394414,1.082989,0.654987,0.015723,0.313244,0.460456,0.339704,0.287396,0.409076,0.303529,1.2485922088076182,154.3,940.4
exp-9ca56d85ce35bfb4,model,,C0_spread_only,CONDITIONAL,lightgbm,n_estimators=400;num_leaves=31,F5,258059,38741,calibrated,0.367605,0.371135,0.394414,1.082444,0.654947,0.018457,0.313244,0.460456,0.339704,0.287396,0.409076,0.303529,1.2485922088076182,154.3,940.4
exp-9ca80d9ba2cda126,model,,C1_moderate,CONDITIONAL,logistic,C=0.01;class_weight=balanced,F1,103517,38392,uncalibrated,0.353541,0.369415,0.400005,1.089582,0.658558,0.025707,0.206046,0.458768,0.44343,0.187096,0.415113,0.397791,1.227390482759802,16.31,748.7
exp-9ca80d9ba2cda126,model,,C1_moderate,CONDITIONAL,logistic,C=0.01;class_weight=balanced,F1,103517,38392,calibrated,0.353541,0.369415,0.400005,1.089069,0.658844,0.031909,0.206046,0.458768,0.44343,0.187096,0.415113,0.397791,1.227390482759802,16.31,748.7
exp-9ca80d9ba2cda126,model,,C1_moderate,CONDITIONAL,logistic,C=0.01;class_weight=balanced,F2,141909,38024,uncalibrated,0.354151,0.369085,0.504865,1.047656,0.630432,0.104427,0.093197,0.778467,0.235591,0.074243,0.738428,0.187329,0.6080965218816791,23.26,748.7
exp-9ca80d9ba2cda126,model,,C1_moderate,CONDITIONAL,logistic,C=0.01;class_weight=balanced,F2,141909,38024,calibrated,0.354151,0.369085,0.504865,1.034226,0.619413,0.062043,0.093197,0.778467,0.235591,0.074243,0.738428,0.187329,0.6080965218816791,23.26,748.7
exp-9ca80d9ba2cda126,model,,C1_moderate,CONDITIONAL,logistic,C=0.01;class_weight=balanced,F3,179933,39063,uncalibrated,0.347439,0.36653,0.391752,1.093939,0.661407,0.02314,0.242959,0.431681,0.424952,0.225636,0.392264,0.382101,1.2108904826235234,29.25,748.7
exp-9ca80d9ba2cda126,model,,C1_moderate,CONDITIONAL,logistic,C=0.01;class_weight=balanced,F3,179933,39063,calibrated,0.347439,0.36653,0.391752,1.092797,0.661214,0.027673,0.242959,0.431681,0.424952,0.225636,0.392264,0.382101,1.2108904826235234,29.25,748.7
exp-9ca80d9ba2cda126,model,,C1_moderate,CONDITIONAL,logistic,C=0.01;class_weight=balanced,F4,218996,39063,uncalibrated,0.3574,0.371417,0.401659,1.092755,0.660441,0.025472,0.28077,0.449439,0.384042,0.252541,0.407112,0.340348,2.052380413590117,24.61,823.3
exp-9ca80d9ba2cda126,model,,C1_moderate,CONDITIONAL,logistic,C=0.01;class_weight=balanced,F4,218996,39063,calibrated,0.3574,0.371417,0.401659,1.092135,0.661614,0.046696,0.28077,0.449439,0.384042,0.252541,0.407112,0.340348,2.052380413590117,24.61,823.3
exp-9ca80d9ba2cda126,model,,C1_moderate,CONDITIONAL,logistic,C=0.01;class_weight=balanced,F5,258059,38741,uncalibrated,0.358577,0.368805,0.392452,1.095948,0.662525,0.019095,0.322817,0.438348,0.345248,0.296972,0.393743,0.309285,1.2245328645579898,37.09,893.5
exp-9ca80d9ba2cda126,model,,C1_moderate,CONDITIONAL,logistic,C=0.01;class_weight=balanced,F5,258059,38741,calibrated,0.358577,0.368805,0.392452,1.094289,0.662122,0.025338,0.322817,0.438348,0.345248,0.296972,0.393743,0.309285,1.2245328645579898,37.09,893.5
exp-a2724332e6e7d296,baseline,,C0_spread_only,-,majority,,F1,103517,38392,uncalibrated,0.226593,0.333333,0.514899,1.02988,0.61793,0.02632,0.0,1.0,0.0,0.0,1.0,0.0,,0.0,497.0
exp-a2724332e6e7d296,baseline,,C0_spread_only,-,majority,,F1,103517,38392,calibrated,0.226593,0.333333,0.514899,1.02988,0.61793,0.02632,0.0,1.0,0.0,0.0,1.0,0.0,,0.0,497.0
exp-a2724332e6e7d296,baseline,,C0_spread_only,-,majority,,F2,141909,38024,uncalibrated,0.222012,0.333333,0.49929,1.042211,0.626858,0.031867,0.0,1.0,0.0,0.0,1.0,0.0,,0.0,497.0
exp-a2724332e6e7d296,baseline,,C0_spread_only,-,majority,,F2,141909,38024,calibrated,0.222012,0.333333,0.49929,1.042211,0.626858,0.031867,0.0,1.0,0.0,0.0,1.0,0.0,,0.0,497.0
exp-a2724332e6e7d296,baseline,,C0_spread_only,-,majority,,F3,179933,39063,uncalibrated,0.232192,0.333333,0.534419,1.013612,0.606126,0.01993,0.0,1.0,0.0,0.0,1.0,0.0,,0.0,497.0
exp-a2724332e6e7d296,baseline,,C0_spread_only,-,majority,,F3,179933,39063,calibrated,0.232192,0.333333,0.534419,1.013612,0.606126,0.01993,0.0,1.0,0.0,0.0,1.0,0.0,,0.0,497.0
exp-a2724332e6e7d296,baseline,,C0_spread_only,-,majority,,F4,218996,39063,uncalibrated,0.232713,0.333333,0.536262,1.01224,0.605089,0.016032,0.0,1.0,0.0,0.0,1.0,0.0,,0.0,497.0
exp-a2724332e6e7d296,baseline,,C0_spread_only,-,majority,,F4,218996,39063,calibrated,0.232713,0.333333,0.536262,1.01224,0.605089,0.016032,0.0,1.0,0.0,0.0,1.0,0.0,,0.0,497.0
exp-a2724332e6e7d296,baseline,,C0_spread_only,-,majority,,F5,258059,38741,uncalibrated,0.22463,0.333333,0.50817,1.034582,0.621336,0.019707,0.0,1.0,0.0,0.0,1.0,0.0,,0.0,497.0
exp-a2724332e6e7d296,baseline,,C0_spread_only,-,majority,,F5,258059,38741,calibrated,0.22463,0.333333,0.50817,1.034582,0.621336,0.019707,0.0,1.0,0.0,0.0,1.0,0.0,,0.0,497.0
exp-a35df6f12d8332cb,model,,C1_moderate,CONDITIONAL,logistic,C=1.0;class_weight=None,F1,103517,38392,uncalibrated,0.256901,0.338688,0.570171,0.969889,0.574507,0.005542,0.004624,0.993181,0.01826,0.003178,0.986456,0.010367,0.8529521272289565,16.63,748.7
exp-a35df6f12d8332cb,model,,C1_moderate,CONDITIONAL,logistic,C=1.0;class_weight=None,F1,103517,38392,calibrated,0.256901,0.338688,0.570171,0.973926,0.577228,0.040862,0.004624,0.993181,0.01826,0.003178,0.986456,0.010367,0.8529521272289565,16.63,748.7
exp-a35df6f12d8332cb,model,,C1_moderate,CONDITIONAL,logistic,C=1.0;class_weight=None,F2,141909,38024,uncalibrated,0.245519,0.335937,0.555807,0.992943,0.591113,0.067204,0.002097,0.99659,0.009126,0.001368,0.99353,0.005102,1.2310418728436332,24.11,748.7
exp-a35df6f12d8332cb,model,,C1_moderate,CONDITIONAL,logistic,C=1.0;class_weight=None,F2,141909,38024,calibrated,0.245519,0.335937,0.555807,0.983914,0.58474,0.016105,0.002097,0.99659,0.009126,0.001368,0.99353,0.005102,1.2310418728436332,24.11,748.7
exp-a35df6f12d8332cb,model,,C1_moderate,CONDITIONAL,logistic,C=1.0;class_weight=None,F3,179933,39063,uncalibrated,0.259828,0.336742,0.597189,0.943117,0.55524,0.026114,0.003254,0.994173,0.012799,0.002637,0.989914,0.00745,1.0772178406180797,28.36,748.7
exp-a35df6f12d8332cb,model,,C1_moderate,CONDITIONAL,logistic,C=1.0;class_weight=None,F3,179933,39063,calibrated,0.259828,0.336742,0.597189,0.945574,0.557006,0.042866,0.003254,0.994173,0.012799,0.002637,0.989914,0.00745,1.0772178406180797,28.36,748.7
exp-a35df6f12d8332cb,model,,C1_moderate,CONDITIONAL,logistic,C=1.0;class_weight=None,F4,218996,39063,uncalibrated,0.26099,0.338126,0.591224,0.948406,0.559302,0.025622,0.005034,0.993932,0.015411,0.003123,0.988659,0.008217,0.8804130414226622,34.66,823.3
exp-a35df6f12d8332cb,model,,C1_moderate,CONDITIONAL,logistic,C=1.0;class_weight=None,F4,218996,39063,calibrated,0.26099,0.338126,0.591224,0.94723,0.558492,0.010055,0.005034,0.993932,0.015411,0.003123,0.988659,0.008217,0.8804130414226622,34.66,823.3
exp-a35df6f12d8332cb,model,,C1_moderate,CONDITIONAL,logistic,C=1.0;class_weight=None,F5,258059,38741,uncalibrated,0.252171,0.337194,0.561137,0.977779,0.580469,0.010114,0.005162,0.992411,0.014008,0.003717,0.986991,0.009292,0.9123568432956309,40.78,893.5
exp-a35df6f12d8332cb,model,,C1_moderate,CONDITIONAL,logistic,C=1.0;class_weight=None,F5,258059,38741,calibrated,0.252171,0.337194,0.561137,0.979207,0.581489,0.025286,0.005162,0.992411,0.014008,0.003717,0.986991,0.009292,0.9123568432956309,40.78,893.5
exp-a3c2a6cdbfd058ec,ablation,ablate:structure,C0_spread_only,CORE,lightgbm,n_estimators=400;num_leaves=31,F1,103517,38392,uncalibrated,0.358374,0.362889,0.385054,1.08729,0.65806,0.025051,0.297286,0.445012,0.346368,0.276724,0.402323,0.320952,1.5727898750091096,24.92,1124.1
exp-a3c2a6cdbfd058ec,ablation,ablate:structure,C0_spread_only,CORE,lightgbm,n_estimators=400;num_leaves=31,F1,103517,38392,calibrated,0.358374,0.362889,0.385054,1.085148,0.657041,0.010531,0.297286,0.445012,0.346368,0.276724,0.402323,0.320952,1.5727898750091096,24.92,1124.1
exp-a3c2a6cdbfd058ec,ablation,ablate:structure,C0_spread_only,CORE,lightgbm,n_estimators=400;num_leaves=31,F2,141909,38024,uncalibrated,0.365922,0.367025,0.413239,1.073874,0.648985,0.015438,0.23494,0.5537,0.312433,0.211892,0.50739,0.280717,1.0908054575944475,29.57,1124.1
exp-a3c2a6cdbfd058ec,ablation,ablate:structure,C0_spread_only,CORE,lightgbm,n_estimators=400;num_leaves=31,F2,141909,38024,calibrated,0.365922,0.367025,0.413239,1.074018,0.649185,0.018918,0.23494,0.5537,0.312433,0.211892,0.50739,0.280717,1.0908054575944475,29.57,1124.1
exp-a3c2a6cdbfd058ec,ablation,ablate:structure,C0_spread_only,CORE,lightgbm,n_estimators=400;num_leaves=31,F3,179933,39063,uncalibrated,0.362458,0.367365,0.395873,1.080546,0.653738,0.008996,0.318795,0.461918,0.321381,0.294908,0.413691,0.291401,1.1098749556434395,36.56,1124.1
exp-a3c2a6cdbfd058ec,ablation,ablate:structure,C0_spread_only,CORE,lightgbm,n_estimators=400;num_leaves=31,F3,179933,39063,calibrated,0.362458,0.367365,0.395873,1.080469,0.653771,0.011542,0.318795,0.461918,0.321381,0.294908,0.413691,0.291401,1.1098749556434395,36.56,1124.1
exp-a3c2a6cdbfd058ec,ablation,ablate:structure,C0_spread_only,CORE,lightgbm,n_estimators=400;num_leaves=31,F4,218996,39063,uncalibrated,0.358359,0.364606,0.388782,1.082173,0.654865,0.014286,0.335507,0.444052,0.314257,0.312316,0.399432,0.288252,1.1903805973027826,38.54,1124.1
exp-a3c2a6cdbfd058ec,ablation,ablate:structure,C0_spread_only,CORE,lightgbm,n_estimators=400;num_leaves=31,F4,218996,39063,calibrated,0.358359,0.364606,0.388782,1.08194,0.654812,0.017167,0.335507,0.444052,0.314257,0.312316,0.399432,0.288252,1.1903805973027826,38.54,1124.1
exp-a3c2a6cdbfd058ec,ablation,ablate:structure,C0_spread_only,CORE,lightgbm,n_estimators=400;num_leaves=31,F5,258059,38741,uncalibrated,0.357554,0.363238,0.377688,1.08842,0.658743,0.020592,0.342813,0.418042,0.32886,0.321029,0.375597,0.303374,1.1478781114502878,43.8,1124.1
exp-a3c2a6cdbfd058ec,ablation,ablate:structure,C0_spread_only,CORE,lightgbm,n_estimators=400;num_leaves=31,F5,258059,38741,calibrated,0.357554,0.363238,0.377688,1.087401,0.658258,0.018137,0.342813,0.418042,0.32886,0.321029,0.375597,0.303374,1.1478781114502878,43.8,1124.1
exp-a7210094d0ac7404,model,,C0_spread_only,CONDITIONAL,logistic,C=1.0;class_weight=balanced,F1,103517,38392,uncalibrated,0.364766,0.372855,0.398,1.085496,0.656164,0.021239,0.232126,0.467979,0.41846,0.209679,0.416337,0.373984,1.3092970490553542,17.25,920.1
exp-a7210094d0ac7404,model,,C0_spread_only,CONDITIONAL,logistic,C=1.0;class_weight=balanced,F1,103517,38392,calibrated,0.364766,0.372855,0.398,1.08578,0.656954,0.030013,0.232126,0.467979,0.41846,0.209679,0.416337,0.373984,1.3092970490553542,17.25,920.1
exp-a7210094d0ac7404,model,,C0_spread_only,CONDITIONAL,logistic,C=1.0;class_weight=balanced,F2,141909,38024,uncalibrated,0.349201,0.367696,0.456817,1.063215,0.641583,0.063165,0.099119,0.728048,0.275921,0.082895,0.681911,0.235194,0.7167170180904718,22.96,920.1
exp-a7210094d0ac7404,model,,C0_spread_only,CONDITIONAL,logistic,C=1.0;class_weight=balanced,F2,141909,38024,calibrated,0.349201,0.367696,0.456817,1.0585,0.637714,0.03978,0.099119,0.728048,0.275921,0.082895,0.681911,0.235194,0.7167170180904718,22.96,920.1
exp-a7210094d0ac7404,model,,C0_spread_only,CONDITIONAL,logistic,C=1.0;class_weight=balanced,F3,179933,39063,uncalibrated,0.340933,0.364809,0.351535,1.102147,0.667291,0.032244,0.309187,0.323002,0.462237,0.290351,0.280598,0.429051,1.5078063359147986,29.73,920.1
exp-a7210094d0ac7404,model,,C0_spread_only,CONDITIONAL,logistic,C=1.0;class_weight=balanced,F3,179933,39063,calibrated,0.340933,0.364809,0.351535,1.097852,0.665247,0.029937,0.309187,0.323002,0.462237,0.290351,0.280598,0.429051,1.5078063359147986,29.73,920.1
exp-a7210094d0ac7404,model,,C0_spread_only,CONDITIONAL,logistic,C=1.0;class_weight=balanced,F4,218996,39063,uncalibrated,0.353157,0.369043,0.370402,1.09569,0.662967,0.024512,0.312735,0.373401,0.420995,0.28518,0.328316,0.386504,3.8400856399820364,35.37,920.1
exp-a7210094d0ac7404,model,,C0_spread_only,CONDITIONAL,logistic,C=1.0;class_weight=balanced,F4,218996,39063,calibrated,0.353157,0.369043,0.370402,1.095045,0.66407,0.036152,0.312735,0.373401,0.420995,0.28518,0.328316,0.386504,3.8400856399820364,35.37,920.1
exp-a7210094d0ac7404,model,,C0_spread_only,CONDITIONAL,logistic,C=1.0;class_weight=balanced,F5,258059,38741,uncalibrated,0.357988,0.367014,0.37428,1.09552,0.662902,0.01429,0.314682,0.396302,0.390058,0.292997,0.348545,0.358457,1.460910162139326,42.29,940.4
exp-a7210094d0ac7404,model,,C0_spread_only,CONDITIONAL,logistic,C=1.0;class_weight=balanced,F5,258059,38741,calibrated,0.357988,0.367014,0.37428,1.093565,0.662369,0.018294,0.314682,0.396302,0.390058,0.292997,0.348545,0.358457,1.460910162139326,42.29,940.4
exp-a763ab4bc28b05a4,model,,C1_moderate,REGIME,lightgbm,n_estimators=400;num_leaves=15,F1,103517,38392,uncalibrated,0.356832,0.36602,0.398885,1.083612,0.655196,0.011987,0.280142,0.459866,0.358051,0.256486,0.420088,0.323427,1.1668766286683394,57.21,893.5
exp-a763ab4bc28b05a4,model,,C1_moderate,REGIME,lightgbm,n_estimators=400;num_leaves=15,F1,103517,38392,calibrated,0.356832,0.36602,0.398885,1.083107,0.655142,0.014631,0.280142,0.459866,0.358051,0.256486,0.420088,0.323427,1.1668766286683394,57.21,893.5
exp-a763ab4bc28b05a4,model,,C1_moderate,REGIME,lightgbm,n_estimators=400;num_leaves=15,F2,141909,38024,uncalibrated,0.368541,0.371334,0.438355,1.066815,0.643826,0.037751,0.213187,0.573844,0.326969,0.189275,0.527036,0.283689,0.9594750787096634,73.72,893.5
exp-a763ab4bc28b05a4,model,,C1_moderate,REGIME,lightgbm,n_estimators=400;num_leaves=15,F2,141909,38024,calibrated,0.368541,0.371334,0.438355,1.066419,0.643473,0.034973,0.213187,0.573844,0.326969,0.189275,0.527036,0.283689,0.9594750787096634,73.72,893.5
exp-a763ab4bc28b05a4,model,,C1_moderate,REGIME,lightgbm,n_estimators=400;num_leaves=15,F3,179933,39063,uncalibrated,0.366042,0.371142,0.435783,1.07054,0.646435,0.043277,0.291776,0.534256,0.287395,0.263728,0.490413,0.245859,0.8774952569527087,87.58,893.5
exp-a763ab4bc28b05a4,model,,C1_moderate,REGIME,lightgbm,n_estimators=400;num_leaves=15,F3,179933,39063,calibrated,0.366042,0.371142,0.435783,1.069565,0.645476,0.035344,0.291776,0.534256,0.287395,0.263728,0.490413,0.245859,0.8774952569527087,87.58,893.5
exp-a763ab4bc28b05a4,model,,C1_moderate,REGIME,lightgbm,n_estimators=400;num_leaves=15,F4,218996,39063,uncalibrated,0.360833,0.366845,0.422318,1.075865,0.650051,0.033369,0.309338,0.510684,0.280512,0.280521,0.468397,0.251082,0.7938153530233794,104.27,893.5
exp-a763ab4bc28b05a4,model,,C1_moderate,REGIME,lightgbm,n_estimators=400;num_leaves=15,F4,218996,39063,calibrated,0.360833,0.366845,0.422318,1.075981,0.649459,0.022369,0.309338,0.510684,0.280512,0.280521,0.468397,0.251082,0.7938153530233794,104.27,893.5
exp-a763ab4bc28b05a4,model,,C1_moderate,REGIME,lightgbm,n_estimators=400;num_leaves=15,F5,258059,38741,uncalibrated,0.361862,0.369927,0.400532,1.084662,0.6559,0.021043,0.322129,0.45955,0.3281,0.29372,0.415322,0.290958,0.9310160237112503,118.39,893.5
exp-a763ab4bc28b05a4,model,,C1_moderate,REGIME,lightgbm,n_estimators=400;num_leaves=15,F5,258059,38741,calibrated,0.361862,0.369927,0.400532,1.085066,0.655988,0.018507,0.322129,0.45955,0.3281,0.29372,0.415322,0.290958,0.9310160237112503,118.39,893.5
exp-a7857b31a6810e03,model,,C2_pessimistic,CORE,logistic,C=1.0;class_weight=None,F1,103517,38392,uncalibrated,0.276471,0.338447,0.652818,0.872471,0.504477,0.009285,0.00338,0.99513,0.016832,0.002058,0.990363,0.00758,0.8954779154642718,15.27,611.3
exp-a7857b31a6810e03,model,,C2_pessimistic,CORE,logistic,C=1.0;class_weight=None,F1,103517,38392,calibrated,0.276471,0.338447,0.652818,0.875604,0.506374,0.033943,0.00338,0.99513,0.016832,0.002058,0.990363,0.00758,0.8954779154642718,15.27,611.3
exp-a7857b31a6810e03,model,,C2_pessimistic,CORE,logistic,C=1.0;class_weight=None,F2,141909,38024,uncalibrated,0.269407,0.336131,0.649563,0.878162,0.508466,0.021916,0.002234,0.998015,0.008145,0.000999,0.995371,0.003629,1.0711442089767007,21.62,611.3
exp-a7857b31a6810e03,model,,C2_pessimistic,CORE,logistic,C=1.0;class_weight=None,F2,141909,38024,calibrated,0.269407,0.336131,0.649563,0.876989,0.507719,0.0071,0.002234,0.998015,0.008145,0.000999,0.995371,0.003629,1.0711442089767007,21.62,611.3
exp-a7857b31a6810e03,model,,C2_pessimistic,CORE,logistic,C=1.0;class_weight=None,F3,179933,39063,uncalibrated,0.279036,0.33509,0.697668,0.811212,0.460512,0.027706,0.002174,0.997763,0.005332,0.001075,0.995955,0.00297,1.0500383199177188,26.74,690.1
exp-a7857b31a6810e03,model,,C2_pessimistic,CORE,logistic,C=1.0;class_weight=None,F3,179933,39063,calibrated,0.279036,0.33509,0.697668,0.813557,0.462042,0.042091,0.002174,0.997763,0.005332,0.001075,0.995955,0.00297,1.0500383199177188,26.74,690.1
exp-a7857b31a6810e03,model,,C2_pessimistic,CORE,logistic,C=1.0;class_weight=None,F4,218996,39063,uncalibrated,0.278032,0.336276,0.683665,0.830453,0.474488,0.022698,0.00179,0.997715,0.009323,0.001024,0.995494,0.003482,0.9093416136729048,31.89,794.4
exp-a7857b31a6810e03,model,,C2_pessimistic,CORE,logistic,C=1.0;class_weight=None,F4,218996,39063,calibrated,0.278032,0.336276,0.683665,0.829467,0.473841,0.011275,0.00179,0.997715,0.009323,0.001024,0.995494,0.003482,0.9093416136729048,31.89,794.4
exp-a7857b31a6810e03,model,,C2_pessimistic,CORE,logistic,C=1.0;class_weight=None,F5,258059,38741,uncalibrated,0.271582,0.336132,0.651738,0.873995,0.50558,0.008287,0.003029,0.995569,0.009796,0.001807,0.992385,0.005808,0.9225292786448482,37.89,814.1
exp-a7857b31a6810e03,model,,C2_pessimistic,CORE,logistic,C=1.0;class_weight=None,F5,258059,38741,calibrated,0.271582,0.336132,0.651738,0.875653,0.506615,0.026279,0.003029,0.995569,0.009796,0.001807,0.992385,0.005808,0.9225292786448482,37.89,814.1
exp-a972c0902556a53a,model,,C2_pessimistic,REGIME,lightgbm,n_estimators=400;num_leaves=31,F1,103517,38392,uncalibrated,0.359324,0.375632,0.436627,1.065878,0.642193,0.016404,0.292138,0.503313,0.331446,0.253647,0.464237,0.282116,0.8776016564275735,79.13,969.1
exp-a972c0902556a53a,model,,C2_pessimistic,REGIME,lightgbm,n_estimators=400;num_leaves=31,F1,103517,38392,calibrated,0.359324,0.375632,0.436627,1.066887,0.642257,0.01297,0.292138,0.503313,0.331446,0.253647,0.464237,0.282116,0.8776016564275735,79.13,969.1
exp-a972c0902556a53a,model,,C2_pessimistic,REGIME,lightgbm,n_estimators=400;num_leaves=31,F2,141909,38024,uncalibrated,0.368412,0.374798,0.481328,1.038547,0.6236,0.055778,0.213552,0.599984,0.31086,0.180202,0.55962,0.260178,0.9908759215413219,94.77,969.1
exp-a972c0902556a53a,model,,C2_pessimistic,REGIME,lightgbm,n_estimators=400;num_leaves=31,F2,141909,38024,calibrated,0.368412,0.374798,0.481328,1.038324,0.623418,0.054984,0.213552,0.599984,0.31086,0.180202,0.55962,0.260178,0.9908759215413219,94.77,969.1
exp-a972c0902556a53a,model,,C2_pessimistic,REGIME,lightgbm,n_estimators=400;num_leaves=31,F3,179933,39063,uncalibrated,0.361392,0.371286,0.496915,1.037576,0.622994,0.081812,0.243519,0.60099,0.26935,0.215703,0.563526,0.220772,0.7300687923520366,112.51,969.1
exp-a972c0902556a53a,model,,C2_pessimistic,REGIME,lightgbm,n_estimators=400;num_leaves=31,F3,179933,39063,calibrated,0.361392,0.371286,0.496915,1.029319,0.61578,0.052905,0.243519,0.60099,0.26935,0.215703,0.563526,0.220772,0.7300687923520366,112.51,969.1
exp-a972c0902556a53a,model,,C2_pessimistic,REGIME,lightgbm,n_estimators=400;num_leaves=31,F4,218996,39063,uncalibrated,0.363386,0.377469,0.472212,1.052652,0.63329,0.062361,0.29834,0.557907,0.276161,0.256381,0.518061,0.225559,0.6049640928003424,128.65,969.1
exp-a972c0902556a53a,model,,C2_pessimistic,REGIME,lightgbm,n_estimators=400;num_leaves=31,F4,218996,39063,calibrated,0.363386,0.377469,0.472212,1.050518,0.628085,0.020324,0.29834,0.557907,0.276161,0.256381,0.518061,0.225559,0.6049640928003424,128.65,969.1
exp-a972c0902556a53a,model,,C2_pessimistic,REGIME,lightgbm,n_estimators=400;num_leaves=31,F5,258059,38741,uncalibrated,0.361452,0.373273,0.450014,1.065581,0.641951,0.044056,0.284334,0.533787,0.301699,0.252007,0.491753,0.25624,0.6828733355461986,148.89,969.1
exp-a972c0902556a53a,model,,C2_pessimistic,REGIME,lightgbm,n_estimators=400;num_leaves=31,F5,258059,38741,calibrated,0.361452,0.373273,0.450014,1.066913,0.640174,0.015257,0.284334,0.533787,0.301699,0.252007,0.491753,0.25624,0.6828733355461986,148.89,969.1
exp-a9bdbdec362f076e,ablation,ablate:mean_reversion,C2_pessimistic,CORE,lightgbm,n_estimators=400;num_leaves=31,F1,103517,38392,uncalibrated,0.35875,0.375374,0.435143,1.066105,0.642406,0.016632,0.294195,0.500479,0.331446,0.256329,0.461034,0.282637,0.8649854972294495,29.59,1124.1
exp-a9bdbdec362f076e,ablation,ablate:mean_reversion,C2_pessimistic,CORE,lightgbm,n_estimators=400;num_leaves=31,F1,103517,38392,calibrated,0.35875,0.375374,0.435143,1.067249,0.642497,0.014113,0.294195,0.500479,0.331446,0.256329,0.461034,0.282637,0.8649854972294495,29.59,1124.1
exp-a9bdbdec362f076e,ablation,ablate:mean_reversion,C2_pessimistic,CORE,lightgbm,n_estimators=400;num_leaves=31,F2,141909,38024,uncalibrated,0.370545,0.377106,0.483958,1.038987,0.623796,0.059502,0.213403,0.602982,0.314932,0.182806,0.560777,0.256417,0.9930125875083097,34.32,1124.1
exp-a9bdbdec362f076e,ablation,ablate:mean_reversion,C2_pessimistic,CORE,lightgbm,n_estimators=400;num_leaves=31,F2,141909,38024,calibrated,0.370545,0.377106,0.483958,1.038818,0.623655,0.058902,0.213403,0.602982,0.314932,0.182806,0.560777,0.256417,0.9930125875083097,34.32,1124.1
exp-a9bdbdec362f076e,ablation,ablate:mean_reversion,C2_pessimistic,CORE,lightgbm,n_estimators=400;num_leaves=31,F3,179933,39063,uncalibrated,0.363013,0.374226,0.494611,1.038846,0.623897,0.079473,0.250376,0.594353,0.27795,0.218212,0.55669,0.225098,0.7304765495567583,39.44,1124.1
exp-a9bdbdec362f076e,ablation,ablate:mean_reversion,C2_pessimistic,CORE,lightgbm,n_estimators=400;num_leaves=31,F3,179933,39063,calibrated,0.363013,0.374226,0.494611,1.031107,0.617037,0.050652,0.250376,0.594353,0.27795,0.218212,0.55669,0.225098,0.7304765495567583,39.44,1124.1
exp-a9bdbdec362f076e,ablation,ablate:mean_reversion,C2_pessimistic,CORE,lightgbm,n_estimators=400;num_leaves=31,F4,218996,39063,uncalibrated,0.361434,0.37519,0.470548,1.052552,0.633261,0.059358,0.291178,0.556783,0.277608,0.24929,0.517395,0.233315,0.595093537280593,45.82,1124.1
exp-a9bdbdec362f076e,ablation,ablate:mean_reversion,C2_pessimistic,CORE,lightgbm,n_estimators=400;num_leaves=31,F4,218996,39063,calibrated,0.361434,0.37519,0.470548,1.050744,0.628082,0.016652,0.291178,0.556783,0.277608,0.24929,0.517395,0.233315,0.595093537280593,45.82,1124.1
exp-a9bdbdec362f076e,ablation,ablate:mean_reversion,C2_pessimistic,CORE,lightgbm,n_estimators=400;num_leaves=31,F5,258059,38741,uncalibrated,0.358433,0.370444,0.445394,1.066467,0.642544,0.043322,0.28693,0.52714,0.29726,0.256731,0.486281,0.256989,0.6998486989147742,52.77,1124.1
exp-a9bdbdec362f076e,ablation,ablate:mean_reversion,C2_pessimistic,CORE,lightgbm,n_estimators=400;num_leaves=31,F5,258059,38741,calibrated,0.358433,0.370444,0.445394,1.067785,0.641011,0.018057,0.28693,0.52714,0.29726,0.256731,0.486281,0.256989,0.6998486989147742,52.77,1124.1
exp-aa7f31628310b652,model,,C2_pessimistic,CONDITIONAL,logistic,C=0.01;class_weight=balanced,F1,103517,38392,uncalibrated,0.348766,0.374364,0.420713,1.092916,0.659028,0.034714,0.212785,0.472817,0.43749,0.187044,0.43048,0.382476,0.9456144553897916,16.85,814.1
exp-aa7f31628310b652,model,,C2_pessimistic,CONDITIONAL,logistic,C=0.01;class_weight=balanced,F1,103517,38392,calibrated,0.348766,0.374364,0.420713,1.093642,0.659079,0.031863,0.212785,0.472817,0.43749,0.187044,0.43048,0.382476,0.9456144553897916,16.85,814.1
exp-aa7f31628310b652,model,,C2_pessimistic,CONDITIONAL,logistic,C=0.01;class_weight=balanced,F2,141909,38024,uncalibrated,0.367289,0.37308,0.560672,1.022899,0.612193,0.150098,0.101564,0.769561,0.248115,0.080397,0.731354,0.18825,0.589384737262663,23.92,814.1
exp-aa7f31628310b652,model,,C2_pessimistic,CONDITIONAL,logistic,C=0.01;class_weight=balanced,F2,141909,38024,calibrated,0.367289,0.37308,0.560672,0.99688,0.590541,0.097483,0.101564,0.769561,0.248115,0.080397,0.731354,0.18825,0.589384737262663,23.92,814.1
exp-aa7f31628310b652,model,,C2_pessimistic,CONDITIONAL,logistic,C=0.01;class_weight=balanced,F3,179933,39063,uncalibrated,0.356299,0.376904,0.480711,1.070812,0.644716,0.093702,0.176451,0.567437,0.386825,0.150731,0.529913,0.319356,0.821864330711905,27.05,833.8
exp-aa7f31628310b652,model,,C2_pessimistic,CONDITIONAL,logistic,C=0.01;class_weight=balanced,F3,179933,39063,calibrated,0.356299,0.376904,0.480711,1.06898,0.642139,0.082435,0.176451,0.567437,0.386825,0.150731,0.529913,0.319356,0.821864330711905,27.05,833.8
exp-aa7f31628310b652,model,,C2_pessimistic,CONDITIONAL,logistic,C=0.01;class_weight=balanced,F4,218996,39063,uncalibrated,0.36226,0.383751,0.457108,1.082074,0.65171,0.069848,0.25944,0.523223,0.36859,0.218647,0.482861,0.298492,0.943681982872242,30.52,942.4
exp-aa7f31628310b652,model,,C2_pessimistic,CONDITIONAL,logistic,C=0.01;class_weight=balanced,F4,218996,39063,calibrated,0.36226,0.383751,0.457108,1.082186,0.651363,0.066737,0.25944,0.523223,0.36859,0.218647,0.482861,0.298492,0.943681982872242,30.52,942.4
exp-aa7f31628310b652,model,,C2_pessimistic,CONDITIONAL,logistic,C=0.01;class_weight=balanced,F5,258059,38741,uncalibrated,0.359715,0.377357,0.433314,1.092391,0.658222,0.047301,0.316936,0.494303,0.320833,0.284298,0.452105,0.263597,0.819601235589651,44.59,969.1
exp-aa7f31628310b652,model,,C2_pessimistic,CONDITIONAL,logistic,C=0.01;class_weight=balanced,F5,258059,38741,calibrated,0.359715,0.377357,0.433314,1.095599,0.65839,0.036243,0.316936,0.494303,0.320833,0.284298,0.452105,0.263597,0.819601235589651,44.59,969.1
exp-aad88897026e46e5,model,,C0_spread_only,CONDITIONAL,lightgbm,n_estimators=400;num_leaves=15,F1,103517,38392,uncalibrated,0.351162,0.368673,0.390316,1.084969,0.656593,0.014578,0.166227,0.452954,0.486838,0.155736,0.404069,0.440196,1.3903801413703318,64.09,920.1
exp-aad88897026e46e5,model,,C0_spread_only,CONDITIONAL,lightgbm,n_estimators=400;num_leaves=15,F1,103517,38392,calibrated,0.351162,0.368673,0.390316,1.08392,0.656173,0.010376,0.166227,0.452954,0.486838,0.155736,0.404069,0.440196,1.3903801413703318,64.09,920.1
exp-aad88897026e46e5,model,,C0_spread_only,CONDITIONAL,lightgbm,n_estimators=400;num_leaves=15,F2,141909,38024,uncalibrated,0.361794,0.377944,0.404665,1.078819,0.652625,0.01161,0.159565,0.489597,0.484671,0.138623,0.431543,0.429834,1.2111700427923606,78.18,920.1
exp-aad88897026e46e5,model,,C0_spread_only,CONDITIONAL,lightgbm,n_estimators=400;num_leaves=15,F2,141909,38024,calibrated,0.361794,0.377944,0.404665,1.079191,0.652998,0.019501,0.159565,0.489597,0.484671,0.138623,0.431543,0.429834,1.2111700427923606,78.18,920.1
exp-aad88897026e46e5,model,,C0_spread_only,CONDITIONAL,lightgbm,n_estimators=400;num_leaves=15,F3,179933,39063,uncalibrated,0.31781,0.36426,0.318742,1.120201,0.679225,0.076955,0.498651,0.211678,0.382452,0.48048,0.174743,0.344776,2.5332339317507726,92.17,920.1
exp-aad88897026e46e5,model,,C0_spread_only,CONDITIONAL,lightgbm,n_estimators=400;num_leaves=15,F3,179933,39063,calibrated,0.31781,0.36426,0.318742,1.101619,0.668201,0.050799,0.498651,0.211678,0.382452,0.48048,0.174743,0.344776,2.5332339317507726,92.17,920.1
exp-aad88897026e46e5,model,,C0_spread_only,CONDITIONAL,lightgbm,n_estimators=400;num_leaves=15,F4,218996,39063,uncalibrated,0.356214,0.367119,0.377621,1.089185,0.659195,0.024547,0.346783,0.401614,0.352961,0.321865,0.354581,0.323554,5.785234141543643,110.1,920.1
exp-aad88897026e46e5,model,,C0_spread_only,CONDITIONAL,lightgbm,n_estimators=400;num_leaves=15,F4,218996,39063,calibrated,0.356214,0.367119,0.377621,1.093769,0.663279,0.036557,0.346783,0.401614,0.352961,0.321865,0.354581,0.323554,5.785234141543643,110.1,920.1
exp-aad88897026e46e5,model,,C0_spread_only,CONDITIONAL,lightgbm,n_estimators=400;num_leaves=15,F5,258059,38741,uncalibrated,0.367001,0.37021,0.394698,1.083295,0.655257,0.015139,0.310678,0.464113,0.335839,0.285228,0.412431,0.302341,1.2406399091464344,128.38,940.4
exp-aad88897026e46e5,model,,C0_spread_only,CONDITIONAL,lightgbm,n_estimators=400;num_leaves=15,F5,258059,38741,calibrated,0.367001,0.37021,0.394698,1.083245,0.655513,0.019724,0.310678,0.464113,0.335839,0.285228,0.412431,0.302341,1.2406399091464344,128.38,940.4
exp-ab57b6d9dfe69c25,model,,C2_pessimistic,CONDITIONAL,lightgbm,n_estimators=150;num_leaves=15,F1,103517,38392,uncalibrated,0.34457,0.378706,0.406074,1.092637,0.659633,0.014091,0.214107,0.437849,0.484162,0.191733,0.394275,0.413992,0.9390379838321028,24.63,814.1
exp-ab57b6d9dfe69c25,model,,C2_pessimistic,CONDITIONAL,lightgbm,n_estimators=150;num_leaves=15,F1,103517,38392,calibrated,0.34457,0.378706,0.406074,1.093597,0.65992,0.012068,0.214107,0.437849,0.484162,0.191733,0.394275,0.413992,0.9390379838321028,24.63,814.1
exp-ab57b6d9dfe69c25,model,,C2_pessimistic,CONDITIONAL,lightgbm,n_estimators=150;num_leaves=15,F2,141909,38024,uncalibrated,0.374153,0.387715,0.48927,1.053091,0.633534,0.089915,0.167535,0.602699,0.392911,0.136361,0.553466,0.310173,0.8694857652552068,31.4,814.1
exp-ab57b6d9dfe69c25,model,,C2_pessimistic,CONDITIONAL,lightgbm,n_estimators=150;num_leaves=15,F2,141909,38024,calibrated,0.374153,0.387715,0.48927,1.049774,0.630697,0.080213,0.167535,0.602699,0.392911,0.136361,0.553466,0.310173,0.8694857652552068,31.4,814.1
exp-ab57b6d9dfe69c25,model,,C2_pessimistic,CONDITIONAL,lightgbm,n_estimators=150;num_leaves=15,F3,179933,39063,uncalibrated,0.331498,0.373711,0.400123,1.090512,0.658508,0.025629,0.246864,0.422772,0.451496,0.221335,0.38676,0.391905,1.2486493983102163,38.77,833.8
exp-ab57b6d9dfe69c25,model,,C2_pessimistic,CONDITIONAL,lightgbm,n_estimators=150;num_leaves=15,F3,179933,39063,calibrated,0.331498,0.373711,0.400123,1.089077,0.658334,0.029696,0.246864,0.422772,0.451496,0.221335,0.38676,0.391905,1.2486493983102163,38.77,833.8
exp-ab57b6d9dfe69c25,model,,C2_pessimistic,CONDITIONAL,lightgbm,n_estimators=150;num_leaves=15,F4,218996,39063,uncalibrated,0.36574,0.381802,0.470164,1.066591,0.642411,0.077229,0.285645,0.550004,0.309757,0.245936,0.507462,0.246602,1.200654992437491,47.48,942.4
exp-ab57b6d9dfe69c25,model,,C2_pessimistic,CONDITIONAL,lightgbm,n_estimators=150;num_leaves=15,F4,218996,39063,calibrated,0.36574,0.381802,0.470164,1.069083,0.64474,0.08689,0.285645,0.550004,0.309757,0.245936,0.507462,0.246602,1.200654992437491,47.48,942.4
exp-ab57b6d9dfe69c25,model,,C2_pessimistic,CONDITIONAL,lightgbm,n_estimators=150;num_leaves=15,F5,258059,38741,uncalibrated,0.364332,0.374201,0.45941,1.070359,0.645157,0.070037,0.279429,0.552342,0.290831,0.248135,0.507163,0.244702,0.6385659035388808,56.02,969.1
exp-ab57b6d9dfe69c25,model,,C2_pessimistic,CONDITIONAL,lightgbm,n_estimators=150;num_leaves=15,F5,258059,38741,calibrated,0.364332,0.374201,0.45941,1.069412,0.641239,0.04125,0.279429,0.552342,0.290831,0.248135,0.507163,0.244702,0.6385659035388808,56.02,969.1
exp-ac1bcb5e81f46617,ablation,ablate:session,C2_pessimistic,CORE,lightgbm,n_estimators=400;num_leaves=31,F1,103517,38392,uncalibrated,0.358195,0.373679,0.437305,1.066003,0.642459,0.015882,0.283909,0.506906,0.330222,0.248541,0.469421,0.282038,0.7949257176281703,31.43,1124.1
exp-ac1bcb5e81f46617,ablation,ablate:session,C2_pessimistic,CORE,lightgbm,n_estimators=400;num_leaves=31,F1,103517,38392,calibrated,0.358195,0.373679,0.437305,1.068539,0.642985,0.012239,0.283909,0.506906,0.330222,0.248541,0.469421,0.282038,0.7949257176281703,31.43,1124.1
exp-ac1bcb5e81f46617,ablation,ablate:session,C2_pessimistic,CORE,lightgbm,n_estimators=400;num_leaves=31,F2,141909,38024,uncalibrated,0.364994,0.371454,0.475831,1.04271,0.626625,0.053033,0.215041,0.592082,0.30724,0.184331,0.553045,0.262624,1.0653239921465032,35.44,1124.1
exp-ac1bcb5e81f46617,ablation,ablate:session,C2_pessimistic,CORE,lightgbm,n_estimators=400;num_leaves=31,F2,141909,38024,calibrated,0.364994,0.371454,0.475831,1.044203,0.62783,0.058419,0.215041,0.592082,0.30724,0.184331,0.553045,0.262624,1.0653239921465032,35.44,1124.1
exp-ac1bcb5e81f46617,ablation,ablate:session,C2_pessimistic,CORE,lightgbm,n_estimators=400;num_leaves=31,F3,179933,39063,uncalibrated,0.364862,0.372478,0.510253,1.031858,0.619147,0.093823,0.232815,0.624386,0.260234,0.2049,0.588127,0.206973,0.7439097148597975,41.36,1124.1
exp-ac1bcb5e81f46617,ablation,ablate:session,C2_pessimistic,CORE,lightgbm,n_estimators=400;num_leaves=31,F3,179933,39063,calibrated,0.364862,0.372478,0.510253,1.022205,0.611162,0.066374,0.232815,0.624386,0.260234,0.2049,0.588127,0.206973,0.7439097148597975,41.36,1124.1
exp-ac1bcb5e81f46617,ablation,ablate:session,C2_pessimistic,CORE,lightgbm,n_estimators=400;num_leaves=31,F4,218996,39063,uncalibrated,0.3634,0.375451,0.478125,1.048991,0.631073,0.067524,0.285482,0.570979,0.269892,0.245219,0.53104,0.223741,0.5394478212442619,48.55,1124.1
exp-ac1bcb5e81f46617,ablation,ablate:session,C2_pessimistic,CORE,lightgbm,n_estimators=400;num_leaves=31,F4,218996,39063,calibrated,0.3634,0.375451,0.478125,1.04592,0.624219,0.014715,0.285482,0.570979,0.269892,0.245219,0.53104,0.223741,0.5394478212442619,48.55,1124.1
exp-ac1bcb5e81f46617,ablation,ablate:session,C2_pessimistic,CORE,lightgbm,n_estimators=400;num_leaves=31,F5,258059,38741,uncalibrated,0.359899,0.369369,0.454506,1.063036,0.640272,0.048383,0.284045,0.547159,0.276902,0.252962,0.507937,0.239101,0.6673858430610002,52.98,1124.1
exp-ac1bcb5e81f46617,ablation,ablate:session,C2_pessimistic,CORE,lightgbm,n_estimators=400;num_leaves=31,F5,258059,38741,calibrated,0.359899,0.369369,0.454506,1.06367,0.637839,0.017833,0.284045,0.547159,0.276902,0.252962,0.507937,0.239101,0.6673858430610002,52.98,1124.1
exp-ad3e807b6f122785,model,,C0_spread_only,CONDITIONAL,lightgbm,n_estimators=150;num_leaves=31,F1,103517,38392,uncalibrated,0.354481,0.36904,0.388987,1.08575,0.657004,0.012487,0.190516,0.446479,0.470126,0.174463,0.398833,0.426703,1.3751568457262158,32.24,920.1
exp-ad3e807b6f122785,model,,C0_spread_only,CONDITIONAL,lightgbm,n_estimators=150;num_leaves=31,F1,103517,38392,calibrated,0.354481,0.36904,0.388987,1.085372,0.65707,0.013653,0.190516,0.446479,0.470126,0.174463,0.398833,0.426703,1.3751568457262158,32.24,920.1
exp-ad3e807b6f122785,model,,C0_spread_only,CONDITIONAL,lightgbm,n_estimators=150;num_leaves=31,F2,141909,38024,uncalibrated,0.364224,0.377808,0.409689,1.07804,0.65212,0.019189,0.162986,0.509824,0.460613,0.14078,0.45132,0.4079,1.0011336188279405,40.61,920.1
exp-ad3e807b6f122785,model,,C0_spread_only,CONDITIONAL,lightgbm,n_estimators=150;num_leaves=31,F2,141909,38024,calibrated,0.364224,0.377808,0.409689,1.078044,0.652123,0.019244,0.162986,0.509824,0.460613,0.14078,0.45132,0.4079,1.0011336188279405,40.61,920.1
exp-ad3e807b6f122785,model,,C0_spread_only,CONDITIONAL,lightgbm,n_estimators=150;num_leaves=31,F3,179933,39063,uncalibrated,0.323698,0.3621,0.325065,1.109531,0.672686,0.062362,0.441973,0.238791,0.405536,0.423444,0.19978,0.376776,1.9726122533154262,51.13,920.1
exp-ad3e807b6f122785,model,,C0_spread_only,CONDITIONAL,lightgbm,n_estimators=150;num_leaves=31,F3,179933,39063,calibrated,0.323698,0.3621,0.325065,1.099548,0.666718,0.048343,0.441973,0.238791,0.405536,0.423444,0.19978,0.376776,1.9726122533154262,51.13,920.1
exp-ad3e807b6f122785,model,,C0_spread_only,CONDITIONAL,lightgbm,n_estimators=150;num_leaves=31,F4,218996,39063,uncalibrated,0.353233,0.364884,0.373397,1.089517,0.659507,0.028153,0.364692,0.392878,0.337082,0.342268,0.347464,0.310268,5.596505104440425,59.15,920.1
exp-ad3e807b6f122785,model,,C0_spread_only,CONDITIONAL,lightgbm,n_estimators=150;num_leaves=31,F4,218996,39063,calibrated,0.353233,0.364884,0.373397,1.094108,0.663506,0.038785,0.364692,0.392878,0.337082,0.342268,0.347464,0.310268,5.596505104440425,59.15,920.1
exp-ad3e807b6f122785,model,,C0_spread_only,CONDITIONAL,lightgbm,n_estimators=150;num_leaves=31,F5,258059,38741,uncalibrated,0.366235,0.37011,0.391497,1.084442,0.656188,0.016196,0.32423,0.451872,0.334228,0.297514,0.400558,0.301928,1.1587366500149239,66.7,940.4
exp-ad3e807b6f122785,model,,C0_spread_only,CONDITIONAL,lightgbm,n_estimators=150;num_leaves=31,F5,258059,38741,calibrated,0.366235,0.37011,0.391497,1.084417,0.656334,0.019437,0.32423,0.451872,0.334228,0.297514,0.400558,0.301928,1.1587366500149239,66.7,940.4
exp-ad5b3d0855df9f79,baseline,,C1_moderate,-,momentum,,F1,103517,38392,uncalibrated,0.204479,0.337461,0.218874,,,,0.509306,0.002151,0.500925,0.504506,0.001901,0.493592,,0.0,497.0
exp-ad5b3d0855df9f79,baseline,,C1_moderate,-,momentum,,F1,103517,38392,calibrated,0.204479,0.337461,0.218874,,,,0.509306,0.002151,0.500925,0.504506,0.001901,0.493592,,0.0,497.0
exp-ad5b3d0855df9f79,baseline,,C1_moderate,-,momentum,,F2,141909,38024,uncalibrated,0.208551,0.33704,0.225463,,,,0.510135,0.001705,0.49928,0.506706,0.001762,0.491532,,0.0,497.0
exp-ad5b3d0855df9f79,baseline,,C1_moderate,-,momentum,,F2,141909,38024,calibrated,0.208551,0.33704,0.225463,,,,0.510135,0.001705,0.49928,0.506706,0.001762,0.491532,,0.0,497.0
exp-ad5b3d0855df9f79,baseline,,C1_moderate,-,momentum,,F3,179933,39063,uncalibrated,0.190733,0.329959,0.200087,,,,0.490299,0.002228,0.49735,0.502829,0.002227,0.494944,,0.0,497.0
exp-ad5b3d0855df9f79,baseline,,C1_moderate,-,momentum,,F3,179933,39063,calibrated,0.190733,0.329959,0.200087,,,,0.490299,0.002228,0.49735,0.502829,0.002227,0.494944,,0.0,497.0
exp-ad5b3d0855df9f79,baseline,,C1_moderate,-,momentum,,F4,218996,39063,uncalibrated,0.198397,0.338872,0.209124,,,,0.491065,0.002557,0.522993,0.495533,0.002355,0.502112,,0.0,497.0
exp-ad5b3d0855df9f79,baseline,,C1_moderate,-,momentum,,F4,218996,39063,calibrated,0.198397,0.338872,0.209124,,,,0.491065,0.002557,0.522993,0.495533,0.002355,0.502112,,0.0,497.0
exp-ad5b3d0855df9f79,baseline,,C1_moderate,-,momentum,,F5,258059,38741,uncalibrated,0.208935,0.340491,0.224852,,,,0.511644,0.002162,0.507668,0.501846,0.002013,0.496141,,0.0,497.0
exp-ad5b3d0855df9f79,baseline,,C1_moderate,-,momentum,,F5,258059,38741,calibrated,0.208935,0.340491,0.224852,,,,0.511644,0.002162,0.507668,0.501846,0.002013,0.496141,,0.0,497.0
exp-af2c83235bf09421,model,,C2_pessimistic,CORE,logistic,C=1.0;class_weight=balanced,F1,103517,38392,uncalibrated,0.364323,0.376743,0.451683,1.082171,0.651756,0.06342,0.307274,0.533131,0.289824,0.269744,0.488643,0.241613,0.7304900560818819,15.57,611.3
exp-af2c83235bf09421,model,,C2_pessimistic,CORE,logistic,C=1.0;class_weight=balanced,F1,103517,38392,calibrated,0.364323,0.376743,0.451683,1.084463,0.650123,0.043905,0.307274,0.533131,0.289824,0.269744,0.488643,0.241613,0.7304900560818819,15.57,611.3
exp-af2c83235bf09421,model,,C2_pessimistic,CORE,logistic,C=1.0;class_weight=balanced,F2,141909,38024,uncalibrated,0.374327,0.382301,0.474989,1.069175,0.643546,0.08566,0.286076,0.578022,0.282805,0.242873,0.531138,0.225989,1.2793705057824172,21.28,611.3
exp-af2c83235bf09421,model,,C2_pessimistic,CORE,logistic,C=1.0;class_weight=balanced,F2,141909,38024,calibrated,0.374327,0.382301,0.474989,1.07258,0.647,0.097735,0.286076,0.578022,0.282805,0.242873,0.531138,0.225989,1.2793705057824172,21.28,611.3
exp-af2c83235bf09421,model,,C2_pessimistic,CORE,logistic,C=1.0;class_weight=balanced,F3,179933,39063,uncalibrated,0.361989,0.372804,0.494278,1.066515,0.641681,0.106516,0.250376,0.594903,0.273134,0.220157,0.558124,0.221719,0.7775519939219898,23.31,690.1
exp-af2c83235bf09421,model,,C2_pessimistic,CORE,logistic,C=1.0;class_weight=balanced,F3,179933,39063,calibrated,0.361989,0.372804,0.494278,1.06325,0.637568,0.091522,0.250376,0.594903,0.273134,0.220157,0.558124,0.221719,0.7775519939219898,23.31,690.1
exp-af2c83235bf09421,model,,C2_pessimistic,CORE,logistic,C=1.0;class_weight=balanced,F4,218996,39063,uncalibrated,0.36858,0.382386,0.479635,1.073477,0.646139,0.092031,0.29362,0.567571,0.285967,0.24719,0.52592,0.22689,0.5682785811080394,27.66,796.3
exp-af2c83235bf09421,model,,C2_pessimistic,CORE,logistic,C=1.0;class_weight=balanced,F4,218996,39063,calibrated,0.36858,0.382386,0.479635,1.075189,0.640486,0.053426,0.29362,0.567571,0.285967,0.24719,0.52592,0.22689,0.5682785811080394,27.66,796.3
exp-af2c83235bf09421,model,,C2_pessimistic,CORE,logistic,C=1.0;class_weight=balanced,F5,258059,38741,uncalibrated,0.355871,0.373657,0.429751,1.093431,0.659064,0.048071,0.286642,0.491454,0.342875,0.262977,0.45004,0.286983,0.824132450595126,40.68,814.1
exp-af2c83235bf09421,model,,C2_pessimistic,CORE,logistic,C=1.0;class_weight=balanced,F5,258059,38741,calibrated,0.355871,0.373657,0.429751,1.096554,0.659311,0.037836,0.286642,0.491454,0.342875,0.262977,0.45004,0.286983,0.824132450595126,40.68,814.1
exp-b0a7c079ed3c6631,ablation,ablate:micro,C1_moderate,CORE,lightgbm,n_estimators=400;num_leaves=31,F1,103517,38392,uncalibrated,0.35343,0.361918,0.395056,1.082514,0.654721,0.018698,0.289389,0.456205,0.34016,0.27115,0.421442,0.307408,1.276587492057141,37.75,1124.1
exp-b0a7c079ed3c6631,ablation,ablate:micro,C1_moderate,CORE,lightgbm,n_estimators=400;num_leaves=31,F1,103517,38392,calibrated,0.35343,0.361918,0.395056,1.081246,0.65419,0.010078,0.289389,0.456205,0.34016,0.27115,0.421442,0.307408,1.276587492057141,37.75,1124.1
exp-b0a7c079ed3c6631,ablation,ablate:micro,C1_moderate,CORE,lightgbm,n_estimators=400;num_leaves=31,F2,141909,38024,uncalibrated,0.364746,0.368848,0.422444,1.071048,0.64686,0.014334,0.230778,0.531025,0.344741,0.204871,0.489901,0.305228,1.0172973133154144,42.67,1124.1
exp-b0a7c079ed3c6631,ablation,ablate:micro,C1_moderate,CORE,lightgbm,n_estimators=400;num_leaves=31,F2,141909,38024,calibrated,0.364746,0.368848,0.422444,1.071077,0.646909,0.015221,0.230778,0.531025,0.344741,0.204871,0.489901,0.305228,1.0172973133154144,42.67,1124.1
exp-b0a7c079ed3c6631,ablation,ablate:micro,C1_moderate,CORE,lightgbm,n_estimators=400;num_leaves=31,F3,179933,39063,uncalibrated,0.357149,0.363852,0.419425,1.072,0.647608,0.021097,0.295156,0.504092,0.292308,0.275222,0.463815,0.260963,1.1292013806813326,48.58,1124.1
exp-b0a7c079ed3c6631,ablation,ablate:micro,C1_moderate,CORE,lightgbm,n_estimators=400;num_leaves=31,F3,179933,39063,calibrated,0.357149,0.363852,0.419425,1.072717,0.648256,0.027491,0.295156,0.504092,0.292308,0.275222,0.463815,0.260963,1.1292013806813326,48.58,1124.1
exp-b0a7c079ed3c6631,ablation,ablate:micro,C1_moderate,CORE,lightgbm,n_estimators=400;num_leaves=31,F4,218996,39063,uncalibrated,0.357882,0.36539,0.414663,1.075033,0.649676,0.01951,0.323559,0.493217,0.279393,0.294268,0.451655,0.254077,0.9178916622144472,56.61,1124.1
exp-b0a7c079ed3c6631,ablation,ablate:micro,C1_moderate,CORE,lightgbm,n_estimators=400;num_leaves=31,F4,218996,39063,calibrated,0.357882,0.36539,0.414663,1.075061,0.649537,0.015369,0.323559,0.493217,0.279393,0.294268,0.451655,0.254077,0.9178916622144472,56.61,1124.1
exp-b0a7c079ed3c6631,ablation,ablate:micro,C1_moderate,CORE,lightgbm,n_estimators=400;num_leaves=31,F5,258059,38741,uncalibrated,0.358138,0.364046,0.401642,1.081472,0.653843,0.013868,0.318458,0.473716,0.299964,0.293849,0.435792,0.27036,0.9315911287913119,63.87,1124.1
exp-b0a7c079ed3c6631,ablation,ablate:micro,C1_moderate,CORE,lightgbm,n_estimators=400;num_leaves=31,F5,258059,38741,calibrated,0.358138,0.364046,0.401642,1.081869,0.653944,0.01221,0.318458,0.473716,0.299964,0.293849,0.435792,0.27036,0.9315911287913119,63.87,1124.1
exp-b10ce082ad6bef24,model,,C2_pessimistic,CONDITIONAL,lightgbm,n_estimators=150;num_leaves=31,F1,103517,38392,uncalibrated,0.349932,0.379253,0.41915,1.082947,0.653354,0.01856,0.210434,0.464434,0.462892,0.185898,0.420009,0.394093,0.8822438648494039,33.1,814.1
exp-b10ce082ad6bef24,model,,C2_pessimistic,CONDITIONAL,lightgbm,n_estimators=150;num_leaves=31,F1,103517,38392,calibrated,0.349932,0.379253,0.41915,1.084373,0.65362,0.013036,0.210434,0.464434,0.462892,0.185898,0.420009,0.394093,0.8822438648494039,33.1,814.1
exp-b10ce082ad6bef24,model,,C2_pessimistic,CONDITIONAL,lightgbm,n_estimators=150;num_leaves=31,F2,141909,38024,uncalibrated,0.370372,0.387726,0.466732,1.056108,0.635672,0.063143,0.192554,0.555087,0.415535,0.156086,0.505207,0.338707,1.0856914947918828,41.61,814.1
exp-b10ce082ad6bef24,model,,C2_pessimistic,CONDITIONAL,lightgbm,n_estimators=150;num_leaves=31,F2,141909,38024,calibrated,0.370372,0.387726,0.466732,1.057712,0.63702,0.068412,0.192554,0.555087,0.415535,0.156086,0.505207,0.338707,1.0856914947918828,41.61,814.1
exp-b10ce082ad6bef24,model,,C2_pessimistic,CONDITIONAL,lightgbm,n_estimators=150;num_leaves=31,F3,179933,39063,uncalibrated,0.327609,0.370775,0.387118,1.093114,0.660198,0.031761,0.310922,0.40099,0.400413,0.285513,0.365947,0.34854,1.248599248768416,49.82,833.8
exp-b10ce082ad6bef24,model,,C2_pessimistic,CONDITIONAL,lightgbm,n_estimators=150;num_leaves=31,F3,179933,39063,calibrated,0.327609,0.370775,0.387118,1.090798,0.659457,0.029894,0.310922,0.40099,0.400413,0.285513,0.365947,0.34854,1.248599248768416,49.82,833.8
exp-b10ce082ad6bef24,model,,C2_pessimistic,CONDITIONAL,lightgbm,n_estimators=150;num_leaves=31,F4,218996,39063,uncalibrated,0.360844,0.378637,0.459437,1.065516,0.64163,0.060809,0.29834,0.532474,0.305096,0.255306,0.49136,0.253334,1.3584464458073224,58.73,942.4
exp-b10ce082ad6bef24,model,,C2_pessimistic,CONDITIONAL,lightgbm,n_estimators=150;num_leaves=31,F4,218996,39063,calibrated,0.360844,0.378637,0.459437,1.069649,0.64541,0.077502,0.29834,0.532474,0.305096,0.255306,0.49136,0.253334,1.3584464458073224,58.73,942.4
exp-b10ce082ad6bef24,model,,C2_pessimistic,CONDITIONAL,lightgbm,n_estimators=150;num_leaves=31,F5,258059,38741,uncalibrated,0.363252,0.374523,0.453912,1.067964,0.643437,0.060781,0.281737,0.540592,0.30124,0.253246,0.495573,0.251181,0.6558132578938357,67.0,969.1
exp-b10ce082ad6bef24,model,,C2_pessimistic,CONDITIONAL,lightgbm,n_estimators=150;num_leaves=31,F5,258059,38741,calibrated,0.363252,0.374523,0.453912,1.067245,0.639831,0.031553,0.281737,0.540592,0.30124,0.253246,0.495573,0.251181,0.6558132578938357,67.0,969.1
exp-b2be9c3238dbe8b2,model,,C0_spread_only,CONDITIONAL,logistic,C=0.01;class_weight=None,F1,103517,38392,uncalibrated,0.245054,0.339646,0.517009,1.016512,0.608321,0.01444,0.008449,0.991046,0.019443,0.005835,0.982444,0.011721,0.848102603996083,16.28,920.1
exp-b2be9c3238dbe8b2,model,,C0_spread_only,CONDITIONAL,logistic,C=0.01;class_weight=None,F1,103517,38392,calibrated,0.245054,0.339646,0.517009,1.021611,0.611893,0.04899,0.008449,0.991046,0.019443,0.005835,0.982444,0.011721,0.848102603996083,16.28,920.1
exp-b2be9c3238dbe8b2,model,,C0_spread_only,CONDITIONAL,logistic,C=0.01;class_weight=None,F2,141909,38024,uncalibrated,0.232511,0.336973,0.500815,1.040184,0.625362,0.07437,0.003525,0.995259,0.012135,0.001867,0.990822,0.007311,1.3248714351316384,24.07,920.1
exp-b2be9c3238dbe8b2,model,,C0_spread_only,CONDITIONAL,logistic,C=0.01;class_weight=None,F2,141909,38024,calibrated,0.232511,0.336973,0.500815,1.029366,0.617524,0.018138,0.003525,0.995259,0.012135,0.001867,0.990822,0.007311,1.3248714351316384,24.07,920.1
exp-b2be9c3238dbe8b2,model,,C0_spread_only,CONDITIONAL,logistic,C=0.01;class_weight=None,F3,179933,39063,uncalibrated,0.249488,0.338862,0.535289,1.002851,0.598537,0.025695,0.008205,0.990228,0.018153,0.005811,0.981927,0.012262,1.0929230551107219,24.61,920.1
exp-b2be9c3238dbe8b2,model,,C0_spread_only,CONDITIONAL,logistic,C=0.01;class_weight=None,F3,179933,39063,calibrated,0.249488,0.338862,0.535289,1.004959,0.600075,0.040775,0.008205,0.990228,0.018153,0.005811,0.981927,0.012262,1.0929230551107219,24.61,920.1
exp-b2be9c3238dbe8b2,model,,C0_spread_only,CONDITIONAL,logistic,C=0.01;class_weight=None,F4,218996,39063,uncalibrated,0.253404,0.340236,0.537696,0.999318,0.596099,0.027462,0.010834,0.988925,0.02095,0.00727,0.980109,0.012621,0.8563361150375982,30.28,920.1
exp-b2be9c3238dbe8b2,model,,C0_spread_only,CONDITIONAL,logistic,C=0.01;class_weight=None,F4,218996,39063,calibrated,0.253404,0.340236,0.537696,0.997832,0.595062,0.008933,0.010834,0.988925,0.02095,0.00727,0.980109,0.012621,0.8563361150375982,30.28,920.1
exp-b2be9c3238dbe8b2,model,,C0_spread_only,CONDITIONAL,logistic,C=0.01;class_weight=None,F5,258059,38741,uncalibrated,0.242105,0.338367,0.50866,1.022653,0.612785,0.011672,0.007598,0.987962,0.01954,0.005472,0.980434,0.014094,0.9009891481188796,42.94,940.4
exp-b2be9c3238dbe8b2,model,,C0_spread_only,CONDITIONAL,logistic,C=0.01;class_weight=None,F5,258059,38741,calibrated,0.242105,0.338367,0.50866,1.024124,0.613836,0.026313,0.007598,0.987962,0.01954,0.005472,0.980434,0.014094,0.9009891481188796,42.94,940.4
exp-b422569857b7dc76,model,,C2_pessimistic,REGIME,logistic,C=1.0;class_weight=None,F1,103517,38392,uncalibrated,0.27433,0.33774,0.653131,0.872296,0.504363,0.012206,0.00338,0.996527,0.013313,0.001771,0.992629,0.0056,0.8886640690607306,15.58,969.1
exp-b422569857b7dc76,model,,C2_pessimistic,REGIME,logistic,C=1.0;class_weight=None,F1,103517,38392,calibrated,0.27433,0.33774,0.653131,0.875668,0.50645,0.035778,0.00338,0.996527,0.013313,0.001771,0.992629,0.0056,0.8886640690607306,15.58,969.1
exp-b422569857b7dc76,model,,C2_pessimistic,REGIME,logistic,C=1.0;class_weight=None,F2,141909,38024,uncalibrated,0.269114,0.336049,0.649616,0.8784,0.508615,0.02677,0.001936,0.998217,0.007994,0.000736,0.995713,0.00355,1.080651965182486,21.93,969.1
exp-b422569857b7dc76,model,,C2_pessimistic,REGIME,logistic,C=1.0;class_weight=None,F2,141909,38024,calibrated,0.269114,0.336049,0.649616,0.876697,0.507526,0.008483,0.001936,0.998217,0.007994,0.000736,0.995713,0.00355,1.080651965182486,21.93,969.1
exp-b422569857b7dc76,model,,C2_pessimistic,REGIME,logistic,C=1.0;class_weight=None,F3,179933,39063,uncalibrated,0.279389,0.335297,0.697821,0.810963,0.460374,0.025869,0.002342,0.997873,0.005676,0.001152,0.996058,0.00279,1.0609240514867129,26.72,969.1
exp-b422569857b7dc76,model,,C2_pessimistic,REGIME,logistic,C=1.0;class_weight=None,F3,179933,39063,calibrated,0.279389,0.335297,0.697821,0.813765,0.462202,0.043301,0.002342,0.997873,0.005676,0.001152,0.996058,0.00279,1.0609240514867129,26.72,969.1
exp-b422569857b7dc76,model,,C2_pessimistic,REGIME,logistic,C=1.0;class_weight=None,F4,218996,39063,uncalibrated,0.277511,0.336034,0.683588,0.830525,0.474548,0.021696,0.001953,0.99779,0.008359,0.001152,0.995674,0.003174,0.9182565324101293,33.56,969.1
exp-b422569857b7dc76,model,,C2_pessimistic,REGIME,logistic,C=1.0;class_weight=None,F4,218996,39063,calibrated,0.277511,0.336034,0.683588,0.829574,0.473912,0.009541,0.001953,0.99779,0.008359,0.001152,0.995674,0.003174,0.9182565324101293,33.56,969.1
exp-b422569857b7dc76,model,,C2_pessimistic,REGIME,logistic,C=1.0;class_weight=None,F5,258059,38741,uncalibrated,0.270961,0.335839,0.651609,0.874079,0.505675,0.01234,0.003029,0.995608,0.008878,0.001807,0.992695,0.005498,0.9190560909386669,38.92,969.1
exp-b422569857b7dc76,model,,C2_pessimistic,REGIME,logistic,C=1.0;class_weight=None,F5,258059,38741,calibrated,0.270961,0.335839,0.651609,0.876326,0.507068,0.031605,0.003029,0.995608,0.008878,0.001807,0.992695,0.005498,0.9190560909386669,38.92,969.1
exp-b5c311c6d00b5af8,model,,C0_spread_only,REGIME,logistic,C=1.0;class_weight=balanced,F1,103517,38392,uncalibrated,0.371624,0.372764,0.411492,1.080601,0.653073,0.029734,0.315028,0.514569,0.288695,0.283132,0.463326,0.253542,1.0020910671548384,16.0,940.4
exp-b5c311c6d00b5af8,model,,C0_spread_only,REGIME,logistic,C=1.0;class_weight=balanced,F1,103517,38392,calibrated,0.371624,0.372764,0.411492,1.080609,0.653084,0.029831,0.315028,0.514569,0.288695,0.283132,0.463326,0.253542,1.0020910671548384,16.0,940.4
exp-b5c311c6d00b5af8,model,,C0_spread_only,REGIME,logistic,C=1.0;class_weight=balanced,F2,141909,38024,uncalibrated,0.373637,0.373868,0.422917,1.07704,0.650941,0.042935,0.260446,0.571293,0.289866,0.230013,0.515332,0.254655,0.887644494472862,22.94,940.4
exp-b5c311c6d00b5af8,model,,C0_spread_only,REGIME,logistic,C=1.0;class_weight=balanced,F2,141909,38024,calibrated,0.373637,0.373868,0.422917,1.07627,0.650196,0.03752,0.260446,0.571293,0.289866,0.230013,0.515332,0.254655,0.887644494472862,22.94,940.4
exp-b5c311c6d00b5af8,model,,C0_spread_only,REGIME,logistic,C=1.0;class_weight=balanced,F3,179933,39063,uncalibrated,0.362198,0.367854,0.394312,1.087255,0.657652,0.025076,0.306272,0.456074,0.341215,0.284489,0.409774,0.305737,0.9760430432987856,28.15,940.4
exp-b5c311c6d00b5af8,model,,C0_spread_only,REGIME,logistic,C=1.0;class_weight=balanced,F3,179933,39063,calibrated,0.362198,0.367854,0.394312,1.087286,0.657621,0.024418,0.306272,0.456074,0.341215,0.284489,0.409774,0.305737,0.9760430432987856,28.15,940.4
exp-b5c311c6d00b5af8,model,,C0_spread_only,REGIME,logistic,C=1.0;class_weight=balanced,F4,218996,39063,uncalibrated,0.366907,0.372296,0.401096,1.086219,0.656782,0.026927,0.305107,0.46687,0.344911,0.275196,0.416379,0.308425,1.0122832599604195,32.34,940.4
exp-b5c311c6d00b5af8,model,,C0_spread_only,REGIME,logistic,C=1.0;class_weight=balanced,F4,218996,39063,calibrated,0.366907,0.372296,0.401096,1.08621,0.656804,0.027285,0.305107,0.46687,0.344911,0.275196,0.416379,0.308425,1.0122832599604195,32.34,940.4
exp-b5c311c6d00b5af8,model,,C0_spread_only,REGIME,logistic,C=1.0;class_weight=balanced,F5,258059,38741,uncalibrated,0.354628,0.365685,0.368421,1.097019,0.663872,0.015987,0.315503,0.377965,0.403586,0.29532,0.332826,0.371854,1.1219444502863316,38.78,943.5
exp-b5c311c6d00b5af8,model,,C0_spread_only,REGIME,logistic,C=1.0;class_weight=balanced,F5,258059,38741,calibrated,0.354628,0.365685,0.368421,1.09588,0.663412,0.016149,0.315503,0.377965,0.403586,0.29532,0.332826,0.371854,1.1219444502863316,38.78,943.5
exp-b637c7ae1e2a3701,model,,C0_spread_only,REGIME,lightgbm,n_estimators=400;num_leaves=15,F1,103517,38392,uncalibrated,0.361657,0.367069,0.387451,1.086251,0.657324,0.014052,0.294751,0.442938,0.363517,0.273677,0.398468,0.327855,1.499422409867132,57.41,940.4
exp-b637c7ae1e2a3701,model,,C0_spread_only,REGIME,lightgbm,n_estimators=400;num_leaves=15,F1,103517,38392,calibrated,0.361657,0.367069,0.387451,1.085624,0.657303,0.015813,0.294751,0.442938,0.363517,0.273677,0.398468,0.327855,1.499422409867132,57.41,940.4
exp-b637c7ae1e2a3701,model,,C0_spread_only,REGIME,lightgbm,n_estimators=400;num_leaves=15,F2,141909,38024,uncalibrated,0.369304,0.370579,0.41671,1.073966,0.649075,0.023918,0.23494,0.557019,0.319779,0.212971,0.504576,0.282453,0.979040381771952,73.26,940.4
exp-b637c7ae1e2a3701,model,,C0_spread_only,REGIME,lightgbm,n_estimators=400;num_leaves=15,F2,141909,38024,calibrated,0.369304,0.370579,0.41671,1.073874,0.648986,0.022735,0.23494,0.557019,0.319779,0.212971,0.504576,0.282453,0.979040381771952,73.26,940.4
exp-b637c7ae1e2a3701,model,,C0_spread_only,REGIME,lightgbm,n_estimators=400;num_leaves=15,F3,179933,39063,uncalibrated,0.363068,0.367557,0.397793,1.080514,0.653572,0.018212,0.313721,0.467906,0.321044,0.291196,0.418913,0.289891,1.0268621731300236,90.37,940.4
exp-b637c7ae1e2a3701,model,,C0_spread_only,REGIME,lightgbm,n_estimators=400;num_leaves=15,F3,179933,39063,calibrated,0.363068,0.367557,0.397793,1.080535,0.653617,0.018923,0.313721,0.467906,0.321044,0.291196,0.418913,0.289891,1.0268621731300236,90.37,940.4
exp-b637c7ae1e2a3701,model,,C0_spread_only,REGIME,lightgbm,n_estimators=400;num_leaves=15,F4,218996,39063,uncalibrated,0.36312,0.368597,0.396078,1.081241,0.654135,0.01867,0.333296,0.458898,0.313596,0.302742,0.410696,0.286563,1.0499713270376687,103.72,940.4
exp-b637c7ae1e2a3701,model,,C0_spread_only,REGIME,lightgbm,n_estimators=400;num_leaves=15,F4,218996,39063,calibrated,0.36312,0.368597,0.396078,1.08124,0.654181,0.020223,0.333296,0.458898,0.313596,0.302742,0.410696,0.286563,1.0499713270376687,103.72,940.4
exp-b637c7ae1e2a3701,model,,C0_spread_only,REGIME,lightgbm,n_estimators=400;num_leaves=15,F5,258059,38741,uncalibrated,0.359974,0.366311,0.379056,1.089457,0.659454,0.015828,0.346099,0.414741,0.338093,0.319687,0.368602,0.311711,1.0470280507973626,118.22,943.5
exp-b637c7ae1e2a3701,model,,C0_spread_only,REGIME,lightgbm,n_estimators=400;num_leaves=15,F5,258059,38741,calibrated,0.359974,0.366311,0.379056,1.089107,0.659295,0.016021,0.346099,0.414741,0.338093,0.319687,0.368602,0.311711,1.0470280507973626,118.22,943.5
exp-b7f3975aacd60e4e,model,,C2_pessimistic,CONDITIONAL,lightgbm,n_estimators=400;num_leaves=31,F1,103517,38392,uncalibrated,0.350657,0.377882,0.423942,1.074823,0.648189,0.009853,0.203086,0.47593,0.454629,0.173187,0.434335,0.392478,0.9217345323161754,82.08,814.1
exp-b7f3975aacd60e4e,model,,C2_pessimistic,CONDITIONAL,lightgbm,n_estimators=400;num_leaves=31,F1,103517,38392,calibrated,0.350657,0.377882,0.423942,1.076267,0.648758,0.013948,0.203086,0.47593,0.454629,0.173187,0.434335,0.392478,0.9217345323161754,82.08,814.1
exp-b7f3975aacd60e4e,model,,C2_pessimistic,CONDITIONAL,lightgbm,n_estimators=400;num_leaves=31,F2,141909,38024,uncalibrated,0.359285,0.381498,0.456738,1.050403,0.632198,0.030051,0.156217,0.541067,0.44721,0.128787,0.494714,0.376499,1.1714336956499423,101.24,814.1
exp-b7f3975aacd60e4e,model,,C2_pessimistic,CONDITIONAL,lightgbm,n_estimators=400;num_leaves=31,F2,141909,38024,calibrated,0.359285,0.381498,0.456738,1.052847,0.63423,0.043168,0.156217,0.541067,0.44721,0.128787,0.494714,0.376499,1.1714336956499423,101.24,814.1
exp-b7f3975aacd60e4e,model,,C2_pessimistic,CONDITIONAL,lightgbm,n_estimators=400;num_leaves=31,F3,179933,39063,uncalibrated,0.316298,0.371352,0.359112,1.104579,0.667894,0.059164,0.366951,0.349102,0.398005,0.341039,0.316463,0.342498,1.4051888677366628,119.73,833.8
exp-b7f3975aacd60e4e,model,,C2_pessimistic,CONDITIONAL,lightgbm,n_estimators=400;num_leaves=31,F3,179933,39063,calibrated,0.316298,0.371352,0.359112,1.096771,0.663807,0.045854,0.366951,0.349102,0.398005,0.341039,0.316463,0.342498,1.4051888677366628,119.73,833.8
exp-b7f3975aacd60e4e,model,,C2_pessimistic,CONDITIONAL,lightgbm,n_estimators=400;num_leaves=31,F4,218996,39063,uncalibrated,0.359705,0.378455,0.455751,1.059863,0.637782,0.042722,0.311686,0.525657,0.298023,0.266288,0.485549,0.248163,1.4975335301060113,136.09,942.4
exp-b7f3975aacd60e4e,model,,C2_pessimistic,CONDITIONAL,lightgbm,n_estimators=400;num_leaves=31,F4,218996,39063,calibrated,0.359705,0.378455,0.455751,1.065661,0.64292,0.068618,0.311686,0.525657,0.298023,0.266288,0.485549,0.248163,1.4975335301060113,136.09,942.4
exp-b7f3975aacd60e4e,model,,C2_pessimistic,CONDITIONAL,lightgbm,n_estimators=400;num_leaves=31,F5,258059,38741,uncalibrated,0.365241,0.377183,0.454841,1.06195,0.639233,0.046608,0.284045,0.539682,0.307822,0.250536,0.493353,0.256111,0.7225411770029267,155.62,969.1
exp-b7f3975aacd60e4e,model,,C2_pessimistic,CONDITIONAL,lightgbm,n_estimators=400;num_leaves=31,F5,258059,38741,calibrated,0.365241,0.377183,0.454841,1.061736,0.636771,0.020933,0.284045,0.539682,0.307822,0.250536,0.493353,0.256111,0.7225411770029267,155.62,969.1
exp-b936792144ec3617,model,,C0_spread_only,CORE,logistic,C=0.01;class_weight=balanced,F1,103517,38392,uncalibrated,0.371262,0.372441,0.410685,1.080508,0.652928,0.028391,0.314606,0.512495,0.290224,0.285164,0.461581,0.253256,1.0132644395799333,15.46,610.8
exp-b936792144ec3617,model,,C0_spread_only,CORE,logistic,C=0.01;class_weight=balanced,F1,103517,38392,calibrated,0.371262,0.372441,0.410685,1.080552,0.65299,0.028992,0.314606,0.512495,0.290224,0.285164,0.461581,0.253256,1.0132644395799333,15.46,610.8
exp-b936792144ec3617,model,,C0_spread_only,CORE,logistic,C=0.01;class_weight=balanced,F2,141909,38024,uncalibrated,0.374885,0.374973,0.418841,1.078479,0.651935,0.040132,0.27973,0.551383,0.293805,0.246765,0.495529,0.257706,0.8999280598233357,21.98,610.8
exp-b936792144ec3617,model,,C0_spread_only,CORE,logistic,C=0.01;class_weight=balanced,F2,141909,38024,calibrated,0.374885,0.374973,0.418841,1.0779,0.651351,0.035451,0.27973,0.551383,0.293805,0.246765,0.495529,0.257706,0.8999280598233357,21.98,610.8
exp-b936792144ec3617,model,,C0_spread_only,CORE,logistic,C=0.01;class_weight=balanced,F3,179933,39063,uncalibrated,0.361555,0.367837,0.391931,1.087737,0.657981,0.021891,0.311886,0.44817,0.343456,0.28902,0.402043,0.308937,1.00427260587084,28.42,704.4
exp-b936792144ec3617,model,,C0_spread_only,CORE,logistic,C=0.01;class_weight=balanced,F3,179933,39063,calibrated,0.361555,0.367837,0.391931,1.087731,0.657986,0.022003,0.311886,0.44817,0.343456,0.28902,0.402043,0.308937,1.00427260587084,28.42,704.4
exp-b936792144ec3617,model,,C0_spread_only,CORE,logistic,C=0.01;class_weight=balanced,F4,218996,39063,uncalibrated,0.366831,0.37268,0.399278,1.086929,0.657319,0.026067,0.320363,0.460044,0.337634,0.288995,0.409672,0.301334,1.088895308062994,32.64,704.4
exp-b936792144ec3617,model,,C0_spread_only,CORE,logistic,C=0.01;class_weight=balanced,F4,218996,39063,calibrated,0.366831,0.37268,0.399278,1.086926,0.657489,0.029042,0.320363,0.460044,0.337634,0.288995,0.409672,0.301334,1.088895308062994,32.64,704.4
exp-b936792144ec3617,model,,C0_spread_only,CORE,logistic,C=0.01;class_weight=balanced,F5,258059,38741,uncalibrated,0.355412,0.366337,0.369015,1.097272,0.664014,0.015256,0.321766,0.378168,0.399077,0.300612,0.333084,0.366304,1.1143091786945418,38.47,910.7
exp-b936792144ec3617,model,,C0_spread_only,CORE,logistic,C=0.01;class_weight=balanced,F5,258059,38741,calibrated,0.355412,0.366337,0.369015,1.096158,0.663561,0.015029,0.321766,0.378168,0.399077,0.300612,0.333084,0.366304,1.1143091786945418,38.47,910.7
exp-b9db0eb580e963c5,model,,C2_pessimistic,CORE,logistic,C=0.01;class_weight=None,F1,103517,38392,uncalibrated,0.274464,0.337652,0.652818,0.872615,0.504558,0.012089,0.003674,0.995968,0.013313,0.002032,0.991925,0.006043,0.8941024402143922,18.14,611.3
exp-b9db0eb580e963c5,model,,C2_pessimistic,CORE,logistic,C=0.01;class_weight=None,F1,103517,38392,calibrated,0.274464,0.337652,0.652818,0.875895,0.506577,0.035549,0.003674,0.995968,0.013313,0.002032,0.991925,0.006043,0.8941024402143922,18.14,611.3
exp-b9db0eb580e963c5,model,,C2_pessimistic,CORE,logistic,C=0.01;class_weight=None,F2,141909,38024,uncalibrated,0.269878,0.336314,0.649563,0.878078,0.508406,0.022764,0.002383,0.997812,0.008748,0.00092,0.995108,0.003971,1.0712363191646046,23.16,611.3
exp-b9db0eb580e963c5,model,,C2_pessimistic,CORE,logistic,C=0.01;class_weight=None,F2,141909,38024,calibrated,0.269878,0.336314,0.649563,0.87685,0.507612,0.009826,0.002383,0.997812,0.008748,0.00092,0.995108,0.003971,1.0712363191646046,23.16,611.3
exp-b9db0eb580e963c5,model,,C2_pessimistic,CORE,logistic,C=0.01;class_weight=None,F3,179933,39063,uncalibrated,0.27892,0.335068,0.697719,0.811225,0.460529,0.028699,0.002342,0.997873,0.004988,0.001126,0.996186,0.002688,1.0472553270126985,29.08,690.1
exp-b9db0eb580e963c5,model,,C2_pessimistic,CORE,logistic,C=0.01;class_weight=None,F3,179933,39063,calibrated,0.27892,0.335068,0.697719,0.813486,0.462003,0.042293,0.002342,0.997873,0.004988,0.001126,0.996186,0.002688,1.0472553270126985,29.08,690.1
exp-b9db0eb580e963c5,model,,C2_pessimistic,CORE,logistic,C=0.01;class_weight=None,F4,218996,39063,uncalibrated,0.277412,0.33598,0.683562,0.830308,0.474406,0.021798,0.001953,0.99779,0.008198,0.001254,0.995648,0.003098,0.9106794319471857,32.97,731.0
exp-b9db0eb580e963c5,model,,C2_pessimistic,CORE,logistic,C=0.01;class_weight=None,F4,218996,39063,calibrated,0.277412,0.33598,0.683562,0.829347,0.47378,0.009326,0.001953,0.99779,0.008198,0.001254,0.995648,0.003098,0.9106794319471857,32.97,731.0
exp-b9db0eb580e963c5,model,,C2_pessimistic,CORE,logistic,C=0.01;class_weight=None,F5,258059,38741,uncalibrated,0.271914,0.33618,0.651532,0.874116,0.505685,0.009716,0.002885,0.995094,0.010562,0.001704,0.991869,0.006427,0.92110095270862,42.06,814.1
exp-b9db0eb580e963c5,model,,C2_pessimistic,CORE,logistic,C=0.01;class_weight=None,F5,258059,38741,calibrated,0.271914,0.33618,0.651532,0.875831,0.506752,0.026705,0.002885,0.995094,0.010562,0.001704,0.991869,0.006427,0.92110095270862,42.06,814.1
exp-bf9ae61857d62fa9,model,,C2_pessimistic,CONDITIONAL,logistic,C=0.1;class_weight=balanced,F1,103517,38392,uncalibrated,0.350572,0.375649,0.423448,1.091574,0.658179,0.0389,0.21543,0.477088,0.43443,0.190248,0.434778,0.374974,0.9372146024637632,19.37,814.1
exp-bf9ae61857d62fa9,model,,C2_pessimistic,CONDITIONAL,logistic,C=0.1;class_weight=balanced,F1,103517,38392,calibrated,0.350572,0.375649,0.423448,1.092326,0.658188,0.035704,0.21543,0.477088,0.43443,0.190248,0.434778,0.374974,0.9372146024637632,19.37,814.1
exp-bf9ae61857d62fa9,model,,C2_pessimistic,CONDITIONAL,logistic,C=0.1;class_weight=balanced,F2,141909,38024,uncalibrated,0.37052,0.374274,0.556833,1.026287,0.614617,0.148981,0.117796,0.760079,0.244947,0.094046,0.720624,0.18533,0.5988408116597439,22.44,814.1
exp-bf9ae61857d62fa9,model,,C2_pessimistic,CONDITIONAL,logistic,C=0.1;class_weight=balanced,F2,141909,38024,calibrated,0.37052,0.374274,0.556833,1.001916,0.594288,0.100503,0.117796,0.760079,0.244947,0.094046,0.720624,0.18533,0.5988408116597439,22.44,814.1
exp-bf9ae61857d62fa9,model,,C2_pessimistic,CONDITIONAL,logistic,C=0.1;class_weight=balanced,F3,179933,39063,uncalibrated,0.355497,0.375761,0.480199,1.070933,0.64473,0.093989,0.176116,0.567437,0.383729,0.152472,0.530604,0.316924,0.8667488414665513,29.02,833.8
exp-bf9ae61857d62fa9,model,,C2_pessimistic,CONDITIONAL,logistic,C=0.1;class_weight=balanced,F3,179933,39063,calibrated,0.355497,0.375761,0.480199,1.069567,0.642862,0.08614,0.176116,0.567437,0.383729,0.152472,0.530604,0.316924,0.8667488414665513,29.02,833.8
exp-bf9ae61857d62fa9,model,,C2_pessimistic,CONDITIONAL,logistic,C=0.1;class_weight=balanced,F4,218996,39063,uncalibrated,0.362236,0.383071,0.458695,1.081213,0.651086,0.070639,0.255534,0.526856,0.366822,0.214448,0.486087,0.299465,0.9362298340496743,31.82,942.4
exp-bf9ae61857d62fa9,model,,C2_pessimistic,CONDITIONAL,logistic,C=0.1;class_weight=balanced,F4,218996,39063,calibrated,0.362236,0.383071,0.458695,1.08131,0.650663,0.067035,0.255534,0.526856,0.366822,0.214448,0.486087,0.299465,0.9362298340496743,31.82,942.4
exp-bf9ae61857d62fa9,model,,C2_pessimistic,CONDITIONAL,logistic,C=0.1;class_weight=balanced,F5,258059,38741,uncalibrated,0.359918,0.3776,0.433572,1.092811,0.658419,0.047503,0.315205,0.494619,0.322976,0.281846,0.452647,0.265507,0.8088079257169274,41.91,969.1
exp-bf9ae61857d62fa9,model,,C2_pessimistic,CONDITIONAL,logistic,C=0.1;class_weight=balanced,F5,258059,38741,calibrated,0.359918,0.3776,0.433572,1.096429,0.658653,0.035624,0.315205,0.494619,0.322976,0.281846,0.452647,0.265507,0.8088079257169274,41.91,969.1
exp-c33dc703b9ab720f,ablation,ablate:structure,C1_moderate,CORE,lightgbm,n_estimators=400;num_leaves=31,F1,103517,38392,uncalibrated,0.358612,0.366394,0.40373,1.080635,0.653437,0.011758,0.280498,0.472726,0.345959,0.255548,0.434205,0.310247,1.2395745373972096,24.76,1124.1
exp-c33dc703b9ab720f,ablation,ablate:structure,C1_moderate,CORE,lightgbm,n_estimators=400;num_leaves=31,F1,103517,38392,calibrated,0.358612,0.366394,0.40373,1.079704,0.653104,0.009357,0.280498,0.472726,0.345959,0.255548,0.434205,0.310247,1.2395745373972096,24.76,1124.1
exp-c33dc703b9ab720f,ablation,ablate:structure,C1_moderate,CORE,lightgbm,n_estimators=400;num_leaves=31,F2,141909,38024,uncalibrated,0.368762,0.370486,0.443115,1.063115,0.641325,0.031373,0.215284,0.589617,0.306556,0.18825,0.543709,0.268041,0.9717927661250224,28.76,1124.1
exp-c33dc703b9ab720f,ablation,ablate:structure,C1_moderate,CORE,lightgbm,n_estimators=400;num_leaves=31,F2,141909,38024,calibrated,0.368762,0.370486,0.443115,1.062894,0.641117,0.029183,0.215284,0.589617,0.306556,0.18825,0.543709,0.268041,0.9717927661250224,28.76,1124.1
exp-c33dc703b9ab720f,ablation,ablate:structure,C1_moderate,CORE,lightgbm,n_estimators=400;num_leaves=31,F3,179933,39063,uncalibrated,0.361336,0.36705,0.428052,1.069969,0.646155,0.028756,0.284767,0.521102,0.295281,0.260835,0.480224,0.258941,0.9355724023683641,33.76,1124.1
exp-c33dc703b9ab720f,ablation,ablate:structure,C1_moderate,CORE,lightgbm,n_estimators=400;num_leaves=31,F3,179933,39063,calibrated,0.361336,0.36705,0.428052,1.069645,0.645808,0.024934,0.284767,0.521102,0.295281,0.260835,0.480224,0.258941,0.9355724023683641,33.76,1124.1
exp-c33dc703b9ab720f,ablation,ablate:structure,C1_moderate,CORE,lightgbm,n_estimators=400;num_leaves=31,F4,218996,39063,uncalibrated,0.35718,0.36518,0.412052,1.076082,0.650361,0.018596,0.322552,0.486758,0.286229,0.294166,0.447687,0.258147,0.8766314737473793,38.67,1124.1
exp-c33dc703b9ab720f,ablation,ablate:structure,C1_moderate,CORE,lightgbm,n_estimators=400;num_leaves=31,F4,218996,39063,calibrated,0.35718,0.36518,0.412052,1.076363,0.650274,0.013508,0.322552,0.486758,0.286229,0.294166,0.447687,0.258147,0.8766314737473793,38.67,1124.1
exp-c33dc703b9ab720f,ablation,ablate:structure,C1_moderate,CORE,lightgbm,n_estimators=400;num_leaves=31,F5,258059,38741,uncalibrated,0.361826,0.369435,0.40159,1.082987,0.654784,0.014026,0.31777,0.463643,0.326893,0.29039,0.420872,0.288738,0.9469513419885153,43.67,1124.1
exp-c33dc703b9ab720f,ablation,ablate:structure,C1_moderate,CORE,lightgbm,n_estimators=400;num_leaves=31,F5,258059,38741,calibrated,0.361826,0.369435,0.40159,1.083345,0.654889,0.013173,0.31777,0.463643,0.326893,0.29039,0.420872,0.288738,0.9469513419885153,43.67,1124.1
exp-c3482b4cb7e455bd,model,,C1_moderate,CORE,logistic,C=1.0;class_weight=balanced,F1,103517,38392,uncalibrated,0.365843,0.36971,0.421937,1.083781,0.654491,0.042376,0.299467,0.517252,0.292412,0.273651,0.472859,0.25349,0.9623329300981007,13.05,609.8
exp-c3482b4cb7e455bd,model,,C1_moderate,CORE,logistic,C=1.0;class_weight=balanced,F1,103517,38392,calibrated,0.365843,0.36971,0.421937,1.083769,0.654323,0.040684,0.299467,0.517252,0.292412,0.273651,0.472859,0.25349,0.9623329300981007,13.05,609.8
exp-c3482b4cb7e455bd,model,,C1_moderate,CORE,logistic,C=1.0;class_weight=balanced,F2,141909,38024,uncalibrated,0.375928,0.377208,0.438907,1.076535,0.649974,0.056039,0.275396,0.562761,0.293468,0.242636,0.510704,0.24666,1.0297876626911546,21.6,655.7
exp-c3482b4cb7e455bd,model,,C1_moderate,CORE,logistic,C=1.0;class_weight=balanced,F2,141909,38024,calibrated,0.375928,0.377208,0.438907,1.076763,0.650212,0.057448,0.275396,0.562761,0.293468,0.242636,0.510704,0.24666,1.0297876626911546,21.6,655.7
exp-c3482b4cb7e455bd,model,,C1_moderate,CORE,logistic,C=1.0;class_weight=balanced,F3,179933,39063,uncalibrated,0.360061,0.366403,0.424519,1.083495,0.654577,0.047654,0.282263,0.513261,0.303685,0.263856,0.470932,0.265213,0.9385892604675625,26.37,748.7
exp-c3482b4cb7e455bd,model,,C1_moderate,CORE,logistic,C=1.0;class_weight=balanced,F3,179933,39063,calibrated,0.360061,0.366403,0.424519,1.083398,0.654301,0.044898,0.282263,0.513261,0.303685,0.263856,0.470932,0.265213,0.9385892604675625,26.37,748.7
exp-c3482b4cb7e455bd,model,,C1_moderate,CORE,logistic,C=1.0;class_weight=balanced,F4,218996,39063,uncalibrated,0.364603,0.371222,0.424391,1.083798,0.654601,0.048364,0.295495,0.508951,0.309222,0.264419,0.4664,0.269181,0.8556082804079042,32.84,748.7
exp-c3482b4cb7e455bd,model,,C1_moderate,CORE,logistic,C=1.0;class_weight=balanced,F4,218996,39063,calibrated,0.364603,0.371222,0.424391,1.083953,0.654079,0.04149,0.295495,0.508951,0.309222,0.264419,0.4664,0.269181,0.8556082804079042,32.84,748.7
exp-c3482b4cb7e455bd,model,,C1_moderate,CORE,logistic,C=1.0;class_weight=balanced,F5,258059,38741,uncalibrated,0.355847,0.36827,0.386825,1.097867,0.663822,0.015897,0.306298,0.423677,0.374834,0.284866,0.379908,0.335226,1.038232544358666,39.63,748.7
exp-c3482b4cb7e455bd,model,,C1_moderate,CORE,logistic,C=1.0;class_weight=balanced,F5,258059,38741,calibrated,0.355847,0.36827,0.386825,1.097405,0.663666,0.016708,0.306298,0.423677,0.374834,0.284866,0.379908,0.335226,1.038232544358666,39.63,748.7
exp-c453bd5a7dcbaa20,ablation,ablate:micro,C2_pessimistic,CORE,lightgbm,n_estimators=400;num_leaves=31,F1,103517,38392,uncalibrated,0.353277,0.371564,0.424542,1.071244,0.646033,0.010314,0.298016,0.482476,0.3342,0.264378,0.446187,0.289435,0.9287288610043443,37.34,1124.1
exp-c453bd5a7dcbaa20,ablation,ablate:micro,C2_pessimistic,CORE,lightgbm,n_estimators=400;num_leaves=31,F1,103517,38392,calibrated,0.353277,0.371564,0.424542,1.071963,0.64621,0.013279,0.298016,0.482476,0.3342,0.264378,0.446187,0.289435,0.9287288610043443,37.34,1124.1
exp-c453bd5a7dcbaa20,ablation,ablate:micro,C2_pessimistic,CORE,lightgbm,n_estimators=400;num_leaves=31,F2,141909,38024,uncalibrated,0.365112,0.374245,0.468309,1.046865,0.629559,0.046811,0.215339,0.573159,0.334238,0.180965,0.534715,0.28432,0.9701058379591735,44.72,1124.1
exp-c453bd5a7dcbaa20,ablation,ablate:micro,C2_pessimistic,CORE,lightgbm,n_estimators=400;num_leaves=31,F2,141909,38024,calibrated,0.365112,0.374245,0.468309,1.046324,0.629095,0.044446,0.215339,0.573159,0.334238,0.180965,0.534715,0.28432,0.9701058379591735,44.72,1124.1
exp-c453bd5a7dcbaa20,ablation,ablate:micro,C2_pessimistic,CORE,lightgbm,n_estimators=400;num_leaves=31,F3,179933,39063,uncalibrated,0.358047,0.369852,0.485472,1.044524,0.627973,0.071717,0.25623,0.581225,0.272102,0.228938,0.543916,0.227146,0.8451180756825708,47.96,1124.1
exp-c453bd5a7dcbaa20,ablation,ablate:micro,C2_pessimistic,CORE,lightgbm,n_estimators=400;num_leaves=31,F3,179933,39063,calibrated,0.358047,0.369852,0.485472,1.040733,0.624723,0.05751,0.25623,0.581225,0.272102,0.228938,0.543916,0.227146,0.8451180756825708,47.96,1124.1
exp-c453bd5a7dcbaa20,ablation,ablate:micro,C2_pessimistic,CORE,lightgbm,n_estimators=400;num_leaves=31,F4,218996,39063,uncalibrated,0.360495,0.375727,0.466298,1.055711,0.635624,0.056633,0.316081,0.548281,0.262819,0.269488,0.511917,0.218596,0.6480548424517731,59.06,1124.1
exp-c453bd5a7dcbaa20,ablation,ablate:micro,C2_pessimistic,CORE,lightgbm,n_estimators=400;num_leaves=31,F4,218996,39063,calibrated,0.360495,0.375727,0.466298,1.053824,0.631629,0.020317,0.316081,0.548281,0.262819,0.269488,0.511917,0.218596,0.6480548424517731,59.06,1124.1
exp-c453bd5a7dcbaa20,ablation,ablate:micro,C2_pessimistic,CORE,lightgbm,n_estimators=400;num_leaves=31,F5,258059,38741,uncalibrated,0.361008,0.370967,0.454325,1.062993,0.640351,0.047494,0.288373,0.545023,0.279504,0.256085,0.50613,0.237784,0.708262139413148,59.17,1124.1
exp-c453bd5a7dcbaa20,ablation,ablate:micro,C2_pessimistic,CORE,lightgbm,n_estimators=400;num_leaves=31,F5,258059,38741,calibrated,0.361008,0.370967,0.454325,1.062826,0.638117,0.022008,0.288373,0.545023,0.279504,0.256085,0.50613,0.237784,0.708262139413148,59.17,1124.1
exp-c51ad1dc7fc88f32,model,,C1_moderate,CORE,lightgbm,n_estimators=150;num_leaves=31,F1,103517,38392,uncalibrated,0.362516,0.371163,0.406309,1.082751,0.654594,0.013748,0.286307,0.471353,0.35583,0.259429,0.428032,0.312539,1.0319131993921797,30.14,609.8
exp-c51ad1dc7fc88f32,model,,C1_moderate,CORE,lightgbm,n_estimators=150;num_leaves=31,F1,103517,38392,calibrated,0.362516,0.371163,0.406309,1.082692,0.65462,0.015127,0.286307,0.471353,0.35583,0.259429,0.428032,0.312539,1.0319131993921797,30.14,609.8
exp-c51ad1dc7fc88f32,model,,C1_moderate,CORE,lightgbm,n_estimators=150;num_leaves=31,F2,141909,38024,uncalibrated,0.371747,0.374423,0.440669,1.068355,0.644936,0.046708,0.219944,0.574555,0.32877,0.190511,0.525984,0.283505,0.8704381185354368,38.93,655.7
exp-c51ad1dc7fc88f32,model,,C1_moderate,CORE,lightgbm,n_estimators=150;num_leaves=31,F2,141909,38024,calibrated,0.371747,0.374423,0.440669,1.066958,0.643694,0.03795,0.219944,0.574555,0.32877,0.190511,0.525984,0.283505,0.8704381185354368,38.93,655.7
exp-c51ad1dc7fc88f32,model,,C1_moderate,CORE,lightgbm,n_estimators=150;num_leaves=31,F3,179933,39063,uncalibrated,0.362511,0.366799,0.434887,1.07155,0.647224,0.046966,0.277006,0.538712,0.28468,0.255766,0.49689,0.247344,0.8077837236212847,46.86,748.7
exp-c51ad1dc7fc88f32,model,,C1_moderate,CORE,lightgbm,n_estimators=150;num_leaves=31,F3,179933,39063,calibrated,0.362511,0.366799,0.434887,1.069869,0.645599,0.034645,0.277006,0.538712,0.28468,0.255766,0.49689,0.247344,0.8077837236212847,46.86,748.7
exp-c51ad1dc7fc88f32,model,,C1_moderate,CORE,lightgbm,n_estimators=150;num_leaves=31,F4,218996,39063,uncalibrated,0.364048,0.369936,0.426465,1.075415,0.649843,0.039933,0.308205,0.516493,0.285111,0.275376,0.472493,0.252131,0.7186134576528314,54.76,748.7
exp-c51ad1dc7fc88f32,model,,C1_moderate,CORE,lightgbm,n_estimators=150;num_leaves=31,F4,218996,39063,calibrated,0.364048,0.369936,0.426465,1.075071,0.648633,0.022571,0.308205,0.516493,0.285111,0.275376,0.472493,0.252131,0.7186134576528314,54.76,748.7
exp-c51ad1dc7fc88f32,model,,C1_moderate,CORE,lightgbm,n_estimators=150;num_leaves=31,F5,258059,38741,uncalibrated,0.363554,0.371382,0.403061,1.084448,0.655897,0.021057,0.320523,0.464195,0.329429,0.29088,0.419814,0.289306,0.8303259558641904,62.47,748.7
exp-c51ad1dc7fc88f32,model,,C1_moderate,CORE,lightgbm,n_estimators=150;num_leaves=31,F5,258059,38741,calibrated,0.363554,0.371382,0.403061,1.085396,0.656038,0.015524,0.320523,0.464195,0.329429,0.29088,0.419814,0.289306,0.8303259558641904,62.47,748.7
exp-c632f6b1bac58962,model,,C1_moderate,REGIME,lightgbm,n_estimators=150;num_leaves=31,F1,103517,38392,uncalibrated,0.361579,0.370263,0.404642,1.08223,0.654282,0.013063,0.290219,0.468195,0.352375,0.259585,0.426391,0.314024,1.0566501335923573,30.11,893.5
exp-c632f6b1bac58962,model,,C1_moderate,REGIME,lightgbm,n_estimators=150;num_leaves=31,F1,103517,38392,calibrated,0.361579,0.370263,0.404642,1.082178,0.654353,0.015318,0.290219,0.468195,0.352375,0.259585,0.426391,0.314024,1.0566501335923573,30.11,893.5
exp-c632f6b1bac58962,model,,C1_moderate,REGIME,lightgbm,n_estimators=150;num_leaves=31,F2,141909,38024,uncalibrated,0.370589,0.372903,0.442852,1.067384,0.644314,0.048207,0.214702,0.584123,0.319885,0.189065,0.535609,0.275326,0.8566161748175757,38.54,893.5
exp-c632f6b1bac58962,model,,C1_moderate,REGIME,lightgbm,n_estimators=150;num_leaves=31,F2,141909,38024,calibrated,0.370589,0.372903,0.442852,1.065718,0.642866,0.0382,0.214702,0.584123,0.319885,0.189065,0.535609,0.275326,0.8566161748175757,38.54,893.5
exp-c632f6b1bac58962,model,,C1_moderate,REGIME,lightgbm,n_estimators=150;num_leaves=31,F3,179933,39063,uncalibrated,0.360737,0.36561,0.43033,1.07224,0.647674,0.043282,0.287646,0.5289,0.280284,0.26319,0.487443,0.249366,0.7993672826266509,50.81,893.5
exp-c632f6b1bac58962,model,,C1_moderate,REGIME,lightgbm,n_estimators=150;num_leaves=31,F3,179933,39063,calibrated,0.360737,0.36561,0.43033,1.070644,0.646073,0.033008,0.287646,0.5289,0.280284,0.26319,0.487443,0.249366,0.7993672826266509,50.81,893.5
exp-c632f6b1bac58962,model,,C1_moderate,REGIME,lightgbm,n_estimators=150;num_leaves=31,F4,218996,39063,uncalibrated,0.361844,0.367222,0.425825,1.075612,0.649998,0.03913,0.306821,0.51918,0.275665,0.2796,0.475591,0.24481,0.7239662658719318,53.77,893.5
exp-c632f6b1bac58962,model,,C1_moderate,REGIME,lightgbm,n_estimators=150;num_leaves=31,F4,218996,39063,calibrated,0.361844,0.367222,0.425825,1.07532,0.648869,0.022252,0.306821,0.51918,0.275665,0.2796,0.475591,0.24481,0.7239662658719318,53.77,893.5
exp-c632f6b1bac58962,model,,C1_moderate,REGIME,lightgbm,n_estimators=150;num_leaves=31,F5,258059,38741,uncalibrated,0.359339,0.36706,0.398338,1.084748,0.656112,0.02506,0.32603,0.4584,0.316749,0.297488,0.416897,0.285615,0.8283180414881033,67.4,893.5
exp-c632f6b1bac58962,model,,C1_moderate,REGIME,lightgbm,n_estimators=150;num_leaves=31,F5,258059,38741,calibrated,0.359339,0.36706,0.398338,1.085729,0.656277,0.019837,0.32603,0.4584,0.316749,0.297488,0.416897,0.285615,0.8283180414881033,67.4,893.5
exp-c970f017419ec191,model,,C1_moderate,CORE,lightgbm,n_estimators=400;num_leaves=15,F1,103517,38392,uncalibrated,0.359394,0.368831,0.401542,1.083462,0.655162,0.007363,0.281091,0.462292,0.363109,0.254454,0.4204,0.325146,1.1500381588275985,56.63,609.8
exp-c970f017419ec191,model,,C1_moderate,CORE,lightgbm,n_estimators=400;num_leaves=15,F1,103517,38392,calibrated,0.359394,0.368831,0.401542,1.082978,0.655085,0.01116,0.281091,0.462292,0.363109,0.254454,0.4204,0.325146,1.1500381588275985,56.63,609.8
exp-c970f017419ec191,model,,C1_moderate,CORE,lightgbm,n_estimators=400;num_leaves=15,F2,141909,38024,uncalibrated,0.370504,0.372985,0.440616,1.066406,0.643582,0.040106,0.217614,0.577255,0.324087,0.189039,0.531007,0.279955,0.9709232073872401,72.11,655.7
exp-c970f017419ec191,model,,C1_moderate,CORE,lightgbm,n_estimators=400;num_leaves=15,F2,141909,38024,calibrated,0.370504,0.372985,0.440616,1.066104,0.643319,0.038137,0.217614,0.577255,0.324087,0.189039,0.531007,0.279955,0.9709232073872401,72.11,655.7
exp-c970f017419ec191,model,,C1_moderate,CORE,lightgbm,n_estimators=400;num_leaves=15,F3,179933,39063,uncalibrated,0.363847,0.368859,0.433479,1.070708,0.646561,0.041644,0.288146,0.531942,0.28649,0.261731,0.490413,0.247856,0.8755781705134704,87.79,748.7
exp-c970f017419ec191,model,,C1_moderate,CORE,lightgbm,n_estimators=400;num_leaves=15,F3,179933,39063,calibrated,0.363847,0.368859,0.433479,1.069722,0.645587,0.033756,0.288146,0.531942,0.28649,0.261731,0.490413,0.247856,0.8755781705134704,87.79,748.7
exp-c970f017419ec191,model,,C1_moderate,CORE,lightgbm,n_estimators=400;num_leaves=15,F4,218996,39063,uncalibrated,0.361423,0.367649,0.422215,1.076203,0.650309,0.034539,0.309086,0.509124,0.284738,0.277526,0.466042,0.256432,0.7818415941975407,104.21,748.7
exp-c970f017419ec191,model,,C1_moderate,CORE,lightgbm,n_estimators=400;num_leaves=15,F4,218996,39063,calibrated,0.361423,0.367649,0.422215,1.076417,0.64974,0.021814,0.309086,0.509124,0.284738,0.277526,0.466042,0.256432,0.7818415941975407,104.21,748.7
exp-c970f017419ec191,model,,C1_moderate,CORE,lightgbm,n_estimators=400;num_leaves=15,F5,258059,38741,uncalibrated,0.358685,0.366723,0.396841,1.084979,0.656138,0.018369,0.3258,0.454721,0.319647,0.29834,0.414109,0.287551,0.9305532608701694,118.06,748.7
exp-c970f017419ec191,model,,C1_moderate,CORE,lightgbm,n_estimators=400;num_leaves=15,F5,258059,38741,calibrated,0.358685,0.366723,0.396841,1.085388,0.656236,0.017341,0.3258,0.454721,0.319647,0.29834,0.414109,0.287551,0.9305532608701694,118.06,748.7
exp-cbbe80620af9efe4,model,,C1_moderate,CORE,logistic,C=0.1;class_weight=None,F1,103517,38392,uncalibrated,0.256598,0.338607,0.570223,0.969886,0.574573,0.010278,0.005216,0.993456,0.01715,0.003464,0.987055,0.009481,0.8656526325921624,16.01,609.8
exp-cbbe80620af9efe4,model,,C1_moderate,CORE,logistic,C=0.1;class_weight=None,F1,103517,38392,calibrated,0.256598,0.338607,0.570223,0.974083,0.577397,0.041985,0.005216,0.993456,0.01715,0.003464,0.987055,0.009481,0.8656526325921624,16.01,609.8
exp-cbbe80620af9efe4,model,,C1_moderate,CORE,logistic,C=0.1;class_weight=None,F2,141909,38024,uncalibrated,0.247632,0.336564,0.555754,0.985932,0.586229,0.038965,0.004077,0.995169,0.010447,0.00242,0.991426,0.006154,1.132769392946479,23.43,655.7
exp-cbbe80620af9efe4,model,,C1_moderate,CORE,logistic,C=0.1;class_weight=None,F2,141909,38024,calibrated,0.247632,0.336564,0.555754,0.982945,0.584094,0.012296,0.004077,0.995169,0.010447,0.00242,0.991426,0.006154,1.132769392946479,23.43,655.7
exp-cbbe80620af9efe4,model,,C1_moderate,CORE,logistic,C=0.1;class_weight=None,F3,179933,39063,uncalibrated,0.257498,0.335785,0.596908,0.942131,0.554498,0.01795,0.002629,0.994901,0.009825,0.002509,0.991399,0.006093,1.1004891934584373,26.25,748.7
exp-cbbe80620af9efe4,model,,C1_moderate,CORE,logistic,C=0.1;class_weight=None,F3,179933,39063,calibrated,0.257498,0.335785,0.596908,0.944816,0.556411,0.038578,0.002629,0.994901,0.009825,0.002509,0.991399,0.006093,1.1004891934584373,26.25,748.7
exp-cbbe80620af9efe4,model,,C1_moderate,CORE,logistic,C=0.1;class_weight=None,F4,218996,39063,uncalibrated,0.259157,0.337446,0.591122,0.947876,0.558871,0.017847,0.004782,0.994755,0.012801,0.00297,0.990323,0.006707,0.9375198648149408,31.47,748.7
exp-cbbe80620af9efe4,model,,C1_moderate,CORE,logistic,C=0.1;class_weight=None,F4,218996,39063,calibrated,0.259157,0.337446,0.591122,0.947221,0.55843,0.007473,0.004782,0.994755,0.012801,0.00297,0.990323,0.006707,0.9375198648149408,31.47,748.7
exp-cbbe80620af9efe4,model,,C1_moderate,CORE,logistic,C=0.1;class_weight=None,F5,258059,38741,uncalibrated,0.251912,0.337065,0.561008,0.978338,0.580816,0.010101,0.0039,0.992319,0.014974,0.002891,0.986991,0.010118,0.9169903260228851,38.14,748.7
exp-cbbe80620af9efe4,model,,C1_moderate,CORE,logistic,C=0.1;class_weight=None,F5,258059,38741,calibrated,0.251912,0.337065,0.561008,0.9795,0.581645,0.023735,0.0039,0.992319,0.014974,0.002891,0.986991,0.010118,0.9169903260228851,38.14,748.7
exp-d7a66cc2d72197a5,ablation,ablate:momentum,C0_spread_only,CORE,lightgbm,n_estimators=400;num_leaves=31,F1,103517,38392,uncalibrated,0.360277,0.364577,0.388623,1.086252,0.657519,0.022613,0.288415,0.453814,0.351502,0.267999,0.410502,0.321499,1.5273435857440365,26.79,1124.1
exp-d7a66cc2d72197a5,ablation,ablate:momentum,C0_spread_only,CORE,lightgbm,n_estimators=400;num_leaves=31,F1,103517,38392,calibrated,0.360277,0.364577,0.388623,1.084251,0.656489,0.008582,0.288415,0.453814,0.351502,0.267999,0.410502,0.321499,1.5273435857440365,26.79,1124.1
exp-d7a66cc2d72197a5,ablation,ablate:momentum,C0_spread_only,CORE,lightgbm,n_estimators=400;num_leaves=31,F2,141909,38024,uncalibrated,0.363137,0.364729,0.409163,1.075138,0.649886,0.01303,0.227372,0.544482,0.322333,0.208316,0.498895,0.292789,1.1153238351008605,32.88,1124.1
exp-d7a66cc2d72197a5,ablation,ablate:momentum,C0_spread_only,CORE,lightgbm,n_estimators=400;num_leaves=31,F2,141909,38024,calibrated,0.363137,0.364729,0.409163,1.075189,0.650041,0.016115,0.227372,0.544482,0.322333,0.208316,0.498895,0.292789,1.1153238351008605,32.88,1124.1
exp-d7a66cc2d72197a5,ablation,ablate:momentum,C0_spread_only,CORE,lightgbm,n_estimators=400;num_leaves=31,F3,179933,39063,uncalibrated,0.362498,0.366686,0.397998,1.079805,0.65316,0.014781,0.316636,0.470445,0.312976,0.291375,0.42347,0.285155,1.127355842008554,44.85,1124.1
exp-d7a66cc2d72197a5,ablation,ablate:momentum,C0_spread_only,CORE,lightgbm,n_estimators=400;num_leaves=31,F3,179933,39063,calibrated,0.362498,0.366686,0.397998,1.07978,0.653252,0.015339,0.316636,0.470445,0.312976,0.291375,0.42347,0.285155,1.127355842008554,44.85,1124.1
exp-d7a66cc2d72197a5,ablation,ablate:momentum,C0_spread_only,CORE,lightgbm,n_estimators=400;num_leaves=31,F4,218996,39063,uncalibrated,0.360233,0.365536,0.393237,1.080613,0.653745,0.016709,0.330312,0.456559,0.309736,0.306863,0.410696,0.282441,1.141558747714073,41.78,1124.1
exp-d7a66cc2d72197a5,ablation,ablate:momentum,C0_spread_only,CORE,lightgbm,n_estimators=400;num_leaves=31,F4,218996,39063,calibrated,0.360233,0.365536,0.393237,1.080452,0.653744,0.017292,0.330312,0.456559,0.309736,0.306863,0.410696,0.282441,1.141558747714073,41.78,1124.1
exp-d7a66cc2d72197a5,ablation,ablate:momentum,C0_spread_only,CORE,lightgbm,n_estimators=400;num_leaves=31,F5,258059,38741,uncalibrated,0.356898,0.362798,0.376526,1.088977,0.659131,0.020641,0.337782,0.415096,0.335516,0.317106,0.371957,0.310937,1.1219417258790776,48.95,1124.1
exp-d7a66cc2d72197a5,ablation,ablate:momentum,C0_spread_only,CORE,lightgbm,n_estimators=400;num_leaves=31,F5,258059,38741,calibrated,0.356898,0.362798,0.376526,1.087992,0.658644,0.01703,0.337782,0.415096,0.335516,0.317106,0.371957,0.310937,1.1219417258790776,48.95,1124.1
exp-db35586391335852,model,,C1_moderate,CORE,logistic,C=1.0;class_weight=None,F1,103517,38392,uncalibrated,0.257251,0.338864,0.570249,0.9698,0.574503,0.010181,0.004624,0.99309,0.018877,0.003021,0.986586,0.010393,0.8623503554649291,15.11,609.8
exp-db35586391335852,model,,C1_moderate,CORE,logistic,C=1.0;class_weight=None,F1,103517,38392,calibrated,0.257251,0.338864,0.570249,0.973828,0.577263,0.041649,0.004624,0.99309,0.018877,0.003021,0.986586,0.010393,0.8623503554649291,15.11,609.8
exp-db35586391335852,model,,C1_moderate,CORE,logistic,C=1.0;class_weight=None,F2,141909,38024,uncalibrated,0.247492,0.33654,0.555781,0.985608,0.586016,0.03759,0.003262,0.995311,0.011047,0.002025,0.991558,0.006417,1.1271453912239346,21.38,655.7
exp-db35586391335852,model,,C1_moderate,CORE,logistic,C=1.0;class_weight=None,F2,141909,38024,calibrated,0.247492,0.33654,0.555781,0.982857,0.584043,0.013243,0.003262,0.995311,0.011047,0.002025,0.991558,0.006417,1.1271453912239346,21.38,655.7
exp-db35586391335852,model,,C1_moderate,CORE,logistic,C=1.0;class_weight=None,F3,179933,39063,uncalibrated,0.257613,0.335897,0.597061,0.942095,0.554486,0.017077,0.002879,0.995115,0.009696,0.002637,0.991578,0.005786,1.1057065705948252,26.84,748.7
exp-db35586391335852,model,,C1_moderate,CORE,logistic,C=1.0;class_weight=None,F3,179933,39063,calibrated,0.257613,0.335897,0.597061,0.944903,0.556485,0.038924,0.002879,0.995115,0.009696,0.002637,0.991578,0.005786,1.1057065705948252,26.84,748.7
exp-db35586391335852,model,,C1_moderate,CORE,logistic,C=1.0;class_weight=None,F4,218996,39063,uncalibrated,0.258862,0.33738,0.591199,0.947824,0.558806,0.016477,0.004279,0.995059,0.012801,0.002739,0.990605,0.006656,0.9368605504591214,30.89,748.7
exp-db35586391335852,model,,C1_moderate,CORE,logistic,C=1.0;class_weight=None,F4,218996,39063,calibrated,0.258862,0.33738,0.591199,0.947255,0.558429,0.008279,0.004279,0.995059,0.012801,0.002739,0.990605,0.006656,0.9368605504591214,30.89,748.7
exp-db35586391335852,model,,C1_moderate,CORE,logistic,C=1.0;class_weight=None,F5,258059,38741,uncalibrated,0.252159,0.337074,0.560879,0.978325,0.580813,0.010797,0.004703,0.991905,0.014612,0.003485,0.986707,0.009809,0.9233905034135576,39.63,748.7
exp-db35586391335852,model,,C1_moderate,CORE,logistic,C=1.0;class_weight=None,F5,258059,38741,calibrated,0.252159,0.337074,0.560879,0.979439,0.581602,0.023287,0.004703,0.991905,0.014612,0.003485,0.986707,0.009809,0.9233905034135576,39.63,748.7
exp-e30b3ea76cd8d945,control,control:session_only,C1_moderate,CORE,lightgbm,n_estimators=400;num_leaves=31,F1,103517,38392,uncalibrated,0.349834,0.349759,0.44004,1.095694,0.664324,0.184272,0.215412,0.605116,0.228748,0.187539,0.583168,0.229293,0.8455276338294158,3.43,766.7
exp-e30b3ea76cd8d945,control,control:session_only,C1_moderate,CORE,lightgbm,n_estimators=400;num_leaves=31,F1,103517,38392,calibrated,0.349834,0.349759,0.44004,1.095542,0.664062,0.183267,0.215412,0.605116,0.228748,0.187539,0.583168,0.229293,0.8455276338294158,3.43,766.7
exp-e30b3ea76cd8d945,control,control:session_only,C1_moderate,CORE,lightgbm,n_estimators=400;num_leaves=31,F2,141909,38024,uncalibrated,0.302478,0.354381,0.331948,1.095057,0.663887,0.136349,0.638281,0.281972,0.142891,0.600542,0.257443,0.142016,0.725379208278537,4.19,766.7
exp-e30b3ea76cd8d945,control,control:session_only,C1_moderate,CORE,lightgbm,n_estimators=400;num_leaves=31,F2,141909,38024,calibrated,0.302478,0.354381,0.331948,1.094706,0.663288,0.134342,0.638281,0.281972,0.142891,0.600542,0.257443,0.142016,0.725379208278537,4.19,766.7
exp-e30b3ea76cd8d945,control,control:session_only,C1_moderate,CORE,lightgbm,n_estimators=400;num_leaves=31,F3,179933,39063,uncalibrated,0.342206,0.347253,0.449274,1.095452,0.664057,0.204854,0.303292,0.603368,0.1351,0.276476,0.585285,0.138238,0.6111806022338709,5.3,766.7
exp-e30b3ea76cd8d945,control,control:session_only,C1_moderate,CORE,lightgbm,n_estimators=400;num_leaves=31,F3,179933,39063,calibrated,0.342206,0.347253,0.449274,1.095455,0.663212,0.200649,0.303292,0.603368,0.1351,0.276476,0.585285,0.138238,0.6111806022338709,5.3,766.7
exp-e30b3ea76cd8d945,control,control:session_only,C1_moderate,CORE,lightgbm,n_estimators=400;num_leaves=31,F4,218996,39063,uncalibrated,0.311572,0.350308,0.323682,1.095331,0.663977,0.15954,0.305437,0.280785,0.464703,0.276476,0.262729,0.460794,0.8152230044311886,5.55,766.7
exp-e30b3ea76cd8d945,control,control:session_only,C1_moderate,CORE,lightgbm,n_estimators=400;num_leaves=31,F4,218996,39063,calibrated,0.311572,0.350308,0.323682,1.09516,0.66361,0.158212,0.305437,0.280785,0.464703,0.276476,0.262729,0.460794,0.8152230044311886,5.55,766.7
exp-e30b3ea76cd8d945,control,control:session_only,C1_moderate,CORE,lightgbm,n_estimators=400;num_leaves=31,F5,258059,38741,uncalibrated,0.298603,0.351406,0.330683,1.095412,0.664069,0.141064,0.638178,0.282482,0.133559,0.604011,0.256602,0.139387,0.8231922361144242,6.38,766.7
exp-e30b3ea76cd8d945,control,control:session_only,C1_moderate,CORE,lightgbm,n_estimators=400;num_leaves=31,F5,258059,38741,calibrated,0.298603,0.351406,0.330683,1.095259,0.663746,0.139782,0.638178,0.282482,0.133559,0.604011,0.256602,0.139387,0.8231922361144242,6.38,766.7
exp-e49ae8a7647439bb,ablation,ablate:session,C0_spread_only,CORE,lightgbm,n_estimators=400;num_leaves=31,F1,103517,38392,uncalibrated,0.358747,0.362846,0.387398,1.086798,0.657853,0.02307,0.286725,0.453915,0.347897,0.267686,0.411414,0.3209,1.341212071516346,28.6,1080.6
exp-e49ae8a7647439bb,ablation,ablate:session,C0_spread_only,CORE,lightgbm,n_estimators=400;num_leaves=31,F1,103517,38392,calibrated,0.358747,0.362846,0.387398,1.084795,0.656775,0.01155,0.286725,0.453915,0.347897,0.267686,0.411414,0.3209,1.341212071516346,28.6,1080.6
exp-e49ae8a7647439bb,ablation,ablate:session,C0_spread_only,CORE,lightgbm,n_estimators=400;num_leaves=31,F2,141909,38024,uncalibrated,0.363321,0.364717,0.408453,1.076401,0.650729,0.009349,0.23183,0.541585,0.320737,0.214286,0.497028,0.288686,1.1992344529895433,35.19,1080.6
exp-e49ae8a7647439bb,ablation,ablate:session,C0_spread_only,CORE,lightgbm,n_estimators=400;num_leaves=31,F2,141909,38024,calibrated,0.363321,0.364717,0.408453,1.076667,0.651098,0.018266,0.23183,0.541585,0.320737,0.214286,0.497028,0.288686,1.1992344529895433,35.19,1080.6
exp-e49ae8a7647439bb,ablation,ablate:session,C0_spread_only,CORE,lightgbm,n_estimators=400;num_leaves=31,F3,179933,39063,uncalibrated,0.364757,0.36759,0.406164,1.076335,0.65087,0.013134,0.289431,0.49588,0.317459,0.265597,0.447047,0.287356,1.1518681564465034,45.18,1080.6
exp-e49ae8a7647439bb,ablation,ablate:session,C0_spread_only,CORE,lightgbm,n_estimators=400;num_leaves=31,F3,179933,39063,calibrated,0.364757,0.36759,0.406164,1.076803,0.651298,0.019025,0.289431,0.49588,0.317459,0.265597,0.447047,0.287356,1.1518681564465034,45.18,1080.6
exp-e49ae8a7647439bb,ablation,ablate:session,C0_spread_only,CORE,lightgbm,n_estimators=400;num_leaves=31,F4,218996,39063,uncalibrated,0.361336,0.364962,0.399508,1.07854,0.652393,0.012103,0.316715,0.47847,0.299702,0.292835,0.432174,0.274992,0.9983345615898964,46.14,1080.6
exp-e49ae8a7647439bb,ablation,ablate:session,C0_spread_only,CORE,lightgbm,n_estimators=400;num_leaves=31,F4,218996,39063,calibrated,0.361336,0.364962,0.399508,1.078542,0.652393,0.012062,0.316715,0.47847,0.299702,0.292835,0.432174,0.274992,0.9983345615898964,46.14,1080.6
exp-e49ae8a7647439bb,ablation,ablate:session,C0_spread_only,CORE,lightgbm,n_estimators=400;num_leaves=31,F5,258059,38741,uncalibrated,0.357337,0.362131,0.37934,1.088569,0.658913,0.018479,0.334394,0.427541,0.324458,0.313621,0.386593,0.299786,1.0766374794672497,53.66,1113.3
exp-e49ae8a7647439bb,ablation,ablate:session,C0_spread_only,CORE,lightgbm,n_estimators=400;num_leaves=31,F5,258059,38741,calibrated,0.357337,0.362131,0.37934,1.087958,0.658613,0.017657,0.334394,0.427541,0.324458,0.313621,0.386593,0.299786,1.0766374794672497,53.66,1113.3
exp-e548062f278ae064,model,,C0_spread_only,CONDITIONAL,logistic,C=0.1;class_weight=balanced,F1,103517,38392,uncalibrated,0.36488,0.37166,0.398026,1.085176,0.656041,0.021043,0.24068,0.470913,0.403386,0.217337,0.419775,0.362888,1.1852826285167168,17.04,920.1
exp-e548062f278ae064,model,,C0_spread_only,CONDITIONAL,logistic,C=0.1;class_weight=balanced,F1,103517,38392,calibrated,0.36488,0.37166,0.398026,1.085362,0.656556,0.02637,0.24068,0.470913,0.403386,0.217337,0.419775,0.362888,1.1852826285167168,17.04,920.1
exp-e548062f278ae064,model,,C0_spread_only,CONDITIONAL,logistic,C=0.1;class_weight=balanced,F2,141909,38024,uncalibrated,0.348818,0.36799,0.457921,1.062411,0.641007,0.0624,0.096527,0.73163,0.275814,0.080028,0.68604,0.233931,0.7242125742546712,22.72,920.1
exp-e548062f278ae064,model,,C0_spread_only,CONDITIONAL,logistic,C=0.1;class_weight=balanced,F2,141909,38024,calibrated,0.348818,0.36799,0.457921,1.057881,0.637264,0.039175,0.096527,0.73163,0.275814,0.080028,0.68604,0.233931,0.7242125742546712,22.72,920.1
exp-e548062f278ae064,model,,C0_spread_only,CONDITIONAL,logistic,C=0.1;class_weight=balanced,F3,179933,39063,uncalibrated,0.338893,0.364365,0.348642,1.102877,0.667775,0.035241,0.308108,0.314572,0.470417,0.288355,0.273251,0.438394,1.5718778154152282,30.63,920.1
exp-e548062f278ae064,model,,C0_spread_only,CONDITIONAL,logistic,C=0.1;class_weight=balanced,F3,179933,39063,calibrated,0.338893,0.364365,0.348642,1.098075,0.66545,0.031279,0.308108,0.314572,0.470417,0.288355,0.273251,0.438394,1.5718778154152282,30.63,920.1
exp-e548062f278ae064,model,,C0_spread_only,CONDITIONAL,logistic,C=0.1;class_weight=balanced,F4,218996,39063,uncalibrated,0.354342,0.369627,0.372757,1.095486,0.662794,0.02426,0.306434,0.379798,0.422649,0.278115,0.333922,0.387963,3.722743944870839,36.94,920.1
exp-e548062f278ae064,model,,C0_spread_only,CONDITIONAL,logistic,C=0.1;class_weight=balanced,F4,218996,39063,calibrated,0.354342,0.369627,0.372757,1.094888,0.663951,0.036732,0.306434,0.379798,0.422649,0.278115,0.333922,0.387963,3.722743944870839,36.94,920.1
exp-e548062f278ae064,model,,C0_spread_only,CONDITIONAL,logistic,C=0.1;class_weight=balanced,F5,258059,38741,uncalibrated,0.358595,0.367386,0.375313,1.095688,0.662937,0.015028,0.313655,0.399197,0.389306,0.292042,0.351049,0.356909,1.4489096631031297,38.66,940.4
exp-e548062f278ae064,model,,C0_spread_only,CONDITIONAL,logistic,C=0.1;class_weight=balanced,F5,258059,38741,calibrated,0.358595,0.367386,0.375313,1.093607,0.662353,0.018714,0.313655,0.399197,0.389306,0.292042,0.351049,0.356909,1.4489096631031297,38.66,940.4
exp-e633c9ab8b5afa39,model,,C1_moderate,CORE,logistic,C=0.01;class_weight=None,F1,103517,38392,uncalibrated,0.257021,0.338742,0.570171,0.970127,0.574727,0.012056,0.004505,0.99309,0.01863,0.003126,0.986586,0.010289,0.8733262348265336,17.67,609.8
exp-e633c9ab8b5afa39,model,,C1_moderate,CORE,logistic,C=0.01;class_weight=None,F1,103517,38392,calibrated,0.257021,0.338742,0.570171,0.974234,0.577527,0.042489,0.004505,0.99309,0.01863,0.003126,0.986586,0.010289,0.8733262348265336,17.67,609.8
exp-e633c9ab8b5afa39,model,,C1_moderate,CORE,logistic,C=0.01;class_weight=None,F2,141909,38024,uncalibrated,0.247474,0.336504,0.555728,0.985825,0.586156,0.037468,0.003728,0.995216,0.010567,0.002235,0.991532,0.006233,1.1228354487518675,23.04,655.7
exp-e633c9ab8b5afa39,model,,C1_moderate,CORE,logistic,C=0.01;class_weight=None,F2,141909,38024,calibrated,0.247474,0.336504,0.555728,0.983144,0.584224,0.013245,0.003728,0.995216,0.010567,0.002235,0.991532,0.006233,1.1228354487518675,23.04,655.7
exp-e633c9ab8b5afa39,model,,C1_moderate,CORE,logistic,C=0.01;class_weight=None,F3,179933,39063,uncalibrated,0.257376,0.335825,0.597087,0.942098,0.55448,0.018307,0.002879,0.995287,0.009308,0.002662,0.991808,0.00553,1.0991109931136038,28.16,748.7
exp-e633c9ab8b5afa39,model,,C1_moderate,CORE,logistic,C=0.01;class_weight=None,F3,179933,39063,calibrated,0.257376,0.335825,0.597087,0.944777,0.556386,0.038809,0.002879,0.995287,0.009308,0.002662,0.991808,0.00553,1.0991109931136038,28.16,748.7
exp-e633c9ab8b5afa39,model,,C1_moderate,CORE,logistic,C=0.01;class_weight=None,F4,218996,39063,uncalibrated,0.259034,0.337464,0.59125,0.947855,0.558819,0.016224,0.004531,0.995059,0.012801,0.002842,0.990579,0.006579,0.9383816204412105,35.7,748.7
exp-e633c9ab8b5afa39,model,,C1_moderate,CORE,logistic,C=0.01;class_weight=None,F4,218996,39063,calibrated,0.259034,0.337464,0.59125,0.947305,0.558455,0.009337,0.004531,0.995059,0.012801,0.002842,0.990579,0.006579,0.9383816204412105,35.7,748.7
exp-e633c9ab8b5afa39,model,,C1_moderate,CORE,logistic,C=0.01;class_weight=None,F5,258059,38741,uncalibrated,0.251753,0.337148,0.561292,0.978347,0.580837,0.011152,0.004474,0.992963,0.014008,0.003097,0.987713,0.009189,0.9207416535128393,42.75,748.7
exp-e633c9ab8b5afa39,model,,C1_moderate,CORE,logistic,C=0.01;class_weight=None,F5,258059,38741,calibrated,0.251753,0.337148,0.561292,0.979501,0.581658,0.023721,0.004474,0.992963,0.014008,0.003097,0.987713,0.009189,0.9207416535128393,42.75,748.7
exp-e69ad3be3e4c3fea,ablation,ablate:momentum,C1_moderate,CORE,lightgbm,n_estimators=400;num_leaves=31,F1,103517,38392,uncalibrated,0.357854,0.366634,0.4005,1.081304,0.653826,0.016281,0.28358,0.463207,0.353115,0.256929,0.424906,0.318165,1.2510381742360102,28.37,1124.1
exp-e69ad3be3e4c3fea,ablation,ablate:momentum,C1_moderate,CORE,lightgbm,n_estimators=400;num_leaves=31,F1,103517,38392,calibrated,0.357854,0.366634,0.4005,1.080171,0.653393,0.010008,0.28358,0.463207,0.353115,0.256929,0.424906,0.318165,1.2510381742360102,28.37,1124.1
exp-e69ad3be3e4c3fea,ablation,ablate:momentum,C1_moderate,CORE,lightgbm,n_estimators=400;num_leaves=31,F2,141909,38024,uncalibrated,0.363588,0.366549,0.433963,1.065303,0.642853,0.023323,0.205149,0.570292,0.324207,0.185514,0.52651,0.287976,1.0284074761399264,30.98,1124.1
exp-e69ad3be3e4c3fea,ablation,ablate:momentum,C1_moderate,CORE,lightgbm,n_estimators=400;num_leaves=31,F2,141909,38024,calibrated,0.363588,0.366549,0.433963,1.065485,0.643028,0.025299,0.205149,0.570292,0.324207,0.185514,0.52651,0.287976,1.0284074761399264,30.98,1124.1
exp-e69ad3be3e4c3fea,ablation,ablate:momentum,C1_moderate,CORE,lightgbm,n_estimators=400;num_leaves=31,F3,179933,39063,uncalibrated,0.359766,0.365037,0.427873,1.068235,0.644923,0.029799,0.277882,0.523759,0.293471,0.25633,0.484551,0.25912,0.9537937724488531,38.97,1124.1
exp-e69ad3be3e4c3fea,ablation,ablate:momentum,C1_moderate,CORE,lightgbm,n_estimators=400;num_leaves=31,F3,179933,39063,calibrated,0.359766,0.365037,0.427873,1.067931,0.644626,0.027121,0.277882,0.523759,0.293471,0.25633,0.484551,0.25912,0.9537937724488531,38.97,1124.1
exp-e69ad3be3e4c3fea,ablation,ablate:momentum,C1_moderate,CORE,lightgbm,n_estimators=400;num_leaves=31,F4,218996,39063,uncalibrated,0.360028,0.36668,0.419271,1.074185,0.649005,0.024631,0.313365,0.503056,0.283619,0.284592,0.46146,0.253949,0.8663700725784311,42.7,1124.1
exp-e69ad3be3e4c3fea,ablation,ablate:momentum,C1_moderate,CORE,lightgbm,n_estimators=400;num_leaves=31,F4,218996,39063,calibrated,0.360028,0.36668,0.419271,1.074381,0.648802,0.018208,0.313365,0.503056,0.283619,0.284592,0.46146,0.253949,0.8663700725784311,42.7,1124.1
exp-e69ad3be3e4c3fea,ablation,ablate:momentum,C1_moderate,CORE,lightgbm,n_estimators=400;num_leaves=31,F5,258059,38741,uncalibrated,0.358382,0.36593,0.397744,1.082793,0.654685,0.015867,0.314902,0.459136,0.323753,0.291397,0.418962,0.289641,0.9421445785774599,47.67,1124.1
exp-e69ad3be3e4c3fea,ablation,ablate:momentum,C1_moderate,CORE,lightgbm,n_estimators=400;num_leaves=31,F5,258059,38741,calibrated,0.358382,0.36593,0.397744,1.0832,0.654811,0.014953,0.314902,0.459136,0.323753,0.291397,0.418962,0.289641,0.9421445785774599,47.67,1124.1
exp-e8018bfe8d98a8b4,model,,C0_spread_only,CORE,logistic,C=1.0;class_weight=balanced,F1,103517,38392,uncalibrated,0.371019,0.37209,0.410997,1.08121,0.653531,0.032294,0.29982,0.514974,0.301475,0.272062,0.463638,0.2643,0.9466320261839276,15.37,610.8
exp-e8018bfe8d98a8b4,model,,C0_spread_only,CORE,logistic,C=1.0;class_weight=balanced,F1,103517,38392,calibrated,0.371019,0.37209,0.410997,1.080992,0.653251,0.030302,0.29982,0.514974,0.301475,0.272062,0.463638,0.2643,0.9466320261839276,15.37,610.8
exp-e8018bfe8d98a8b4,model,,C0_spread_only,CORE,logistic,C=1.0;class_weight=balanced,F2,141909,38024,uncalibrated,0.37502,0.375168,0.418157,1.078698,0.652013,0.03657,0.279005,0.548117,0.298382,0.245766,0.492952,0.261282,0.9254994193806705,21.55,610.8
exp-e8018bfe8d98a8b4,model,,C0_spread_only,CORE,logistic,C=1.0;class_weight=balanced,F2,141909,38024,calibrated,0.37502,0.375168,0.418157,1.078321,0.651609,0.032822,0.279005,0.548117,0.298382,0.245766,0.492952,0.261282,0.9254994193806705,21.55,610.8
exp-e8018bfe8d98a8b4,model,,C0_spread_only,CORE,logistic,C=1.0;class_weight=balanced,F3,179933,39063,uncalibrated,0.361788,0.367822,0.392904,1.087179,0.657676,0.023038,0.308647,0.451475,0.343344,0.284976,0.405576,0.309449,0.9887777860705033,22.02,704.4
exp-e8018bfe8d98a8b4,model,,C0_spread_only,CORE,logistic,C=1.0;class_weight=balanced,F3,179933,39063,calibrated,0.361788,0.367822,0.392904,1.087189,0.657661,0.022777,0.308647,0.451475,0.343344,0.284976,0.405576,0.309449,0.9887777860705033,22.02,704.4
exp-e8018bfe8d98a8b4,model,,C0_spread_only,CORE,logistic,C=1.0;class_weight=balanced,F4,218996,39063,uncalibrated,0.366666,0.372238,0.400123,1.086489,0.657035,0.027399,0.309971,0.463815,0.342926,0.280316,0.413256,0.306428,1.0114830916194635,30.67,704.4
exp-e8018bfe8d98a8b4,model,,C0_spread_only,CORE,logistic,C=1.0;class_weight=balanced,F4,218996,39063,calibrated,0.366666,0.372238,0.400123,1.086484,0.657055,0.027874,0.309971,0.463815,0.342926,0.280316,0.413256,0.306428,1.0114830916194635,30.67,704.4
exp-e8018bfe8d98a8b4,model,,C0_spread_only,CORE,logistic,C=1.0;class_weight=balanced,F5,258059,38741,uncalibrated,0.354271,0.366164,0.367621,1.097647,0.664256,0.015043,0.311499,0.373851,0.413142,0.293539,0.327921,0.37854,1.1160140263164209,42.19,920.1
exp-e8018bfe8d98a8b4,model,,C0_spread_only,CORE,logistic,C=1.0;class_weight=balanced,F5,258059,38741,calibrated,0.354271,0.366164,0.367621,1.096478,0.663772,0.01487,0.311499,0.373851,0.413142,0.293539,0.327921,0.37854,1.1160140263164209,42.19,920.1
exp-ec1f42f433e78c1a,model,,C1_moderate,CONDITIONAL,lightgbm,n_estimators=150;num_leaves=31,F1,103517,38392,uncalibrated,0.347118,0.370981,0.389873,1.088455,0.658459,0.011891,0.185299,0.428199,0.499445,0.166467,0.385523,0.44801,1.2299049799094015,32.79,748.7
exp-ec1f42f433e78c1a,model,,C1_moderate,CONDITIONAL,lightgbm,n_estimators=150;num_leaves=31,F1,103517,38392,calibrated,0.347118,0.370981,0.389873,1.087354,0.658078,0.01162,0.185299,0.428199,0.499445,0.166467,0.385523,0.44801,1.2299049799094015,32.79,748.7
exp-ec1f42f433e78c1a,model,,C1_moderate,CONDITIONAL,lightgbm,n_estimators=150;num_leaves=31,F2,141909,38024,uncalibrated,0.352785,0.377486,0.416132,1.075379,0.649968,0.02354,0.12733,0.497442,0.507685,0.106538,0.44677,0.446692,1.094009244666304,41.16,748.7
exp-ec1f42f433e78c1a,model,,C1_moderate,CONDITIONAL,lightgbm,n_estimators=150;num_leaves=31,F2,141909,38024,calibrated,0.352785,0.377486,0.416132,1.075874,0.650411,0.028231,0.12733,0.497442,0.507685,0.106538,0.44677,0.446692,1.094009244666304,41.16,748.7
exp-ec1f42f433e78c1a,model,,C1_moderate,CONDITIONAL,lightgbm,n_estimators=150;num_leaves=31,F3,179933,39063,uncalibrated,0.319248,0.36278,0.329033,1.109663,0.672368,0.061923,0.402679,0.277647,0.408016,0.389678,0.24248,0.367842,1.9436880969409167,49.37,748.7
exp-ec1f42f433e78c1a,model,,C1_moderate,CONDITIONAL,lightgbm,n_estimators=150;num_leaves=31,F3,179933,39063,calibrated,0.319248,0.36278,0.329033,1.099673,0.666675,0.048617,0.402679,0.277647,0.408016,0.389678,0.24248,0.367842,1.9436880969409167,49.37,748.7
exp-ec1f42f433e78c1a,model,,C1_moderate,CONDITIONAL,lightgbm,n_estimators=150;num_leaves=31,F4,218996,39063,uncalibrated,0.358255,0.367589,0.409364,1.081426,0.653591,0.025643,0.319532,0.475879,0.307358,0.289635,0.432148,0.278217,2.511161032055732,57.33,823.3
exp-ec1f42f433e78c1a,model,,C1_moderate,CONDITIONAL,lightgbm,n_estimators=150;num_leaves=31,F4,218996,39063,calibrated,0.358255,0.367589,0.409364,1.086875,0.658239,0.05467,0.319532,0.475879,0.307358,0.289635,0.432148,0.278217,2.511161032055732,57.33,823.3
exp-ec1f42f433e78c1a,model,,C1_moderate,CONDITIONAL,lightgbm,n_estimators=150;num_leaves=31,F5,258059,38741,uncalibrated,0.366371,0.37148,0.413696,1.07912,0.652242,0.0356,0.31559,0.49478,0.30407,0.283756,0.445858,0.270385,0.9249844776259296,66.71,893.5
exp-ec1f42f433e78c1a,model,,C1_moderate,CONDITIONAL,lightgbm,n_estimators=150;num_leaves=31,F5,258059,38741,calibrated,0.366371,0.37148,0.413696,1.079003,0.651986,0.033058,0.31559,0.49478,0.30407,0.283756,0.445858,0.270385,0.9249844776259296,66.71,893.5
exp-efda4e60d65de7c2,model,,C2_pessimistic,REGIME,lightgbm,n_estimators=400;num_leaves=15,F1,103517,38392,uncalibrated,0.356744,0.376251,0.426912,1.074513,0.64786,0.019133,0.30022,0.482397,0.346136,0.263753,0.442384,0.293863,0.8529718327051031,57.25,969.1
exp-efda4e60d65de7c2,model,,C2_pessimistic,REGIME,lightgbm,n_estimators=400;num_leaves=15,F1,103517,38392,calibrated,0.356744,0.376251,0.426912,1.075687,0.647817,0.013763,0.30022,0.482397,0.346136,0.263753,0.442384,0.293863,0.8529718327051031,57.25,969.1
exp-efda4e60d65de7c2,model,,C2_pessimistic,REGIME,lightgbm,n_estimators=400;num_leaves=15,F2,141909,38024,uncalibrated,0.367932,0.376063,0.474726,1.048393,0.630248,0.062979,0.217126,0.584667,0.326395,0.181885,0.541658,0.276457,1.0048098350121164,73.03,969.1
exp-efda4e60d65de7c2,model,,C2_pessimistic,REGIME,lightgbm,n_estimators=400;num_leaves=15,F2,141909,38024,calibrated,0.367932,0.376063,0.474726,1.048502,0.630339,0.063348,0.217126,0.584667,0.326395,0.181885,0.541658,0.276457,1.0048098350121164,73.03,969.1
exp-efda4e60d65de7c2,model,,C2_pessimistic,REGIME,lightgbm,n_estimators=400;num_leaves=15,F3,179933,39063,uncalibrated,0.360653,0.37163,0.492103,1.047177,0.629389,0.087795,0.250376,0.591896,0.272618,0.219927,0.553926,0.226148,0.6873524283029049,88.11,969.1
exp-efda4e60d65de7c2,model,,C2_pessimistic,REGIME,lightgbm,n_estimators=400;num_leaves=15,F3,179933,39063,calibrated,0.360653,0.37163,0.492103,1.038814,0.621412,0.058217,0.250376,0.591896,0.272618,0.219927,0.553926,0.226148,0.6873524283029049,88.11,969.1
exp-efda4e60d65de7c2,model,,C2_pessimistic,REGIME,lightgbm,n_estimators=400;num_leaves=15,F4,218996,39063,uncalibrated,0.363886,0.378328,0.47216,1.059818,0.638003,0.070658,0.303385,0.557045,0.274554,0.258608,0.516371,0.225021,0.5718789623715895,103.42,969.1
exp-efda4e60d65de7c2,model,,C2_pessimistic,REGIME,lightgbm,n_estimators=400;num_leaves=15,F4,218996,39063,calibrated,0.363886,0.378328,0.47216,1.058482,0.63218,0.026025,0.303385,0.557045,0.274554,0.258608,0.516371,0.225021,0.5718789623715895,103.42,969.1
exp-efda4e60d65de7c2,model,,C2_pessimistic,REGIME,lightgbm,n_estimators=400;num_leaves=15,F5,258059,38741,uncalibrated,0.363561,0.375797,0.451537,1.07071,0.6453,0.05415,0.289671,0.534183,0.303536,0.253762,0.49072,0.255517,0.684065392800921,120.22,969.1
exp-efda4e60d65de7c2,model,,C2_pessimistic,REGIME,lightgbm,n_estimators=400;num_leaves=15,F5,258059,38741,calibrated,0.363561,0.375797,0.451537,1.071892,0.643307,0.027073,0.289671,0.534183,0.303536,0.253762,0.49072,0.255517,0.684065392800921,120.22,969.1
exp-f25ccef6c1f6c2da,model,,C1_moderate,REGIME,logistic,C=1.0;class_weight=None,F1,103517,38392,uncalibrated,0.254392,0.337703,0.56991,0.969731,0.574507,0.011349,0.004979,0.994188,0.013942,0.003386,0.988617,0.007996,0.8664670790917306,15.25,893.5
exp-f25ccef6c1f6c2da,model,,C1_moderate,REGIME,logistic,C=1.0;class_weight=None,F1,103517,38392,calibrated,0.254392,0.337703,0.56991,0.97364,0.577214,0.041832,0.004979,0.994188,0.013942,0.003386,0.988617,0.007996,0.8664670790917306,15.25,893.5
exp-f25ccef6c1f6c2da,model,,C1_moderate,REGIME,logistic,C=1.0;class_weight=None,F2,141909,38024,uncalibrated,0.247011,0.336497,0.555991,0.986531,0.58665,0.042301,0.003262,0.996021,0.010207,0.001946,0.9924,0.005654,1.1383689666131682,22.98,893.5
exp-f25ccef6c1f6c2da,model,,C1_moderate,REGIME,logistic,C=1.0;class_weight=None,F2,141909,38024,calibrated,0.247011,0.336497,0.555991,0.983053,0.584159,0.013126,0.003262,0.996021,0.010207,0.001946,0.9924,0.005654,1.1383689666131682,22.98,893.5
exp-f25ccef6c1f6c2da,model,,C1_moderate,REGIME,logistic,C=1.0;class_weight=None,F3,179933,39063,uncalibrated,0.257921,0.336016,0.597061,0.942417,0.554727,0.015764,0.002503,0.994944,0.010601,0.002355,0.991424,0.006221,1.1214387055770494,26.34,893.5
exp-f25ccef6c1f6c2da,model,,C1_moderate,REGIME,logistic,C=1.0;class_weight=None,F3,179933,39063,calibrated,0.257921,0.336016,0.597061,0.945654,0.557044,0.041507,0.002503,0.994944,0.010601,0.002355,0.991424,0.006221,1.1214387055770494,26.34,893.5
exp-f25ccef6c1f6c2da,model,,C1_moderate,REGIME,logistic,C=1.0;class_weight=None,F4,218996,39063,uncalibrated,0.258676,0.337324,0.591199,0.947948,0.558894,0.01682,0.003901,0.995145,0.012926,0.002483,0.990887,0.00663,0.9403066937034067,33.6,893.5
exp-f25ccef6c1f6c2da,model,,C1_moderate,REGIME,logistic,C=1.0;class_weight=None,F4,218996,39063,calibrated,0.258676,0.337324,0.591199,0.947362,0.558501,0.007509,0.003901,0.995145,0.012926,0.002483,0.990887,0.00663,0.9403066937034067,33.6,893.5
exp-f25ccef6c1f6c2da,model,,C1_moderate,REGIME,logistic,C=1.0;class_weight=None,F5,258059,38741,uncalibrated,0.251641,0.33697,0.561034,0.978303,0.580796,0.009198,0.004474,0.992549,0.013887,0.003227,0.987171,0.009602,0.9164444159141355,40.55,893.5
exp-f25ccef6c1f6c2da,model,,C1_moderate,REGIME,logistic,C=1.0;class_weight=None,F5,258059,38741,calibrated,0.251641,0.33697,0.561034,0.979672,0.581767,0.025665,0.004474,0.992549,0.013887,0.003227,0.987171,0.009602,0.9164444159141355,40.55,893.5
exp-fbc0e84e14e986cf,model,,C0_spread_only,REGIME,logistic,C=0.1;class_weight=None,F1,103517,38392,uncalibrated,0.244105,0.339144,0.516618,1.017069,0.608743,0.020312,0.008026,0.990945,0.01846,0.005782,0.982679,0.011539,0.8703157196353266,15.09,940.4
exp-fbc0e84e14e986cf,model,,C0_spread_only,REGIME,logistic,C=0.1;class_weight=None,F1,103517,38392,calibrated,0.244105,0.339144,0.516618,1.021789,0.612085,0.050084,0.008026,0.990945,0.01846,0.005782,0.982679,0.011539,0.8703157196353266,15.09,940.4
exp-fbc0e84e14e986cf,model,,C0_spread_only,REGIME,logistic,C=0.1;class_weight=None,F2,141909,38024,uncalibrated,0.234257,0.3373,0.500605,1.032748,0.620023,0.049053,0.005391,0.993416,0.013093,0.00334,0.988455,0.008205,1.2137792121614492,22.07,940.4
exp-fbc0e84e14e986cf,model,,C0_spread_only,REGIME,logistic,C=0.1;class_weight=None,F2,141909,38024,calibrated,0.234257,0.3373,0.500605,1.028128,0.616666,0.013515,0.005391,0.993416,0.013093,0.00334,0.988455,0.008205,1.2137792121614492,22.07,940.4
exp-fbc0e84e14e986cf,model,,C0_spread_only,REGIME,logistic,C=0.1;class_weight=None,F3,179933,39063,uncalibrated,0.246504,0.338138,0.535596,1.001485,0.597513,0.009441,0.007881,0.992863,0.013671,0.005222,0.986611,0.008166,1.169764881526529,26.77,940.4
exp-fbc0e84e14e986cf,model,,C0_spread_only,REGIME,logistic,C=0.1;class_weight=None,F3,179933,39063,calibrated,0.246504,0.338138,0.535596,1.004135,0.599421,0.034981,0.007881,0.992863,0.013671,0.005222,0.986611,0.008166,1.169764881526529,26.77,940.4
exp-fbc0e84e14e986cf,model,,C0_spread_only,REGIME,logistic,C=0.1;class_weight=None,F4,218996,39063,uncalibrated,0.250052,0.339273,0.537824,0.998599,0.595511,0.016784,0.009839,0.991551,0.01643,0.006144,0.984179,0.009677,0.9438046949227231,34.52,940.4
exp-fbc0e84e14e986cf,model,,C0_spread_only,REGIME,logistic,C=0.1;class_weight=None,F4,218996,39063,calibrated,0.250052,0.339273,0.537824,0.998033,0.595125,0.006315,0.009839,0.991551,0.01643,0.006144,0.984179,0.009677,0.9438046949227231,34.52,940.4
exp-fbc0e84e14e986cf,model,,C0_spread_only,REGIME,logistic,C=0.1;class_weight=None,F5,258059,38741,uncalibrated,0.242227,0.338301,0.508479,1.022851,0.612923,0.009135,0.007803,0.987454,0.019648,0.005808,0.980176,0.014016,0.9172606065910323,38.5,943.0
exp-fbc0e84e14e986cf,model,,C0_spread_only,REGIME,logistic,C=0.1;class_weight=None,F5,258059,38741,calibrated,0.242227,0.338301,0.508479,1.023797,0.613593,0.021315,0.007803,0.987454,0.019648,0.005808,0.980176,0.014016,0.9172606065910323,38.5,943.0
exp-fef022e03a736b1b,model,,C2_pessimistic,REGIME,logistic,C=0.01;class_weight=None,F1,103517,38392,uncalibrated,0.274202,0.337586,0.652922,0.872264,0.504333,0.014426,0.004115,0.996248,0.012395,0.002266,0.99229,0.005444,0.8907317200044856,15.11,969.1
exp-fef022e03a736b1b,model,,C2_pessimistic,REGIME,logistic,C=0.01;class_weight=None,F1,103517,38392,calibrated,0.274202,0.337586,0.652922,0.875639,0.506427,0.035992,0.004115,0.996248,0.012395,0.002266,0.99229,0.005444,0.8907317200044856,15.11,969.1
exp-fef022e03a736b1b,model,,C2_pessimistic,REGIME,logistic,C=0.01;class_weight=None,F2,141909,38024,uncalibrated,0.268821,0.335884,0.649511,0.878516,0.508685,0.028351,0.002085,0.998177,0.007391,0.000894,0.995634,0.003471,1.083042876995965,22.79,969.1
exp-fef022e03a736b1b,model,,C2_pessimistic,REGIME,logistic,C=0.01;class_weight=None,F2,141909,38024,calibrated,0.268821,0.335884,0.649511,0.876634,0.507482,0.009323,0.002085,0.998177,0.007391,0.000894,0.995634,0.003471,1.083042876995965,22.79,969.1
exp-fef022e03a736b1b,model,,C2_pessimistic,REGIME,logistic,C=0.01;class_weight=None,F3,179933,39063,uncalibrated,0.279828,0.335476,0.697821,0.811176,0.460518,0.026949,0.002509,0.997726,0.006192,0.001178,0.995827,0.002995,1.0611929613735795,28.11,969.1
exp-fef022e03a736b1b,model,,C2_pessimistic,REGIME,logistic,C=0.01;class_weight=None,F3,179933,39063,calibrated,0.279828,0.335476,0.697821,0.814061,0.462404,0.044418,0.002509,0.997726,0.006192,0.001178,0.995827,0.002995,1.0611929613735795,28.11,969.1
exp-fef022e03a736b1b,model,,C2_pessimistic,REGIME,logistic,C=0.01;class_weight=None,F4,218996,39063,uncalibrated,0.277416,0.335993,0.683588,0.830579,0.474597,0.023552,0.001953,0.997828,0.008198,0.001152,0.995674,0.003174,0.9126542302513636,37.01,969.1
exp-fef022e03a736b1b,model,,C2_pessimistic,REGIME,logistic,C=0.01;class_weight=None,F4,218996,39063,calibrated,0.277416,0.335993,0.683588,0.829416,0.473822,0.00882,0.001953,0.997828,0.008198,0.001152,0.995674,0.003174,0.9126542302513636,37.01,969.1
exp-fef022e03a736b1b,model,,C2_pessimistic,REGIME,logistic,C=0.01;class_weight=None,F5,258059,38741,uncalibrated,0.271356,0.335991,0.651635,0.87414,0.505703,0.009989,0.003606,0.99549,0.008878,0.002142,0.992385,0.005472,0.9166245681456163,40.68,969.1
exp-fef022e03a736b1b,model,,C2_pessimistic,REGIME,logistic,C=0.01;class_weight=None,F5,258059,38741,calibrated,0.271356,0.335991,0.651635,0.876349,0.507068,0.030396,0.003606,0.99549,0.008878,0.002142,0.992385,0.005472,0.9166245681456163,40.68,969.1
